WEEK_END_DATE,DOY,YEAR,FMP_AREA,SPECIES_GROUP_CODE,SUM_WEIGHT_POSTED,CUMM_CATCH
1-Jan-11,0,2011,GOA,PCOD,811.0827208,811.0827208
8-Jan-11,7,2011,GOA,PCOD,4443.589982,5254.672703
15-Jan-11,14,2011,GOA,PCOD,4726.988171,9981.660874
22-Jan-11,21,2011,GOA,PCOD,7668.528793,17650.18967
29-Jan-11,28,2011,GOA,PCOD,7407.972781,25058.16245
5-Feb-11,34,2011,GOA,PCOD,3862.09927,28920.26172
12-Feb-11,41,2011,GOA,PCOD,5483.43374,34403.69546
19-Feb-11,48,2011,GOA,PCOD,3285.805942,37689.5014
26-Feb-11,55,2011,GOA,PCOD,1451.12214,39140.62354
5-Mar-11,64,2011,GOA,PCOD,4913.473409,44054.09695
12-Mar-11,71,2011,GOA,PCOD,5877.418886,49931.51583
19-Mar-11,78,2011,GOA,PCOD,2301.176721,52232.69255
26-Mar-11,85,2011,GOA,PCOD,1064.666867,53297.35942
2-Apr-11,91,2011,GOA,PCOD,852.1354938,54149.49492
9-Apr-11,98,2011,GOA,PCOD,509.0112827,54658.5062
16-Apr-11,105,2011,GOA,PCOD,1051.301027,55709.80722
23-Apr-11,112,2011,GOA,PCOD,404.8377328,56114.64496
30-Apr-11,119,2011,GOA,PCOD,227.2411385,56341.8861
7-May-11,126,2011,GOA,PCOD,210.6064418,56552.49254
14-May-11,133,2011,GOA,PCOD,95.76658072,56648.25912
21-May-11,140,2011,GOA,PCOD,170.3981527,56818.65727
28-May-11,147,2011,GOA,PCOD,149.3739136,56968.03118
4-Jun-11,153,2011,GOA,PCOD,77.93433535,57045.96552
11-Jun-11,160,2011,GOA,PCOD,58.60097042,57104.56649
18-Jun-11,167,2011,GOA,PCOD,501.8095938,57606.37608
25-Jun-11,174,2011,GOA,PCOD,233.8446981,57840.22078
2-Jul-11,181,2011,GOA,PCOD,123.391019,57963.6118
9-Jul-11,188,2011,GOA,PCOD,500.0188579,58463.63066
16-Jul-11,195,2011,GOA,PCOD,124.0977682,58587.72843
23-Jul-11,202,2011,GOA,PCOD,106.0112188,58693.73965
30-Jul-11,209,2011,GOA,PCOD,56.76452298,58750.50417
6-Aug-11,215,2011,GOA,PCOD,243.7648497,58994.26902
13-Aug-11,222,2011,GOA,PCOD,278.6523649,59272.92138
20-Aug-11,229,2011,GOA,PCOD,212.2940983,59485.21548
27-Aug-11,236,2011,GOA,PCOD,199.0624674,59684.27795
3-Sep-11,242,2011,GOA,PCOD,1342.672484,61026.95043
10-Sep-11,249,2011,GOA,PCOD,3344.094156,64371.04459
17-Sep-11,256,2011,GOA,PCOD,3210.469272,67581.51386
24-Sep-11,263,2011,GOA,PCOD,3127.728551,70709.24241
1-Oct-11,270,2011,GOA,PCOD,3903.742259,74612.98467
8-Oct-11,277,2011,GOA,PCOD,4220.868696,78833.85337
15-Oct-11,284,2011,GOA,PCOD,903.9453366,79737.7987
22-Oct-11,291,2011,GOA,PCOD,931.2018261,80669.00053
29-Oct-11,298,2011,GOA,PCOD,291.8846481,80960.88518
5-Nov-11,304,2011,GOA,PCOD,120.6000842,81081.48526
12-Nov-11,311,2011,GOA,PCOD,111.5515697,81193.03683
19-Nov-11,318,2011,GOA,PCOD,61.42434045,81254.46117
26-Nov-11,325,2011,GOA,PCOD,275.8232627,81530.28444
3-Dec-11,332,2011,GOA,PCOD,289.269683,81819.55412
10-Dec-11,339,2011,GOA,PCOD,246.6342411,82066.18836
17-Dec-11,346,2011,GOA,PCOD,285.1606109,82351.34897
24-Dec-11,353,2011,GOA,PCOD,216.4443841,82567.79336
31-Dec-11,360,2011,GOA,PCOD,1915.985047,84483.7784
7-Jan-12,6,2012,GOA,PCOD,3196.86568,3196.86568
14-Jan-12,13,2012,GOA,PCOD,2773.087552,5969.953233
21-Jan-12,20,2012,GOA,PCOD,4405.932568,10375.8858
28-Jan-12,27,2012,GOA,PCOD,4327.856415,14703.74222
4-Feb-12,33,2012,GOA,PCOD,3717.269207,18421.01142
11-Feb-12,40,2012,GOA,PCOD,4153.579629,22574.59105
18-Feb-12,47,2012,GOA,PCOD,4253.344623,26827.93567
25-Feb-12,54,2012,GOA,PCOD,5331.72527,32159.66094
3-Mar-12,62,2012,GOA,PCOD,3094.778388,35254.43933
10-Mar-12,69,2012,GOA,PCOD,4292.450129,39546.88946
17-Mar-12,76,2012,GOA,PCOD,6373.305837,45920.1953
24-Mar-12,83,2012,GOA,PCOD,6757.108377,52677.30367
31-Mar-12,90,2012,GOA,PCOD,2812.685895,55489.98957
7-Apr-12,96,2012,GOA,PCOD,1349.681332,56839.6709
14-Apr-12,103,2012,GOA,PCOD,496.1089443,57335.77985
21-Apr-12,110,2012,GOA,PCOD,678.7120777,58014.49192
28-Apr-12,117,2012,GOA,PCOD,688.4528129,58702.94474
5-May-12,124,2012,GOA,PCOD,626.0891823,59329.03392
12-May-12,131,2012,GOA,PCOD,374.4034475,59703.43737
19-May-12,138,2012,GOA,PCOD,317.5419218,60020.97929
26-May-12,145,2012,GOA,PCOD,168.9425,60189.92179
2-Jun-12,151,2012,GOA,PCOD,41.49475981,60231.41655
9-Jun-12,158,2012,GOA,PCOD,101.1049077,60332.52146
16-Jun-12,165,2012,GOA,PCOD,125.042256,60457.56371
23-Jun-12,172,2012,GOA,PCOD,73.87257824,60531.43629
30-Jun-12,179,2012,GOA,PCOD,24.02516194,60555.46145
7-Jul-12,186,2012,GOA,PCOD,552.0385217,61107.49997
14-Jul-12,193,2012,GOA,PCOD,148.5547083,61256.05468
21-Jul-12,200,2012,GOA,PCOD,162.5774876,61418.63217
28-Jul-12,207,2012,GOA,PCOD,162.7416843,61581.37385
4-Aug-12,213,2012,GOA,PCOD,85.80171429,61667.17557
11-Aug-12,220,2012,GOA,PCOD,89.40149806,61756.57707
18-Aug-12,227,2012,GOA,PCOD,47.72167101,61804.29874
25-Aug-12,234,2012,GOA,PCOD,80.87713003,61885.17587
1-Sep-12,240,2012,GOA,PCOD,773.6200872,62658.79595
8-Sep-12,247,2012,GOA,PCOD,1432.113772,64090.90973
15-Sep-12,254,2012,GOA,PCOD,1335.480537,65426.39026
22-Sep-12,261,2012,GOA,PCOD,1138.287988,66564.67825
29-Sep-12,268,2012,GOA,PCOD,1693.878977,68258.55723
6-Oct-12,275,2012,GOA,PCOD,1386.645701,69645.20293
13-Oct-12,282,2012,GOA,PCOD,1472.911294,71118.11422
20-Oct-12,289,2012,GOA,PCOD,1332.583238,72450.69746
27-Oct-12,296,2012,GOA,PCOD,671.5844142,73122.28188
3-Nov-12,302,2012,GOA,PCOD,511.7332364,73634.01511
10-Nov-12,309,2012,GOA,PCOD,642.9015586,74276.91667
17-Nov-12,316,2012,GOA,PCOD,705.0980608,74982.01473
24-Nov-12,323,2012,GOA,PCOD,258.9705326,75240.98526
1-Dec-12,330,2012,GOA,PCOD,500.2554144,75741.24068
8-Dec-12,337,2012,GOA,PCOD,462.0148741,76203.25555
15-Dec-12,344,2012,GOA,PCOD,481.7714613,76685.02701
22-Dec-12,351,2012,GOA,PCOD,160.9385083,76845.96552
29-Dec-12,358,2012,GOA,PCOD,359.5559656,77205.52149
31-Dec-12,360,2012,GOA,PCOD,5.466250908,77210.98774
5-Jan-13,4,2013,GOA,PCOD,918.2647848,918.2647848
12-Jan-13,11,2013,GOA,PCOD,2160.302963,3078.567748
19-Jan-13,18,2013,GOA,PCOD,2352.301618,5430.869366
26-Jan-13,25,2013,GOA,PCOD,4853.862836,10284.7322
2-Feb-13,31,2013,GOA,PCOD,3113.847074,13398.57928
9-Feb-13,38,2013,GOA,PCOD,3625.70008,17024.27936
16-Feb-13,45,2013,GOA,PCOD,1791.482131,18815.76149
23-Feb-13,52,2013,GOA,PCOD,1536.423346,20352.18483
2-Mar-13,61,2013,GOA,PCOD,3016.901371,23369.0862
9-Mar-13,68,2013,GOA,PCOD,2656.611901,26025.6981
16-Mar-13,75,2013,GOA,PCOD,7653.59827,33679.29637
23-Mar-13,82,2013,GOA,PCOD,10199.33716,43878.63354
30-Mar-13,89,2013,GOA,PCOD,2320.926934,46199.56047
6-Apr-13,95,2013,GOA,PCOD,750.3373374,46949.89781
13-Apr-13,102,2013,GOA,PCOD,555.2438215,47505.14163
20-Apr-13,109,2013,GOA,PCOD,767.410495,48272.55213
27-Apr-13,116,2013,GOA,PCOD,312.6141287,48585.16625
4-May-13,123,2013,GOA,PCOD,477.4790387,49062.64529
11-May-13,130,2013,GOA,PCOD,255.9693564,49318.61465
18-May-13,137,2013,GOA,PCOD,151.2916325,49469.90628
25-May-13,144,2013,GOA,PCOD,435.7560562,49905.66234
1-Jun-13,150,2013,GOA,PCOD,311.0615249,50216.72386
8-Jun-13,157,2013,GOA,PCOD,115.9865787,50332.71044
15-Jun-13,164,2013,GOA,PCOD,156.1386791,50488.84912
22-Jun-13,171,2013,GOA,PCOD,236.1028042,50724.95192
29-Jun-13,178,2013,GOA,PCOD,323.2334745,51048.1854
6-Jul-13,185,2013,GOA,PCOD,314.556041,51362.74144
13-Jul-13,192,2013,GOA,PCOD,381.0830343,51743.82447
20-Jul-13,199,2013,GOA,PCOD,329.818149,52073.64262
27-Jul-13,206,2013,GOA,PCOD,472.9676374,52546.61026
3-Aug-13,212,2013,GOA,PCOD,342.3881667,52888.99843
10-Aug-13,219,2013,GOA,PCOD,355.0899998,53244.08843
17-Aug-13,226,2013,GOA,PCOD,195.2391534,53439.32758
24-Aug-13,233,2013,GOA,PCOD,163.1925686,53602.52015
31-Aug-13,240,2013,GOA,PCOD,92.06534436,53694.58549
7-Sep-13,246,2013,GOA,PCOD,2104.569468,55799.15496
14-Sep-13,253,2013,GOA,PCOD,1401.514318,57200.66928
21-Sep-13,260,2013,GOA,PCOD,1027.804247,58228.47353
28-Sep-13,267,2013,GOA,PCOD,673.9324614,58902.40599
5-Oct-13,274,2013,GOA,PCOD,593.2301023,59495.63609
12-Oct-13,281,2013,GOA,PCOD,526.0405372,60021.67663
19-Oct-13,288,2013,GOA,PCOD,669.33052,60691.00715
26-Oct-13,295,2013,GOA,PCOD,783.3928939,61474.40004
2-Nov-13,301,2013,GOA,PCOD,556.0446275,62030.44467
9-Nov-13,308,2013,GOA,PCOD,824.5480839,62854.99275
16-Nov-13,315,2013,GOA,PCOD,861.481297,63716.47405
23-Nov-13,322,2013,GOA,PCOD,956.5242694,64672.99832
30-Nov-13,329,2013,GOA,PCOD,687.5648515,65360.56317
7-Dec-13,336,2013,GOA,PCOD,622.9046215,65983.46779
14-Dec-13,343,2013,GOA,PCOD,389.7461625,66373.21396
21-Dec-13,350,2013,GOA,PCOD,344.5098534,66717.72381
28-Dec-13,357,2013,GOA,PCOD,491.1571895,67208.881
31-Dec-13,360,2013,GOA,PCOD,189.5082946,67398.38929
4-Jan-14,3,2014,GOA,PCOD,646.4304046,646.4304046
11-Jan-14,10,2014,GOA,PCOD,2700.26081,3346.691214
18-Jan-14,17,2014,GOA,PCOD,2486.004543,5832.695757
25-Jan-14,24,2014,GOA,PCOD,2756.858386,8589.554143
1-Feb-14,30,2014,GOA,PCOD,3691.090267,12280.64441
8-Feb-14,37,2014,GOA,PCOD,3634.720944,15915.36535
15-Feb-14,44,2014,GOA,PCOD,3511.90047,19427.26582
22-Feb-14,51,2014,GOA,PCOD,4416.289675,23843.5555
1-Mar-14,60,2014,GOA,PCOD,3889.93349,27733.48899
8-Mar-14,67,2014,GOA,PCOD,6688.156388,34421.64538
15-Mar-14,74,2014,GOA,PCOD,6135.699066,40557.34444
22-Mar-14,81,2014,GOA,PCOD,6244.741465,46802.08591
29-Mar-14,88,2014,GOA,PCOD,4313.797025,51115.88293
5-Apr-14,94,2014,GOA,PCOD,2949.372496,54065.25543
12-Apr-14,101,2014,GOA,PCOD,461.2256587,54526.48109
19-Apr-14,108,2014,GOA,PCOD,524.0106694,55050.49176
26-Apr-14,115,2014,GOA,PCOD,512.0594847,55562.55124
3-May-14,122,2014,GOA,PCOD,1074.108256,56636.6595
10-May-14,129,2014,GOA,PCOD,976.3429337,57613.00243
17-May-14,136,2014,GOA,PCOD,655.4184746,58268.4209
24-May-14,143,2014,GOA,PCOD,264.0056447,58532.42655
31-May-14,150,2014,GOA,PCOD,177.82817,58710.25472
7-Jun-14,156,2014,GOA,PCOD,393.9066062,59104.16133
14-Jun-14,163,2014,GOA,PCOD,221.532953,59325.69428
21-Jun-14,170,2014,GOA,PCOD,401.0232881,59726.71757
28-Jun-14,177,2014,GOA,PCOD,291.2860489,60018.00362
5-Jul-14,184,2014,GOA,PCOD,325.0857128,60343.08933
12-Jul-14,191,2014,GOA,PCOD,253.1804079,60596.26974
19-Jul-14,198,2014,GOA,PCOD,338.6173596,60934.8871
26-Jul-14,205,2014,GOA,PCOD,558.4975776,61493.38467
2-Aug-14,211,2014,GOA,PCOD,554.6585901,62048.04326
9-Aug-14,218,2014,GOA,PCOD,642.4816003,62690.52486
16-Aug-14,225,2014,GOA,PCOD,478.6684213,63169.19329
23-Aug-14,232,2014,GOA,PCOD,503.4878883,63672.68117
30-Aug-14,239,2014,GOA,PCOD,611.6398727,64284.32105
6-Sep-14,245,2014,GOA,PCOD,2247.948774,66532.26982
13-Sep-14,252,2014,GOA,PCOD,1499.913613,68032.18343
20-Sep-14,259,2014,GOA,PCOD,2501.453343,70533.63678
27-Sep-14,266,2014,GOA,PCOD,2320.737192,72854.37397
4-Oct-14,273,2014,GOA,PCOD,1662.878416,74517.25238
11-Oct-14,280,2014,GOA,PCOD,1504.414597,76021.66698
18-Oct-14,287,2014,GOA,PCOD,1097.252907,77118.91989
25-Oct-14,294,2014,GOA,PCOD,1204.372271,78323.29216
1-Nov-14,300,2014,GOA,PCOD,1124.867703,79448.15986
8-Nov-14,307,2014,GOA,PCOD,1086.653159,80534.81302
15-Nov-14,314,2014,GOA,PCOD,435.2319015,80970.04492
22-Nov-14,321,2014,GOA,PCOD,341.1668343,81311.21176
29-Nov-14,328,2014,GOA,PCOD,604.2686314,81915.48039
6-Dec-14,335,2014,GOA,PCOD,602.8876477,82518.36803
13-Dec-14,342,2014,GOA,PCOD,712.3465769,83230.71461
20-Dec-14,349,2014,GOA,PCOD,382.9083116,83613.62292
27-Dec-14,356,2014,GOA,PCOD,74.9963615,83688.61928
31-Dec-14,360,2014,GOA,PCOD,131.5958983,83820.21518
3-Jan-15,2,2015,GOA,PCOD,958.5311594,958.5311594
10-Jan-15,9,2015,GOA,PCOD,2653.288214,3611.819373
17-Jan-15,16,2015,GOA,PCOD,3046.2095,6658.028873
24-Jan-15,23,2015,GOA,PCOD,2969.164847,9627.19372
31-Jan-15,30,2015,GOA,PCOD,2917.843545,12545.03727
7-Feb-15,36,2015,GOA,PCOD,4410.976403,16956.01367
14-Feb-15,43,2015,GOA,PCOD,4986.599375,21942.61304
21-Feb-15,50,2015,GOA,PCOD,2308.925141,24251.53818
28-Feb-15,57,2015,GOA,PCOD,4590.476475,28842.01466
7-Mar-15,66,2015,GOA,PCOD,7613.503583,36455.51824
14-Mar-15,73,2015,GOA,PCOD,5858.019648,42313.53789
21-Mar-15,80,2015,GOA,PCOD,7654.060423,49967.59831
28-Mar-15,87,2015,GOA,PCOD,5032.189782,54999.7881
4-Apr-15,93,2015,GOA,PCOD,2528.512451,57528.30055
11-Apr-15,100,2015,GOA,PCOD,580.2542051,58108.55475
18-Apr-15,107,2015,GOA,PCOD,791.4421874,58899.99694
25-Apr-15,114,2015,GOA,PCOD,420.7132282,59320.71017
2-May-15,121,2015,GOA,PCOD,787.5552352,60108.2654
9-May-15,128,2015,GOA,PCOD,541.3100569,60649.57546
16-May-15,135,2015,GOA,PCOD,328.9736139,60978.54907
23-May-15,142,2015,GOA,PCOD,190.4230483,61168.97212
30-May-15,149,2015,GOA,PCOD,220.6622524,61389.63437
6-Jun-15,155,2015,GOA,PCOD,104.4526521,61494.08703
13-Jun-15,162,2015,GOA,PCOD,171.0522077,61665.13923
20-Jun-15,169,2015,GOA,PCOD,235.5174155,61900.65665
27-Jun-15,176,2015,GOA,PCOD,163.7133478,62064.37
4-Jul-15,183,2015,GOA,PCOD,90.08378791,62154.45378
11-Jul-15,190,2015,GOA,PCOD,123.4030833,62277.85687
18-Jul-15,197,2015,GOA,PCOD,110.3664763,62388.22334
25-Jul-15,204,2015,GOA,PCOD,149.6593757,62537.88272
1-Aug-15,210,2015,GOA,PCOD,138.0701355,62675.95285
8-Aug-15,217,2015,GOA,PCOD,122.7645286,62798.71738
15-Aug-15,224,2015,GOA,PCOD,143.8609851,62942.57837
22-Aug-15,231,2015,GOA,PCOD,124.2371168,63066.81549
29-Aug-15,238,2015,GOA,PCOD,234.0817582,63300.89724
5-Sep-15,244,2015,GOA,PCOD,1739.351042,65040.24829
12-Sep-15,251,2015,GOA,PCOD,1163.830493,66204.07878
19-Sep-15,258,2015,GOA,PCOD,1110.834208,67314.91299
26-Sep-15,265,2015,GOA,PCOD,1039.252677,68354.16566
3-Oct-15,272,2015,GOA,PCOD,1036.809493,69390.97516
10-Oct-15,279,2015,GOA,PCOD,962.9371036,70353.91226
17-Oct-15,286,2015,GOA,PCOD,969.4200609,71323.33232
24-Oct-15,293,2015,GOA,PCOD,1009.45498,72332.7873
31-Oct-15,300,2015,GOA,PCOD,979.7696116,73312.55691
7-Nov-15,306,2015,GOA,PCOD,927.5760937,74240.13301
14-Nov-15,313,2015,GOA,PCOD,738.689626,74978.82263
21-Nov-15,320,2015,GOA,PCOD,418.2841954,75397.10683
28-Nov-15,327,2015,GOA,PCOD,513.7512588,75910.85809
5-Dec-15,334,2015,GOA,PCOD,759.8383152,76670.6964
12-Dec-15,341,2015,GOA,PCOD,580.8950343,77251.59144
19-Dec-15,348,2015,GOA,PCOD,316.3750783,77567.96651
26-Dec-15,355,2015,GOA,PCOD,123.9104619,77691.87698
31-Dec-15,360,2015,GOA,PCOD,93.66392177,77785.5409
2-Jan-16,1,2016,GOA,PCOD,185.0134841,185.0134841
9-Jan-16,8,2016,GOA,PCOD,1514.720229,1699.733713
16-Jan-16,15,2016,GOA,PCOD,2350.295425,4050.029138
23-Jan-16,22,2016,GOA,PCOD,3115.409545,7165.438683
30-Jan-16,29,2016,GOA,PCOD,2402.485238,9567.923921
6-Feb-16,35,2016,GOA,PCOD,1711.713017,11279.63694
13-Feb-16,42,2016,GOA,PCOD,4647.30138,15926.93832
20-Feb-16,49,2016,GOA,PCOD,5297.127312,21224.06563
27-Feb-16,56,2016,GOA,PCOD,2895.293694,24119.35932
5-Mar-16,64,2016,GOA,PCOD,3785.873596,27905.23292
12-Mar-16,71,2016,GOA,PCOD,5183.922339,33089.15526
19-Mar-16,78,2016,GOA,PCOD,6215.855531,39305.01079
26-Mar-16,85,2016,GOA,PCOD,4939.499393,44244.51018
2-Apr-16,91,2016,GOA,PCOD,3950.168551,48194.67873
9-Apr-16,98,2016,GOA,PCOD,2290.460751,50485.13948
16-Apr-16,105,2016,GOA,PCOD,1450.758162,51935.89765
23-Apr-16,112,2016,GOA,PCOD,566.6348531,52502.5325
30-Apr-16,119,2016,GOA,PCOD,256.3532636,52758.88576
7-May-16,126,2016,GOA,PCOD,343.7902869,53102.67605
14-May-16,133,2016,GOA,PCOD,240.0110286,53342.68708
21-May-16,140,2016,GOA,PCOD,275.9425489,53618.62963
28-May-16,147,2016,GOA,PCOD,72.68496315,53691.31459
4-Jun-16,153,2016,GOA,PCOD,39.32762168,53730.64221
11-Jun-16,160,2016,GOA,PCOD,60.47102506,53791.11324
18-Jun-16,167,2016,GOA,PCOD,45.69009829,53836.80334
25-Jun-16,174,2016,GOA,PCOD,24.35803046,53861.16137
2-Jul-16,181,2016,GOA,PCOD,42.27480471,53903.43617
9-Jul-16,188,2016,GOA,PCOD,91.714249,53995.15042
16-Jul-16,195,2016,GOA,PCOD,51.46423598,54046.61466
23-Jul-16,202,2016,GOA,PCOD,55.43218808,54102.04684
30-Jul-16,209,2016,GOA,PCOD,110.3179502,54212.36479
6-Aug-16,215,2016,GOA,PCOD,88.29100659,54300.6558
13-Aug-16,222,2016,GOA,PCOD,97.85328062,54398.50908
20-Aug-16,229,2016,GOA,PCOD,109.4202817,54507.92936
27-Aug-16,236,2016,GOA,PCOD,71.92504488,54579.85441
3-Sep-16,242,2016,GOA,PCOD,348.1077675,54927.96218
10-Sep-16,249,2016,GOA,PCOD,372.7940677,55300.75624
17-Sep-16,256,2016,GOA,PCOD,617.2313909,55917.98763
24-Sep-16,263,2016,GOA,PCOD,814.8672886,56732.85492
1-Oct-16,270,2016,GOA,PCOD,472.1992341,57205.05416
8-Oct-16,277,2016,GOA,PCOD,675.1592082,57880.21336
15-Oct-16,284,2016,GOA,PCOD,675.9376205,58556.15099
22-Oct-16,291,2016,GOA,PCOD,494.2432165,59050.3942
29-Oct-16,298,2016,GOA,PCOD,377.9932409,59428.38744
5-Nov-16,304,2016,GOA,PCOD,627.8491556,60056.2366
12-Nov-16,311,2016,GOA,PCOD,493.4435485,60549.68015
19-Nov-16,318,2016,GOA,PCOD,537.4781381,61087.15828
26-Nov-16,325,2016,GOA,PCOD,366.027251,61453.18554
3-Dec-16,332,2016,GOA,PCOD,367.3413008,61820.52684
10-Dec-16,339,2016,GOA,PCOD,417.3426492,62237.86949
17-Dec-16,346,2016,GOA,PCOD,369.319665,62607.18915
24-Dec-16,353,2016,GOA,PCOD,198.2202309,62805.40938
31-Dec-16,360,2016,GOA,PCOD,158.0775612,62963.48694
7-Jan-17,6,2017,GOA,PCOD,1517.470872,1517.470872
14-Jan-17,13,2017,GOA,PCOD,1366.28832,2883.759191
21-Jan-17,20,2017,GOA,PCOD,1023.899712,3907.658904
28-Jan-17,27,2017,GOA,PCOD,1274.825438,5182.484342
4-Feb-17,33,2017,GOA,PCOD,2624.236878,7806.72122
11-Feb-17,40,2017,GOA,PCOD,3952.832178,11759.5534
18-Feb-17,47,2017,GOA,PCOD,3876.706807,15636.2602
25-Feb-17,54,2017,GOA,PCOD,1392.442853,17028.70306
4-Mar-17,63,2017,GOA,PCOD,3180.221611,20208.92467
11-Mar-17,70,2017,GOA,PCOD,5866.244302,26075.16897
18-Mar-17,77,2017,GOA,PCOD,4209.89953,30285.0685
25-Mar-17,84,2017,GOA,PCOD,4790.341955,35075.41046
1-Apr-17,90,2017,GOA,PCOD,2187.414253,37262.82471
8-Apr-17,97,2017,GOA,PCOD,1446.390536,38709.21524
15-Apr-17,104,2017,GOA,PCOD,680.2501129,39389.46536
22-Apr-17,111,2017,GOA,PCOD,1278.851676,40668.31703
29-Apr-17,118,2017,GOA,PCOD,534.2294377,41202.54647
6-May-17,125,2017,GOA,PCOD,152.098975,41354.64544
13-May-17,132,2017,GOA,PCOD,191.8178142,41546.46326
20-May-17,139,2017,GOA,PCOD,132.5998472,41679.06311
27-May-17,146,2017,GOA,PCOD,94.82323864,41773.88634
3-Jun-17,152,2017,GOA,PCOD,264.4583416,42038.34469
10-Jun-17,159,2017,GOA,PCOD,488.900162,42527.24485
17-Jun-17,166,2017,GOA,PCOD,55.83389902,42583.07875
24-Jun-17,173,2017,GOA,PCOD,94.29147657,42677.37022
1-Jul-17,180,2017,GOA,PCOD,44.75075944,42722.12098
8-Jul-17,187,2017,GOA,PCOD,50.81871928,42772.9397
15-Jul-17,194,2017,GOA,PCOD,39.05772542,42811.99743
22-Jul-17,201,2017,GOA,PCOD,25.3642548,42837.36168
29-Jul-17,208,2017,GOA,PCOD,48.26593626,42885.62762
5-Aug-17,214,2017,GOA,PCOD,47.06728512,42932.6949
12-Aug-17,221,2017,GOA,PCOD,61.13473564,42993.82964
19-Aug-17,228,2017,GOA,PCOD,61.44073427,43055.27037
26-Aug-17,235,2017,GOA,PCOD,52.25338294,43107.52376
2-Sep-17,241,2017,GOA,PCOD,94.1958025,43201.71956
9-Sep-17,248,2017,GOA,PCOD,691.8157843,43893.53534
16-Sep-17,255,2017,GOA,PCOD,425.9545299,44319.48987
23-Sep-17,262,2017,GOA,PCOD,495.8764458,44815.36632
30-Sep-17,269,2017,GOA,PCOD,193.6392432,45009.00556
7-Oct-17,276,2017,GOA,PCOD,172.6950035,45181.70057
14-Oct-17,283,2017,GOA,PCOD,302.0914754,45483.79204
21-Oct-17,290,2017,GOA,PCOD,287.404741,45771.19678
28-Oct-17,297,2017,GOA,PCOD,246.5678461,46017.76463
4-Nov-17,303,2017,GOA,PCOD,371.8935939,46389.65822
11-Nov-17,310,2017,GOA,PCOD,233.9483663,46623.60659
18-Nov-17,317,2017,GOA,PCOD,247.7566017,46871.36319
25-Nov-17,324,2017,GOA,PCOD,210.5615283,47081.92472
2-Dec-17,331,2017,GOA,PCOD,265.3049721,47347.22969
9-Dec-17,338,2017,GOA,PCOD,165.961066,47513.19076
16-Dec-17,345,2017,GOA,PCOD,250.509137,47763.69989
23-Dec-17,352,2017,GOA,PCOD,221.6572591,47985.35715
30-Dec-17,359,2017,GOA,PCOD,264.8790615,48250.23621
31-Dec-17,360,2017,GOA,PCOD,15.63366274,48265.86988
6-Jan-18,5,2018,GOA,PCOD,232.2314699,232.2314699
13-Jan-18,12,2018,GOA,PCOD,274.7527165,506.9841864
20-Jan-18,19,2018,GOA,PCOD,491.48526,998.4694464
27-Jan-18,26,2018,GOA,PCOD,538.2264578,1536.695904
3-Feb-18,32,2018,GOA,PCOD,962.1923529,2498.888257
10-Feb-18,39,2018,GOA,PCOD,753.9766377,3252.864895
17-Feb-18,46,2018,GOA,PCOD,769.2402026,4022.105097
24-Feb-18,53,2018,GOA,PCOD,633.7602001,4655.865297
3-Mar-18,62,2018,GOA,PCOD,905.7071367,5561.572434
10-Mar-18,69,2018,GOA,PCOD,905.0714782,6466.643912
17-Mar-18,76,2018,GOA,PCOD,2591.667421,9058.311334
24-Mar-18,83,2018,GOA,PCOD,211.8358733,9270.147207
31-Mar-18,90,2018,GOA,PCOD,86.48602805,9356.633235
7-Apr-18,96,2018,GOA,PCOD,133.1879225,9489.821157
14-Apr-18,103,2018,GOA,PCOD,120.5798101,9610.400968
21-Apr-18,110,2018,GOA,PCOD,92.67083012,9703.071798
28-Apr-18,117,2018,GOA,PCOD,24.42747455,9727.499272
5-May-18,124,2018,GOA,PCOD,53.3471682,9780.846441
12-May-18,131,2018,GOA,PCOD,65.46609733,9846.312538
19-May-18,138,2018,GOA,PCOD,62.44855012,9908.761088
26-May-18,145,2018,GOA,PCOD,37.03152213,9945.79261
2-Jun-18,151,2018,GOA,PCOD,40.45540591,9986.248016
9-Jun-18,158,2018,GOA,PCOD,50.64357974,10036.8916
16-Jun-18,165,2018,GOA,PCOD,46.12124703,10083.01284
23-Jun-18,172,2018,GOA,PCOD,49.37323215,10132.38607
30-Jun-18,179,2018,GOA,PCOD,53.43787664,10185.82395
7-Jul-18,186,2018,GOA,PCOD,95.06819379,10280.89215
14-Jul-18,193,2018,GOA,PCOD,47.92798145,10328.82013
21-Jul-18,200,2018,GOA,PCOD,56.55914168,10385.37927
28-Jul-18,207,2018,GOA,PCOD,56.71641343,10442.09568
4-Aug-18,213,2018,GOA,PCOD,66.8889368,10508.98462
11-Aug-18,220,2018,GOA,PCOD,33.79710383,10542.78172
18-Aug-18,227,2018,GOA,PCOD,50.58878846,10593.37051
25-Aug-18,234,2018,GOA,PCOD,39.89810022,10633.26861
1-Sep-18,240,2018,GOA,PCOD,65.91283525,10699.18145
8-Sep-18,247,2018,GOA,PCOD,391.8876952,11091.06914
15-Sep-18,254,2018,GOA,PCOD,419.1341347,11510.20328
22-Sep-18,261,2018,GOA,PCOD,416.2042569,11926.40753
29-Sep-18,268,2018,GOA,PCOD,250.6593636,12177.0669
6-Oct-18,275,2018,GOA,PCOD,327.8547196,12504.92162
13-Oct-18,282,2018,GOA,PCOD,443.5222415,12948.44386
20-Oct-18,289,2018,GOA,PCOD,162.5645348,13111.00839
27-Oct-18,296,2018,GOA,PCOD,286.909422,13397.91781
3-Nov-18,302,2018,GOA,PCOD,134.7232133,13532.64103
10-Nov-18,309,2018,GOA,PCOD,206.1690217,13738.81005
17-Nov-18,316,2018,GOA,PCOD,338.3851114,14077.19516
24-Nov-18,323,2018,GOA,PCOD,207.8082275,14285.00339
1-Dec-18,330,2018,GOA,PCOD,254.8121812,14539.81557
8-Dec-18,337,2018,GOA,PCOD,176.5722852,14716.38786
15-Dec-18,344,2018,GOA,PCOD,52.25554541,14768.6434
22-Dec-18,351,2018,GOA,PCOD,31.23014979,14799.87355
29-Dec-18,358,2018,GOA,PCOD,5.168175922,14805.04173
5-Jan-19,4,2019,GOA,PCOD,249.0607774,249.0607774
12-Jan-19,11,2019,GOA,PCOD,354.8903488,603.9511262
19-Jan-19,18,2019,GOA,PCOD,808.9646187,1412.915745
26-Jan-19,25,2019,GOA,PCOD,790.7790915,2203.694836
2-Feb-19,31,2019,GOA,PCOD,912.6064977,3116.301334
9-Feb-19,38,2019,GOA,PCOD,1144.35241,4260.653744
16-Feb-19,45,2019,GOA,PCOD,470.5976239,4731.251368
23-Feb-19,52,2019,GOA,PCOD,387.1819953,5118.433364
2-Mar-19,61,2019,GOA,PCOD,685.3452434,5803.778607
9-Mar-19,68,2019,GOA,PCOD,1568.990327,7372.768934
16-Mar-19,75,2019,GOA,PCOD,1768.399243,9141.168177
23-Mar-19,82,2019,GOA,PCOD,134.5196109,9275.687788
30-Mar-19,89,2019,GOA,PCOD,194.4169609,9470.104748
6-Apr-19,95,2019,GOA,PCOD,243.4805485,9713.585297
13-Apr-19,102,2019,GOA,PCOD,175.9581296,9889.543427
20-Apr-19,109,2019,GOA,PCOD,179.9317637,10069.47519
27-Apr-19,116,2019,GOA,PCOD,118.9196602,10188.39485
4-May-19,123,2019,GOA,PCOD,80.35481339,10268.74966
11-May-19,130,2019,GOA,PCOD,50.90497842,10319.65464
18-May-19,137,2019,GOA,PCOD,46.97792359,10366.63257
25-May-19,144,2019,GOA,PCOD,32.41827608,10399.05084
1-Jun-19,150,2019,GOA,PCOD,78.48626777,10477.53711
8-Jun-19,157,2019,GOA,PCOD,117.1315767,10594.66869
15-Jun-19,164,2019,GOA,PCOD,60.4672645,10655.13595
22-Jun-19,171,2019,GOA,PCOD,60.78508085,10715.92103
29-Jun-19,178,2019,GOA,PCOD,24.64172911,10740.56276
6-Jul-19,185,2019,GOA,PCOD,7.32080251,10747.88356
13-Jul-19,192,2019,GOA,PCOD,34.93338388,10782.81695
20-Jul-19,199,2019,GOA,PCOD,22.11880211,10804.93575
27-Jul-19,206,2019,GOA,PCOD,42.88645188,10847.8222
3-Aug-19,212,2019,GOA,PCOD,23.90143289,10871.72363
10-Aug-19,219,2019,GOA,PCOD,54.31021903,10926.03385
17-Aug-19,226,2019,GOA,PCOD,113.5925045,11039.62636
24-Aug-19,233,2019,GOA,PCOD,65.51455982,11105.14092
31-Aug-19,240,2019,GOA,PCOD,77.57434834,11182.71527
7-Sep-19,246,2019,GOA,PCOD,242.1450366,11424.8603
14-Sep-19,253,2019,GOA,PCOD,604.2652368,12029.12554
21-Sep-19,260,2019,GOA,PCOD,823.3541007,12852.47964
28-Sep-19,267,2019,GOA,PCOD,669.9045559,13522.3842
5-Oct-19,274,2019,GOA,PCOD,659.6584378,14182.04263
12-Oct-19,281,2019,GOA,PCOD,473.1453778,14655.18801
19-Oct-19,288,2019,GOA,PCOD,200.3710382,14855.55905
26-Oct-19,295,2019,GOA,PCOD,58.97786649,14914.53692
2-Nov-19,301,2019,GOA,PCOD,78.38917852,14992.92609
9-Nov-19,308,2019,GOA,PCOD,177.6286778,15170.55477
16-Nov-19,315,2019,GOA,PCOD,57.20751268,15227.76229
23-Nov-19,322,2019,GOA,PCOD,46.83072331,15274.59301
30-Nov-19,329,2019,GOA,PCOD,39.4521614,15314.04517
7-Dec-19,336,2019,GOA,PCOD,34.79789633,15348.84307
14-Dec-19,343,2019,GOA,PCOD,58.66326143,15407.50633
21-Dec-19,350,2019,GOA,PCOD,0.746791136,15408.25312
25-Jan-20,24,2020,GOA,PCOD,52.83254732,52.83254732
1-Feb-20,30,2020,GOA,PCOD,47.19785597,100.0304033
8-Feb-20,37,2020,GOA,PCOD,41.04317716,141.0735804
15-Feb-20,44,2020,GOA,PCOD,88.12850699,229.2020874
22-Feb-20,51,2020,GOA,PCOD,90.9134829,320.1155703
29-Feb-20,58,2020,GOA,PCOD,206.7671286,526.8826989
7-Mar-20,66,2020,GOA,PCOD,720.6360727,1247.518772
14-Mar-20,73,2020,GOA,PCOD,628.5875239,1876.106295
21-Mar-20,80,2020,GOA,PCOD,304.9843135,2181.090609
28-Mar-20,87,2020,GOA,PCOD,103.0618073,2284.152416
4-Apr-20,93,2020,GOA,PCOD,194.2124004,2478.364817
11-Apr-20,100,2020,GOA,PCOD,132.3562006,2610.721017
18-Apr-20,107,2020,GOA,PCOD,211.8586407,2822.579658
25-Apr-20,114,2020,GOA,PCOD,167.9599848,2990.539643
2-May-20,121,2020,GOA,PCOD,169.3820288,3159.921671
9-May-20,128,2020,GOA,PCOD,94.63693261,3254.558604
16-May-20,135,2020,GOA,PCOD,214.3046639,3468.863268
23-May-20,142,2020,GOA,PCOD,88.12958207,3556.99285
30-May-20,149,2020,GOA,PCOD,108.9072271,3665.900077
6-Jun-20,155,2020,GOA,PCOD,173.9744461,3839.874523
13-Jun-20,162,2020,GOA,PCOD,164.7326382,4004.607161
20-Jun-20,169,2020,GOA,PCOD,169.02057,4173.627731
27-Jun-20,176,2020,GOA,PCOD,132.0471805,4305.674912
4-Jul-20,183,2020,GOA,PCOD,67.71704698,4373.391959
11-Jul-20,190,2020,GOA,PCOD,54.14742887,4427.539388
18-Jul-20,197,2020,GOA,PCOD,22.34693402,4449.886322
25-Jul-20,204,2020,GOA,PCOD,14.47180075,4464.358123
1-Aug-20,210,2020,GOA,PCOD,25.59283501,4489.950958
8-Aug-20,217,2020,GOA,PCOD,50.13635359,4540.087311
15-Aug-20,224,2020,GOA,PCOD,51.43291748,4591.520229
22-Aug-20,231,2020,GOA,PCOD,15.73034512,4607.250574
29-Aug-20,238,2020,GOA,PCOD,41.93318677,4649.183761
5-Sep-20,244,2020,GOA,PCOD,70.54969141,4719.733452
12-Sep-20,251,2020,GOA,PCOD,296.7036423,5016.437094
19-Sep-20,258,2020,GOA,PCOD,250.4230982,5266.860192
26-Sep-20,265,2020,GOA,PCOD,244.791053,5511.651246
3-Oct-20,272,2020,GOA,PCOD,83.41042485,5595.06167
10-Oct-20,279,2020,GOA,PCOD,204.9611556,5800.022826
17-Oct-20,286,2020,GOA,PCOD,79.42892755,5879.451754
24-Oct-20,293,2020,GOA,PCOD,41.8157842,5921.267538
31-Oct-20,300,2020,GOA,PCOD,77.38118426,5998.648722
7-Nov-20,306,2020,GOA,PCOD,139.9329982,6138.58172
14-Nov-20,313,2020,GOA,PCOD,33.19839679,6171.780117
21-Nov-20,320,2020,GOA,PCOD,0.901338379,6172.681455
28-Nov-20,327,2020,GOA,PCOD,11.88245232,6184.563908
5-Dec-20,334,2020,GOA,PCOD,7.578438754,6192.142346
12-Dec-20,341,2020,GOA,PCOD,4.620813531,6196.76316
19-Dec-20,348,2020,GOA,PCOD,22.14406598,6218.907226
31-Dec-20,360,2020,GOA,PCOD,14.30945073,6233.216677
2-Jan-21,1,2021,GOA,PCOD,285.2139226,285.2139226
9-Jan-21,8,2021,GOA,PCOD,665.6957337,950.9096563
16-Jan-21,15,2021,GOA,PCOD,719.1630287,1670.072685
23-Jan-21,22,2021,GOA,PCOD,481.8928377,2151.965523
30-Jan-21,29,2021,GOA,PCOD,1211.274705,3363.240227
6-Feb-21,35,2021,GOA,PCOD,1308.841404,4672.081631
13-Feb-21,42,2021,GOA,PCOD,430.5051892,5102.58682
20-Feb-21,49,2021,GOA,PCOD,1438.445262,6541.032082
27-Feb-21,56,2021,GOA,PCOD,773.456633,7314.488715
6-Mar-21,65,2021,GOA,PCOD,973.8067585,8288.295474
13-Mar-21,72,2021,GOA,PCOD,2357.926226,10646.2217
20-Mar-21,79,2021,GOA,PCOD,1344.698877,11990.92058
27-Mar-21,86,2021,GOA,PCOD,1034.041799,13024.96238
3-Apr-21,92,2021,GOA,PCOD,552.9636777,13577.92605
10-Apr-21,99,2021,GOA,PCOD,260.7822891,13838.70834
17-Apr-21,106,2021,GOA,PCOD,179.9958044,14018.70415
24-Apr-21,113,2021,GOA,PCOD,86.10408435,14104.80823
1-May-21,120,2021,GOA,PCOD,81.11336746,14185.9216
8-May-21,127,2021,GOA,PCOD,66.82229173,14252.74389
15-May-21,134,2021,GOA,PCOD,109.0211279,14361.76502
22-May-21,141,2021,GOA,PCOD,116.0691921,14477.83421
29-May-21,148,2021,GOA,PCOD,34.46323879,14512.29745
5-Jun-21,154,2021,GOA,PCOD,97.18625276,14609.4837
12-Jun-21,161,2021,GOA,PCOD,151.3365925,14760.8203
19-Jun-21,168,2021,GOA,PCOD,165.0063452,14925.82664
26-Jun-21,175,2021,GOA,PCOD,102.5924006,15028.41904
3-Jul-21,182,2021,GOA,PCOD,95.87466529,15124.29371
10-Jul-21,189,2021,GOA,PCOD,92.28632572,15216.58003
17-Jul-21,196,2021,GOA,PCOD,65.99998621,15282.58002
24-Jul-21,203,2021,GOA,PCOD,83.1179389,15365.69796
31-Jul-21,210,2021,GOA,PCOD,60.72689719,15426.42485
7-Aug-21,216,2021,GOA,PCOD,184.2158523,15610.64071
14-Aug-21,223,2021,GOA,PCOD,67.11296594,15677.75367
