YEAR,OBS_GEAR_CODE,FMP_GEAR,FMP_SUBAREA,MONTH,NVES,NHAUL,MCPUEW,MCPUEN,sdCPUEW,sdCPUEN
1996,1,TRW,BS,1,12,84,21.48450993,9.231540702,28.38322731,8.599581095
1996,1,TRW,BS,2,14,115,32.6212388,12.23220504,44.47731042,15.55470075
1996,1,TRW,BS,3,21,531,39.99090274,13.94530653,48.7853645,17.47451355
1996,1,TRW,BS,4,7,324,42.33901959,13.48933958,67.05970518,22.00521249
1996,1,TRW,BS,5,2,12,40.0456635,22.92319665,15.86652085,9.572780473
1996,1,TRW,BS,6,7,81,14.75943027,6.851786188,17.1828329,9.395237603
1996,1,TRW,BS,7,1,3,16.78167222,3.576055556,17.93343175,2.996717928
1996,1,TRW,BS,9,1,4,24.20836667,7.24775,19.90922295,9.694283324
1996,1,TRW,BS,11,5,34,29.9136295,5.152602501,36.94432287,5.858539916
1996,6,POT,BS,3,3,67,71.8341673,26.90270149,27.14945422,12.50084611
1996,6,POT,BS,4,2,81,57.5664875,19.11864831,21.4201669,8.903793955
1996,6,POT,BS,5,2,54,55.3636598,11.28760965,19.96163085,4.45654575
1996,6,POT,BS,6,2,71,69.66708199,13.24051166,25.99295129,3.73941566
1996,6,POT,BS,7,3,139,45.86126124,14.30431844,23.95582534,7.510636547
1996,6,POT,BS,8,4,123,47.44981057,12.01200642,21.63909149,6.489819887
1996,6,POT,BS,9,3,7,39.87272841,10.97761381,16.20213139,3.621578453
1996,6,POT,BS,10,6,152,44.55019447,10.73546731,19.69720888,4.770332894
1996,6,POT,BS,11,1,9,56.94077751,9.800315581,16.52366731,2.509489804
1996,6,POT,BS,12,1,7,4.709534459,0.994321413,2.849619344,0.46722835
1996,8,HAL,BS,1,22,921,0.873864731,0.244378829,0.41315095,0.110479302
1996,8,HAL,BS,2,23,706,0.884400201,0.255649353,0.370926707,0.09183869
1996,8,HAL,BS,3,31,1101,0.785974245,0.23933026,0.347179266,0.088942103
1996,8,HAL,BS,4,27,889,0.725406707,0.226336088,0.314515254,0.092191834
1996,8,HAL,BS,5,17,322,0.670485564,0.191772325,0.30922116,0.08548176
1996,8,HAL,BS,9,27,1081,0.52356062,0.120500666,0.29350233,0.056957995
1996,8,HAL,BS,10,27,1058,0.552478647,0.128557378,0.282218987,0.062108679
1996,8,HAL,BS,11,23,266,0.576615021,0.12639454,0.331077666,0.064237219
1997,1,TRW,BS,1,5,58,46.42737381,15.82351441,35.87258753,11.33480803
1997,1,TRW,BS,2,25,420,67.942353,20.11155056,60.15298893,14.77241467
1997,1,TRW,BS,3,75,1661,50.40396686,16.63187317,69.42968992,20.65083122
1997,1,TRW,BS,4,68,1271,34.46700082,10.85449211,27.65795511,9.111214777
1997,1,TRW,BS,5,21,253,16.89011555,6.879116231,14.91027909,6.55865126
1997,1,TRW,BS,6,5,63,6.938622532,3.116537343,4.668090825,2.261699386
1997,1,TRW,BS,7,4,7,19.85253154,3.974090836,31.14618138,4.65247242
1997,1,TRW,BS,8,5,79,20.24119445,4.216911,20.03454898,3.47201427
1997,1,TRW,BS,9,1,1,1.7248,0.584666667,NA,NA
1997,6,POT,BS,3,6,22,82.36964536,26.9533799,30.97264348,9.073185094
1997,6,POT,BS,4,23,481,96.20088951,28.56651104,42.56047068,11.98993484
1997,6,POT,BS,5,26,396,52.72073339,14.73191787,27.07497553,7.530538276
1997,6,POT,BS,6,13,217,49.12513107,11.44416193,27.94542665,5.09141691
1997,6,POT,BS,7,5,105,40.50436752,9.663728772,24.73068765,5.27040554
1997,6,POT,BS,8,5,39,53.27912732,13.15671534,23.09879158,4.700632384
1997,6,POT,BS,9,8,70,29.28822248,8.142467364,22.1570471,5.984878571
1997,6,POT,BS,10,12,181,54.11407683,10.88201415,23.49698353,4.363541372
1997,6,POT,BS,11,6,23,38.07156695,8.380272881,27.73084868,5.540561902
1997,6,POT,BS,12,4,39,42.13862903,9.634801559,21.87462885,3.292182731
1997,8,HAL,BS,1,20,638,0.959765865,0.240464464,0.379009479,0.091698446
1997,8,HAL,BS,2,22,790,1.013129737,0.270044927,0.402487742,0.106914045
1997,8,HAL,BS,3,27,988,0.848078923,0.252361735,0.341736735,0.090342534
1997,8,HAL,BS,4,21,530,0.837023492,0.263562099,0.305630066,0.093913053
1997,8,HAL,BS,5,26,621,0.659748161,0.192463843,0.268827035,0.078309398
1997,8,HAL,BS,9,27,574,0.574311207,0.136367778,0.329064728,0.067215271
1997,8,HAL,BS,10,31,1277,0.576441048,0.13529772,0.272118973,0.065963728
1997,8,HAL,BS,11,30,1136,0.548697647,0.133688067,0.244636798,0.060687394
1997,8,HAL,BS,12,24,677,0.606505248,0.152851236,0.286465025,0.067027878
1998,1,TRW,BS,1,13,160,43.2177368,8.719026995,37.29637469,6.634033925
1998,1,TRW,BS,2,21,201,62.66267067,12.77563344,42.38364061,7.901797362
1998,1,TRW,BS,3,68,1305,33.82432871,9.696699899,63.02122792,16.04326294
1998,1,TRW,BS,4,62,588,20.19174899,5.182473406,16.86583023,4.10854638
1998,1,TRW,BS,5,5,46,14.67812759,7.255116974,12.47303463,6.416205546
1998,1,TRW,BS,6,2,36,17.72636876,10.65003901,12.84548439,9.197440766
1998,1,TRW,BS,7,1,19,33.81260195,9.484878999,33.2950379,9.213589166
1998,1,TRW,BS,8,11,110,16.55696369,5.428726029,14.91646246,4.8064477
1998,1,TRW,BS,9,3,40,15.0743471,3.867862097,13.39662481,3.21437825
1998,1,TRW,BS,10,3,27,6.52609379,1.914474595,6.736471396,1.856967086
1998,1,TRW,BS,11,4,25,7.146058664,1.236685333,6.813596348,1.106293303
1998,6,POT,BS,4,18,224,77.7096196,21.74921676,37.86908535,9.004235656
1998,6,POT,BS,5,24,325,52.69460563,15.34825487,31.66377508,8.648965299
1998,6,POT,BS,6,11,130,45.1453346,12.09629536,23.53889704,6.02076886
1998,6,POT,BS,7,5,72,53.25553439,11.88256211,27.06466649,5.24663897
1998,6,POT,BS,8,3,21,36.53659732,10.31279389,13.234183,4.197209964
1998,6,POT,BS,9,3,21,31.35275501,8.525187006,12.15220716,3.619403784
1998,6,POT,BS,10,13,82,28.59370031,6.354510141,16.82552139,2.936018692
1998,6,POT,BS,11,2,6,31.95861111,11.86827778,22.53636266,7.929927595
1998,6,POT,BS,12,4,7,50.84192041,11.34777551,41.34154523,7.8570045
1998,8,HAL,BS,1,21,842,0.852455317,0.222004095,0.373502893,0.094022345
1998,8,HAL,BS,2,20,699,0.923784369,0.247377433,0.395152247,0.095287103
1998,8,HAL,BS,3,21,684,0.690476317,0.206009863,0.331551325,0.086403553
1998,8,HAL,BS,4,22,752,0.547649516,0.175478051,0.283079282,0.086612335
1998,8,HAL,BS,5,15,298,0.50937564,0.155693746,0.274307793,0.090083668
1998,8,HAL,BS,9,26,534,0.367159605,0.089425177,0.190542227,0.044097381
1998,8,HAL,BS,10,34,1604,0.398715922,0.101246143,0.201784245,0.052986966
1998,8,HAL,BS,11,23,1048,0.481846456,0.125216798,0.248432296,0.063935989
1998,8,HAL,BS,12,25,605,0.516831328,0.12694753,0.288210637,0.067488036
1999,1,TRW,BS,1,16,240,23.26993868,7.043328703,19.26717435,10.76401702
1999,1,TRW,BS,2,39,460,46.34318428,12.06128493,36.65548939,10.6493321
1999,1,TRW,BS,3,60,935,32.05284911,10.22592026,52.53328382,14.96736134
1999,1,TRW,BS,4,56,569,33.93960738,12.33432691,122.0587291,39.8679164
1999,1,TRW,BS,5,12,128,19.48680406,8.194201958,13.43724783,6.110017982
1999,1,TRW,BS,6,1,2,17.72239642,16.19026854,16.63919913,19.00308422
1999,1,TRW,BS,7,1,5,15.97518223,5.455221675,20.83048462,7.326032162
1999,1,TRW,BS,8,2,7,12.95729358,3.850509467,8.979256151,2.837165745
1999,1,TRW,BS,9,3,24,15.10229883,5.424205355,9.274021891,2.985179923
1999,1,TRW,BS,10,7,21,13.38917823,2.655075048,8.38773313,1.336107443
1999,1,TRW,BS,11,2,10,10.96196253,2.112198077,15.55080391,2.216786873
1999,1,TRW,BS,12,2,3,8.676271225,1.443156695,2.483612733,0.319563506
1999,6,POT,BS,3,1,2,24.64898026,5.525970395,7.219885877,0.990437956
1999,6,POT,BS,4,23,218,67.99785968,18.98826923,43.30284885,10.03741668
1999,6,POT,BS,5,40,499,47.97804217,14.25566775,21.82272016,6.023484433
1999,6,POT,BS,6,6,54,37.54829218,11.62561897,19.5582139,6.823847631
1999,6,POT,BS,9,5,58,33.0403344,9.790302568,16.98170143,5.14058299
1999,6,POT,BS,10,13,128,39.58628624,10.04535941,19.3352518,6.50091142
1999,8,HAL,BS,1,23,962,0.722569225,0.19268406,0.323489552,0.089858121
1999,8,HAL,BS,2,22,871,0.759870127,0.228739782,0.336840692,0.098072579
1999,8,HAL,BS,3,29,974,0.638404487,0.205090472,0.352946098,0.08912661
1999,8,HAL,BS,4,27,864,0.579038635,0.214269576,0.261526736,0.084078163
1999,8,HAL,BS,5,9,409,0.654038954,0.222821344,0.285570502,0.094254682
1999,8,HAL,BS,6,2,85,0.528324969,0.174308635,0.247734253,0.072764635
1999,8,HAL,BS,7,2,12,0.108795732,0.030137468,0.096844429,0.028908947
1999,8,HAL,BS,8,9,379,0.433939194,0.121730997,0.194837576,0.045811982
1999,8,HAL,BS,9,31,835,0.509914229,0.133814099,0.245896793,0.06133803
1999,8,HAL,BS,10,32,1111,0.45847007,0.134952783,0.230562275,0.066267959
1999,8,HAL,BS,11,6,398,0.517329367,0.150230904,0.264315763,0.071123364
1999,8,HAL,BS,12,10,204,0.576718617,0.166921849,0.286793039,0.077465357
2000,1,TRW,BS,1,16,93,32.64273651,6.847206455,25.27138196,5.569221359
2000,1,TRW,BS,2,32,483,32.28663167,7.87094132,22.55950881,6.087784986
2000,1,TRW,BS,3,59,575,34.86229991,9.034753905,51.95712238,12.89092364
2000,1,TRW,BS,4,57,836,22.72804511,7.519058611,27.337358,9.111387633
2000,1,TRW,BS,5,12,130,25.49187992,14.59815307,25.50714819,18.41075843
2000,1,TRW,BS,6,6,27,10.45478651,6.335298922,7.099488562,4.647234379
2000,1,TRW,BS,7,4,6,10.21754601,3.688680556,11.45667418,3.076688565
2000,1,TRW,BS,9,1,6,64.15817804,15.49938284,137.0533055,31.81824057
2000,6,POT,BS,1,1,2,42.36541667,13.14833333,0.420139279,2.519657164
2000,6,POT,BS,2,30,298,57.46005123,15.09569506,27.49097071,6.549946474
2000,6,POT,BS,3,41,382,45.83461165,13.16582753,21.72419162,6.569485396
2000,6,POT,BS,9,1,11,66.4281324,25.14903457,11.58594789,5.276097117
2000,8,HAL,BS,1,26,858,0.843515538,0.261975877,0.409598111,0.117518896
2000,8,HAL,BS,2,25,842,0.613855055,0.221766389,0.274353029,0.097097373
2000,8,HAL,BS,3,25,603,0.638517059,0.232302173,0.33366633,0.104547234
2000,8,HAL,BS,4,8,364,0.562336663,0.206880279,0.292506249,0.096746638
2000,8,HAL,BS,5,6,210,0.606421412,0.205900736,0.248057645,0.079285562
2000,8,HAL,BS,6,2,38,0.699282891,0.194228137,0.22857686,0.055474536
2000,8,HAL,BS,7,1,20,0.603178483,0.16338547,0.279705739,0.071973417
2000,8,HAL,BS,8,9,374,0.459621072,0.122093185,0.216327842,0.046621588
2000,8,HAL,BS,9,29,1514,0.408513788,0.111664836,0.183891736,0.046459329
2000,8,HAL,BS,10,28,1029,0.365254153,0.107495665,0.16777687,0.051720367
2000,8,HAL,BS,11,30,1179,0.379958009,0.120482298,0.176403626,0.056371196
2000,8,HAL,BS,12,29,887,0.449258694,0.135472444,0.204217918,0.058082453
2001,1,TRW,BS,1,10,47,11.21715443,2.58946297,7.236995392,1.745331772
2001,1,TRW,BS,2,21,320,24.46799824,7.335060281,23.11993122,9.756956448
2001,1,TRW,BS,3,31,328,29.03982819,8.959877902,60.98000512,20.623756
2001,1,TRW,BS,4,50,479,14.93609524,4.412545715,12.73999188,4.76130438
2001,1,TRW,BS,5,6,36,13.7107626,5.725522434,13.29869464,5.294799083
2001,1,TRW,BS,6,5,91,41.84045651,21.00662572,41.62592037,20.9523847
2001,1,TRW,BS,7,4,36,55.95874762,23.18058524,100.6565261,38.9458741
2001,1,TRW,BS,8,5,53,13.75277501,3.375804565,14.90567967,3.569390605
2001,1,TRW,BS,9,15,133,14.12405077,3.765139884,17.11529619,4.336181181
2001,1,TRW,BS,10,8,26,6.64169044,2.233134429,7.183047581,2.631057628
2001,6,POT,BS,2,2,8,83.70803074,23.41870058,14.1424426,4.421663976
2001,6,POT,BS,3,42,432,64.81564731,19.06849663,31.82628324,9.854389983
2001,6,POT,BS,4,1,41,111.5494894,31.54449813,30.46252792,7.606092477
2001,6,POT,BS,5,1,19,93.58572132,29.09261475,18.68174661,4.589834328
2001,6,POT,BS,9,15,218,44.39248447,13.31313043,30.42709111,10.54812113
2001,6,POT,BS,10,8,71,52.18005238,18.79553785,36.19101965,13.62749617
2001,6,POT,BS,11,3,11,32.42226795,11.44240146,31.47505666,11.20355804
2001,6,POT,BS,12,2,15,47.23612229,11.55408006,25.37320636,5.590265923
2001,8,HAL,BS,1,23,632,0.593835109,0.174345568,0.275605635,0.079139069
2001,8,HAL,BS,2,22,576,0.569924095,0.174004764,0.266555763,0.071290522
2001,8,HAL,BS,3,28,1019,0.565320379,0.179399656,0.294357989,0.081838681
2001,8,HAL,BS,4,9,664,0.503866206,0.183330811,0.241979932,0.09267512
2001,8,HAL,BS,5,7,426,0.500535885,0.194196328,0.251199622,0.099796483
2001,8,HAL,BS,6,4,216,0.558868249,0.231607928,0.245321648,0.098130463
2001,8,HAL,BS,7,3,108,0.459244548,0.156987268,0.265039069,0.084353056
2001,8,HAL,BS,8,25,489,0.415344286,0.129171252,0.2281624,0.069244624
2001,8,HAL,BS,9,34,1462,0.387142369,0.118842267,0.201684385,0.057724876
2001,8,HAL,BS,10,30,1147,0.389797753,0.12205771,0.182639045,0.059713679
2001,8,HAL,BS,11,35,1135,0.384493885,0.117094677,0.181044366,0.05117403
2001,8,HAL,BS,12,32,1019,0.466288102,0.135843012,0.238547878,0.062917847
2002,1,TRW,BS,1,4,27,31.2306608,20.7942141,26.79034072,35.53444425
2002,1,TRW,BS,2,26,320,37.60272282,10.34396467,27.55604655,7.905377352
2002,1,TRW,BS,3,47,526,33.31984402,10.27429629,54.1543086,17.12560174
2002,1,TRW,BS,4,43,452,16.66778011,5.364633507,22.82531221,6.945167344
2002,1,TRW,BS,5,10,181,20.04358529,10.55901372,17.64471982,9.423666159
2002,1,TRW,BS,6,7,155,38.99769809,26.66216786,35.61420436,27.21722299
2002,1,TRW,BS,7,3,29,28.48302137,21.65637493,21.08599762,17.06871203
2002,1,TRW,BS,8,11,153,11.63532787,4.257148821,7.547214527,3.13871443
2002,1,TRW,BS,9,7,77,13.09016135,3.445947146,14.63933108,5.32758613
2002,1,TRW,BS,10,6,56,12.57376994,3.560472261,16.87423008,4.062806467
2002,1,TRW,BS,11,3,16,26.02360619,9.087189514,20.46097609,8.065655876
2002,6,POT,BS,2,8,38,85.80670452,22.83635059,34.61777207,9.38147058
2002,6,POT,BS,3,41,353,65.91364834,17.24417835,26.50436943,6.366127567
2002,6,POT,BS,5,1,1,5.15,1.285714286,NA,NA
2002,6,POT,BS,9,16,162,43.23934038,13.2257574,22.27034217,7.706990663
2002,6,POT,BS,10,10,66,41.59791418,10.96932212,14.33213759,3.822030595
2002,6,POT,BS,11,4,48,49.10227402,14.95994428,23.17851754,5.426540966
2002,6,POT,BS,12,1,5,106.9315929,28.44320774,17.13127959,6.700713323
2002,8,HAL,BS,1,27,895,0.685284978,0.206440129,0.285888991,0.082854433
2002,8,HAL,BS,2,29,1147,0.663505667,0.219983732,0.276408941,0.082975657
2002,8,HAL,BS,3,31,1124,0.672711124,0.232334165,0.329135234,0.097596131
2002,8,HAL,BS,4,9,279,0.695746882,0.245781521,0.28468128,0.09528129
2002,8,HAL,BS,5,2,38,0.598512174,0.213958652,0.149597077,0.042354212
2002,8,HAL,BS,6,1,45,0.475036005,0.178108366,0.276773143,0.094588996
2002,8,HAL,BS,7,5,287,0.353813748,0.116565813,0.178862225,0.054813099
2002,8,HAL,BS,8,32,1347,0.385847342,0.12713835,0.19842842,0.073150173
2002,8,HAL,BS,9,36,1322,0.364038426,0.114559683,0.179155574,0.057480138
2002,8,HAL,BS,10,39,1286,0.349880502,0.11424743,0.155319042,0.052770125
2002,8,HAL,BS,11,36,1351,0.374373031,0.120959529,0.183048475,0.058955911
2002,8,HAL,BS,12,11,516,0.416272154,0.127038199,0.189641781,0.054185734
2003,1,TRW,BS,1,5,45,17.29385162,6.464301469,13.8601861,6.993613796
2003,1,TRW,BS,2,20,234,22.94756556,7.38054347,18.65769303,9.969326609
2003,1,TRW,BS,3,38,583,31.67917744,8.340603987,49.00941967,12.01327857
2003,1,TRW,BS,4,54,587,18.98329243,5.696036968,83.88523457,20.25732893
2003,1,TRW,BS,5,14,156,11.89156005,4.923857226,7.753715204,4.592638164
2003,1,TRW,BS,6,7,237,36.92259396,15.59780871,60.68225021,18.00733301
2003,1,TRW,BS,7,6,87,39.59139218,10.600527,54.4432337,11.30612037
2003,1,TRW,BS,8,12,348,17.01550795,5.062951121,17.39060675,5.914273662
2003,1,TRW,BS,9,9,149,17.99659058,4.167164079,25.91027148,5.184794088
2003,6,POT,BS,2,39,342,74.93703668,18.60543327,29.16730854,6.721854002
2003,6,POT,BS,3,29,93,69.89235761,16.73074702,22.15627896,4.625761927
2003,6,POT,BS,9,17,247,57.33639658,16.59167566,21.9561647,6.403856973
2003,6,POT,BS,10,8,27,62.5301001,17.46914345,28.58268526,6.479689879
2003,6,POT,BS,11,13,77,60.05601823,14.37712656,36.223164,6.380301568
2003,6,POT,BS,12,1,2,13.73825676,3.919369369,6.20168958,2.101572316
2003,8,HAL,BS,1,30,1301,0.495653389,0.160733982,0.206444882,0.059718893
2003,8,HAL,BS,2,35,1401,0.522723029,0.183579547,0.225079094,0.068348866
2003,8,HAL,BS,3,35,1446,0.568854209,0.19835354,0.264209827,0.078487581
2003,8,HAL,BS,4,11,668,0.458873097,0.180617246,0.229088192,0.075360268
2003,8,HAL,BS,5,5,197,0.44510386,0.179754378,0.184373255,0.062684153
2003,8,HAL,BS,6,2,75,0.352326529,0.115346502,0.14123431,0.041708847
2003,8,HAL,BS,7,9,325,0.345756921,0.11773426,0.159069684,0.050554318
2003,8,HAL,BS,8,31,1437,0.341697214,0.108484156,0.15617297,0.050803694
2003,8,HAL,BS,9,33,1408,0.335421499,0.105266151,0.16603494,0.053345289
2003,8,HAL,BS,10,32,1403,0.333974558,0.098184909,0.155222849,0.044280126
2003,8,HAL,BS,11,36,1689,0.345462368,0.100330632,0.156922222,0.048428879
2003,8,HAL,BS,12,28,957,0.398266454,0.128984705,0.190922483,0.057676148
2004,1,TRW,BS,1,13,163,45.38900841,21.93698829,45.69024368,23.98985354
2004,1,TRW,BS,2,27,363,53.15190046,15.44298687,89.7707468,27.43996066
2004,1,TRW,BS,3,35,384,53.3220792,14.45143907,92.8279072,25.32282159
2004,1,TRW,BS,4,43,310,26.45548453,8.981327829,46.06484456,17.31171014
2004,1,TRW,BS,5,9,185,22.6416642,13.13462184,22.06635193,11.95344669
2004,1,TRW,BS,6,16,418,21.98640096,9.952630674,26.05366026,18.4844461
2004,1,TRW,BS,7,10,157,26.33829508,6.180046214,39.3167229,6.22926464
2004,1,TRW,BS,8,17,569,15.88914395,3.582737234,18.91296148,3.764279122
2004,1,TRW,BS,9,13,210,16.65187032,2.745343891,23.42777742,3.238221641
2004,1,TRW,BS,10,8,92,8.966116709,1.776868221,8.403111149,1.493330261
2004,6,POT,BS,1,6,18,62.23458385,15.79271352,27.0231421,6.010941839
2004,6,POT,BS,2,44,271,80.03176092,21.88396489,31.10050707,8.114859706
2004,6,POT,BS,3,3,51,72.34104094,23.75373995,27.50793089,6.119110314
2004,6,POT,BS,9,16,160,48.88573295,11.48833311,18.904867,4.687927466
2004,6,POT,BS,10,9,30,40.34133809,10.46087624,18.85409053,4.593246031
2004,6,POT,BS,11,4,44,67.50298204,18.81715611,27.38484418,9.828324521
2004,8,HAL,BS,1,31,1317,0.530429064,0.167964631,0.224616965,0.066396525
2004,8,HAL,BS,2,31,1063,0.629905006,0.195142252,0.258010783,0.073086438
2004,8,HAL,BS,3,30,870,0.60330647,0.19474279,0.294623345,0.076744866
2004,8,HAL,BS,4,10,575,0.582914753,0.204663476,0.239581208,0.076147752
2004,8,HAL,BS,5,5,205,0.414220526,0.146052944,0.144104299,0.052990124
2004,8,HAL,BS,6,1,15,0.355930274,0.12312496,0.162294038,0.045092243
2004,8,HAL,BS,7,11,524,0.349116699,0.094742277,0.171620052,0.04425707
2004,8,HAL,BS,8,33,1022,0.321074012,0.087815795,0.154610288,0.042592411
2004,8,HAL,BS,9,33,1164,0.305773571,0.083280472,0.169645973,0.046186066
2004,8,HAL,BS,10,35,1553,0.300251303,0.077243663,0.178363166,0.040526231
2004,8,HAL,BS,11,35,1174,0.379504787,0.103923969,0.188106681,0.050259965
2004,8,HAL,BS,12,34,852,0.513010564,0.138283883,0.243166196,0.058232299
2005,1,TRW,BS,1,9,189,28.95510039,10.27128651,19.25320248,11.17369548
2005,1,TRW,BS,2,32,636,35.80906451,8.787156721,32.37738998,7.575526476
2005,1,TRW,BS,3,30,397,66.50402913,16.53110987,161.9330577,46.55941319
2005,1,TRW,BS,4,34,362,23.4101879,6.589426892,26.17380542,7.94560463
2005,1,TRW,BS,5,11,216,17.27294814,9.431809988,15.34451183,10.105766
2005,1,TRW,BS,6,10,359,13.85350923,3.543583068,22.53623497,4.528412324
2005,1,TRW,BS,7,11,118,8.613583441,1.946583428,9.449364916,1.498861075
2005,1,TRW,BS,8,4,15,6.029615968,1.189718428,4.052737059,0.734080979
2005,1,TRW,BS,9,1,1,18.918,4,NA,NA
2005,6,POT,BS,1,5,26,111.2587579,23.59793267,22.69884022,4.596771233
2005,6,POT,BS,2,34,267,82.11767555,20.79806122,32.13651778,8.38020496
2005,6,POT,BS,3,1,10,150.504342,33.76710512,15.29099418,3.393864678
2005,6,POT,BS,4,1,16,87.86822941,23.12646784,24.00584051,7.369565872
2005,6,POT,BS,9,14,98,52.17062383,13.32075332,27.23993348,7.605660771
2005,6,POT,BS,10,15,130,40.26528936,10.43962394,24.36732863,7.019529461
2005,6,POT,BS,11,1,5,68.74519143,20.62830295,15.32380668,2.979838037
2005,8,HAL,BS,1,37,1489,0.62012629,0.176806438,0.249615647,0.069840395
2005,8,HAL,BS,2,34,1226,0.633407439,0.183187459,0.259536775,0.072472126
2005,8,HAL,BS,3,10,579,0.675398929,0.200268336,0.256314158,0.074346704
2005,8,HAL,BS,4,4,122,0.669892833,0.203366088,0.303001588,0.083825582
2005,8,HAL,BS,5,1,2,0.693087976,0.167055062,0.524678881,0.12545681
2005,8,HAL,BS,6,1,16,0.407804642,0.084919141,0.162920808,0.032780971
2005,8,HAL,BS,7,12,705,0.37770117,0.091754835,0.152704114,0.040816407
2005,8,HAL,BS,8,37,1192,0.339933201,0.076276165,0.182970467,0.039495196
2005,8,HAL,BS,9,36,1370,0.307885488,0.075205566,0.169359801,0.043379216
2005,8,HAL,BS,10,33,1509,0.329097933,0.071642877,0.206145146,0.041360595
2005,8,HAL,BS,11,34,1240,0.340333495,0.084983718,0.174798606,0.042443096
2005,8,HAL,BS,12,35,924,0.433029628,0.116077671,0.209982053,0.059095817
2006,1,TRW,BS,1,18,201,27.60682176,7.315461863,23.80718391,6.715955728
2006,1,TRW,BS,2,40,561,34.36929222,7.643720176,24.53208089,5.895065603
2006,1,TRW,BS,3,30,264,39.51149668,8.137113511,39.0042556,7.794789279
2006,1,TRW,BS,4,40,401,43.87395359,11.78585407,124.2235348,40.39510732
2006,1,TRW,BS,5,14,372,23.70127217,6.384761353,23.49531255,5.766152469
2006,1,TRW,BS,6,2,23,13.92094174,9.065429092,6.70226052,5.270761464
2006,1,TRW,BS,7,3,23,7.416940614,2.071896874,9.213655346,2.097854013
2006,1,TRW,BS,8,12,251,14.20628351,4.293858802,16.27606588,6.074940328
2006,1,TRW,BS,9,3,16,7.150279238,1.201408687,4.996148035,0.778997426
2006,6,POT,BS,1,28,285,85.24967173,20.63059481,37.44134032,9.914162133
2006,6,POT,BS,2,13,62,73.01783144,18.72004349,27.27955574,6.039199595
2006,6,POT,BS,3,2,34,108.1595076,26.14097686,22.70660889,5.448862313
2006,6,POT,BS,4,2,18,130.9705655,32.28807849,29.21780411,6.518529388
2006,6,POT,BS,9,17,160,48.82203232,11.24297863,31.38898222,5.658588063
2006,6,POT,BS,10,12,84,67.14000028,15.23957015,45.60889389,10.15803132
2006,6,POT,BS,11,3,31,35.11931711,7.261015907,14.87532134,3.576738395
2006,6,POT,BS,12,3,19,37.99384306,7.730578926,13.28508835,2.109053987
2006,8,HAL,BS,1,36,1248,0.694376889,0.182099948,0.304443385,0.0801417
2006,8,HAL,BS,2,35,863,0.812717216,0.21264718,0.31589592,0.081236928
2006,8,HAL,BS,3,12,585,0.807827628,0.249309599,0.395359819,0.09989519
2006,8,HAL,BS,4,5,142,0.771428348,0.245450552,0.323038982,0.085110753
2006,8,HAL,BS,7,10,256,0.364092435,0.085725211,0.186883727,0.048193276
2006,8,HAL,BS,8,34,1073,0.430888492,0.091557568,0.210933176,0.041905662
2006,8,HAL,BS,9,38,1676,0.396578661,0.090215189,0.195676383,0.050730864
2006,8,HAL,BS,10,39,1144,0.334623639,0.075135844,0.143623647,0.034637803
2006,8,HAL,BS,11,3,150,0.419701784,0.102968306,0.190200765,0.036895397
2006,8,HAL,BS,12,12,53,0.443363823,0.119729684,0.349565408,0.080987589
2007,1,TRW,BS,1,16,80,18.94851252,5.734446005,18.96373776,9.320836736
2007,1,TRW,BS,2,35,363,26.1254258,5.988071386,17.40859129,4.842480478
2007,1,TRW,BS,3,28,304,42.71581628,9.20767974,70.64062203,13.79915414
2007,1,TRW,BS,4,39,611,33.42633966,8.605085929,36.54441274,9.132774031
2007,1,TRW,BS,5,13,349,27.86445793,10.16306002,25.0484573,9.494588071
2007,1,TRW,BS,6,12,186,33.92850083,20.77868835,30.50363097,23.65658076
2007,1,TRW,BS,7,3,30,18.57728491,6.56512319,14.46187984,5.140404882
2007,1,TRW,BS,8,2,2,12.06017491,4.668530466,6.903251858,3.837739686
2007,1,TRW,BS,9,3,7,0.338387229,0.134134199,0.296113972,0.103496669
2007,1,TRW,BS,10,1,1,0.143418605,0.020930233,NA,NA
2007,1,TRW,BS,11,1,4,3.878136986,2.832457983,1.956503049,1.432940237
2007,6,POT,BS,1,39,327,63.05807065,12.96391873,27.32604389,5.78939502
2007,6,POT,BS,2,2,28,79.84165079,20.56515246,20.96639703,3.26127755
2007,6,POT,BS,9,20,163,63.00101122,16.47187709,42.59236693,11.71423526
2007,6,POT,BS,10,3,18,92.94562024,16.65129129,42.84368115,3.369479211
2007,8,HAL,BS,1,32,1045,0.720163837,0.184570057,0.338178524,0.090241328
2007,8,HAL,BS,2,31,910,0.746638336,0.200501591,0.295127143,0.077746145
2007,8,HAL,BS,3,9,256,0.711093991,0.204631015,0.302183853,0.081709369
2007,8,HAL,BS,6,1,18,0.439104824,0.090295472,0.119218289,0.017518439
2007,8,HAL,BS,7,5,150,0.377547335,0.094486397,0.156222113,0.039334448
2007,8,HAL,BS,8,29,772,0.463442121,0.100073247,0.221287883,0.043368636
2007,8,HAL,BS,9,36,1570,0.387387105,0.080104249,0.184313247,0.035916057
2007,8,HAL,BS,10,32,506,0.344833705,0.082030376,0.173236412,0.039946354
2007,8,HAL,BS,11,3,91,0.428695287,0.085645723,0.190985177,0.037449532
2007,8,HAL,BS,12,16,94,0.629158129,0.162396948,0.307920313,0.070111108
2008,1,TRW,BS,1,8,52,16.19347336,4.69914889,10.9049239,4.040999606
2008,1,TRW,BS,2,24,288,22.84491048,5.496994541,23.48324531,5.390243384
2008,1,TRW,BS,3,21,151,26.60600932,7.521209916,17.64294369,7.574873388
2008,1,TRW,BS,4,21,127,29.53050593,6.556171563,46.32744575,11.09671198
2008,1,TRW,BS,5,3,83,38.63042013,15.32378191,52.35679476,22.55531127
2008,1,TRW,BS,6,3,4,7.270283075,3.118701085,4.150618032,2.589144821
2008,1,TRW,BS,7,2,8,10.21660666,2.63546744,7.815266894,3.228000771
2008,1,TRW,BS,8,5,52,75.11575145,76.31000634,76.02026054,106.4880032
2008,1,TRW,BS,9,3,24,11.58022357,8.28585645,13.74607812,12.31995227
2008,1,TRW,BS,10,2,11,1.863183836,1.282895699,2.734135933,2.368454461
2008,1,TRW,BS,11,1,2,15.308742,4.837308142,10.01107876,2.790295239
2008,6,POT,BS,1,30,193,81.64147316,17.68482712,31.65393519,5.83755682
2008,6,POT,BS,9,19,215,63.97225673,14.3140868,37.74751672,8.169135243
2008,6,POT,BS,10,18,97,42.35731403,12.34014393,16.18024737,5.476898013
2008,8,HAL,BS,1,34,1114,0.772765808,0.197760213,0.328784475,0.073055367
2008,8,HAL,BS,2,28,608,0.826482039,0.212987981,0.327211827,0.077036416
2008,8,HAL,BS,3,9,365,0.77686908,0.197147567,0.417280431,0.085834874
2008,8,HAL,BS,4,3,110,0.809710751,0.226186343,0.3896737,0.102525789
2008,8,HAL,BS,5,1,94,0.505187076,0.116360913,0.217251622,0.04773901
2008,8,HAL,BS,7,8,199,0.34315641,0.085383506,0.169550571,0.037940573
2008,8,HAL,BS,8,29,1192,0.362360647,0.095560883,0.166179326,0.046986489
2008,8,HAL,BS,9,30,1126,0.306728699,0.083023586,0.150409398,0.045903731
2008,8,HAL,BS,10,33,1254,0.25921766,0.079920075,0.135935853,0.051548864
2008,8,HAL,BS,11,30,1015,0.328815744,0.111119771,0.176025478,0.066114128
2008,8,HAL,BS,12,17,354,0.670450574,0.156086656,0.521183871,0.098405906
2009,1,TRW,BS,1,6,26,18.10755443,6.669557334,14.21192633,7.409708225
2009,1,TRW,BS,2,17,228,36.00428884,11.99759172,22.76413962,10.33907871
2009,1,TRW,BS,3,17,159,54.69048225,13.17662306,119.0485842,27.15949484
2009,1,TRW,BS,4,15,52,74.86340807,20.19283794,160.8880605,36.94123196
2009,1,TRW,BS,5,4,8,32.59460101,17.36276684,46.08986844,24.18967285
2009,1,TRW,BS,6,3,41,24.78760978,14.16515816,27.4473208,18.00162615
2009,1,TRW,BS,7,2,28,28.81853564,18.57557289,35.50645672,25.58084296
2009,1,TRW,BS,8,6,14,20.9538134,14.93007047,23.86653634,21.07453311
2009,1,TRW,BS,9,1,1,15.19764493,2.5,NA,NA
2009,1,TRW,BS,10,4,63,44.60435067,26.69743366,32.30034741,22.85399265
2009,1,TRW,BS,11,1,1,10.04511111,3.2,NA,NA
2009,6,POT,BS,1,21,235,91.91798249,19.2696253,35.26503266,6.855930046
2009,6,POT,BS,2,2,2,87.57038254,19.47718295,16.19774649,5.787029521
2009,6,POT,BS,3,1,18,109.7535498,23.83056785,27.97750461,4.742904882
2009,6,POT,BS,4,1,20,91.87976738,22.45128811,28.1794271,5.847941018
2009,6,POT,BS,9,2,93,68.50601767,19.40829153,26.58761511,8.220441497
2009,6,POT,BS,10,1,25,88.94279517,16.16303567,18.07141192,2.51363586
2009,6,POT,BS,11,1,41,50.43753068,15.53877358,21.16558154,6.338494821
2009,8,HAL,BS,1,35,1257,0.866534415,0.201473219,0.413756519,0.086205
2009,8,HAL,BS,2,27,526,0.953095899,0.22773577,0.477146211,0.099830553
2009,8,HAL,BS,3,9,273,1.165039916,0.27030594,0.475654513,0.086343321
2009,8,HAL,BS,4,1,10,1.003661242,0.25893912,0.271615964,0.059805075
2009,8,HAL,BS,6,1,4,0.341481888,0.120577458,0.109024105,0.031313164
2009,8,HAL,BS,7,8,179,0.345172736,0.114577802,0.140974772,0.046152598
2009,8,HAL,BS,8,30,1345,0.378589626,0.126170726,0.189443962,0.060887623
2009,8,HAL,BS,9,30,1015,0.34297522,0.136986322,0.156281103,0.076863784
2009,8,HAL,BS,10,32,1405,0.331740508,0.138518559,0.163278745,0.083766224
2009,8,HAL,BS,11,26,673,0.363533454,0.149554634,0.145892014,0.08384862
2009,8,HAL,BS,12,23,352,0.549096237,0.160812577,0.286081842,0.069550742
2010,1,TRW,BS,1,7,41,22.49259552,9.58526655,21.14974423,10.67748957
2010,1,TRW,BS,2,25,410,41.50893523,14.12942416,24.99028039,9.353976544
2010,1,TRW,BS,3,13,92,51.08608344,14.81421012,74.13208599,18.14390924
2010,1,TRW,BS,4,1,1,58.37694064,8.698630137,NA,NA
2010,1,TRW,BS,5,5,7,16.55419011,9.993758426,9.143445525,6.292352318
2010,1,TRW,BS,6,2,4,26.28014346,17.59295337,13.61949398,11.26278293
2010,1,TRW,BS,7,4,22,42.73651864,19.55770291,46.32183626,22.53095286
2010,1,TRW,BS,8,3,30,25.98431144,16.37021631,19.98673237,11.38065304
2010,1,TRW,BS,9,2,14,125.6372283,71.35869125,89.22016064,48.15185928
2010,1,TRW,BS,10,5,42,39.24491471,25.86287483,34.71797511,23.91077518
2010,6,POT,BS,1,24,280,86.09271539,22.69074104,32.10144226,7.092769195
2010,6,POT,BS,2,1,18,126.5270089,33.93619979,43.32290249,9.709289558
2010,6,POT,BS,9,8,143,85.84963651,26.27343265,37.94502092,12.20097725
2010,6,POT,BS,10,7,48,73.63402657,23.49957396,30.22237867,8.138899703
2010,6,POT,BS,11,4,60,104.9853009,31.01921494,44.13807711,12.69747291
2010,8,HAL,BS,1,35,1274,0.740771725,0.208779083,0.300060529,0.079499957
2010,8,HAL,BS,2,28,591,0.858338443,0.23537134,0.337470897,0.080167773
2010,8,HAL,BS,3,8,202,0.920846761,0.236309002,0.431090932,0.083557476
2010,8,HAL,BS,4,1,14,0.487804576,0.17372269,0.142335694,0.055977741
2010,8,HAL,BS,5,1,72,0.515538394,0.153648667,0.222862563,0.054177653
2010,8,HAL,BS,6,1,10,0.322428935,0.109658703,0.102132898,0.031233146
2010,8,HAL,BS,7,6,286,0.399572768,0.130675253,0.174341807,0.055283487
2010,8,HAL,BS,8,21,667,0.386638953,0.134669475,0.179720258,0.064183686
2010,8,HAL,BS,9,22,781,0.346509483,0.13216658,0.134525719,0.058932043
2010,8,HAL,BS,10,22,851,0.3274202,0.120619191,0.137292762,0.051484057
2010,8,HAL,BS,11,22,681,0.41360941,0.14579647,0.212740503,0.082246366
2010,8,HAL,BS,12,15,440,0.495990761,0.154481266,0.236808231,0.069783173
2011,1,TRW,BS,1,16,110,45.0194751,13.04100531,36.85555971,15.42552453
2011,1,TRW,BS,2,31,502,50.15250525,12.51244069,28.94613835,7.349701694
2011,1,TRW,BS,3,19,292,84.60796625,22.89999436,125.3374851,35.74896137
2011,1,TRW,BS,4,23,97,35.84728826,16.28622196,44.10329237,16.93958028
2011,1,TRW,BS,5,4,11,36.87704441,24.13539559,76.64187817,52.67188274
2011,1,TRW,BS,6,2,5,68.89218461,54.53448242,10.57527477,13.43107148
2011,1,TRW,BS,7,8,51,46.42093321,37.52185445,44.697507,41.88647935
2011,1,TRW,BS,8,5,27,38.19132769,28.06848909,33.35857217,27.48994043
2011,1,TRW,BS,9,8,90,51.39933551,39.88073162,44.18033409,37.36133191
2011,1,TRW,BS,10,8,23,43.64695609,32.17553709,50.6196913,38.92937505
2011,1,TRW,BS,11,1,1,29.7874359,8.502564103,NA,NA
2011,6,POT,BS,1,27,367,131.7302211,35.73051639,50.0789717,13.83824471
2011,6,POT,BS,9,16,236,83.91683191,28.70678531,126.7933648,40.28886002
2011,6,POT,BS,10,14,151,76.37313431,25.55908237,48.87157015,15.56293613
2011,8,HAL,BS,1,22,481,0.683291412,0.214789313,0.304757493,0.093396208
2011,8,HAL,BS,2,24,675,0.739767006,0.244772157,0.263668715,0.083896128
2011,8,HAL,BS,3,22,862,0.738170974,0.228556901,0.327826342,0.08194548
2011,8,HAL,BS,4,22,805,0.662616805,0.215435562,0.325583776,0.086451988
2011,8,HAL,BS,5,9,235,0.451709923,0.168718774,0.238309281,0.077633416
2011,8,HAL,BS,6,10,217,0.435823225,0.14487202,0.191560974,0.054152035
2011,8,HAL,BS,7,16,602,0.324688925,0.106919625,0.149772547,0.04893271
2011,8,HAL,BS,8,19,637,0.346271053,0.124667002,0.170839677,0.064823558
2011,8,HAL,BS,9,25,808,0.362836085,0.133619557,0.143471005,0.056962292
2011,8,HAL,BS,10,25,977,0.385225003,0.135068011,0.160384678,0.060744438
2011,8,HAL,BS,11,21,550,0.407159695,0.152638283,0.162616663,0.069838608
2011,8,HAL,BS,12,22,608,0.482918924,0.179138038,0.185784663,0.076649745
2012,1,TRW,BS,1,13,63,87.6536331,25.94785666,39.47084373,14.63740225
2012,1,TRW,BS,2,41,665,103.3410208,28.95851602,74.6494218,21.33630878
2012,1,TRW,BS,3,29,165,70.4127193,25.60713367,170.7334231,98.26987075
2012,1,TRW,BS,4,29,220,42.69874775,15.63504877,39.71428421,16.97860143
2012,1,TRW,BS,5,7,32,55.10628014,35.25675979,120.2078036,80.98967907
2012,1,TRW,BS,6,3,3,39.86497032,25.22733725,30.49140083,23.67161142
2012,1,TRW,BS,8,3,28,32.99452819,21.70955279,18.75187714,15.77455892
2012,1,TRW,BS,9,4,5,27.98446255,27.763454,32.1335377,41.91586658
2012,1,TRW,BS,10,1,27,41.0120643,25.79451528,21.12950774,12.4421582
2012,1,TRW,BS,11,1,3,9.729869437,1.96073314,5.566897074,1.080403486
2012,6,POT,BS,1,28,314,144.261164,41.49626301,57.33260589,14.0378091
2012,6,POT,BS,2,2,83,108.4734007,33.50460063,30.33678211,10.4385716
2012,6,POT,BS,3,1,31,132.6027998,50.54560086,32.75743803,11.69370149
2012,6,POT,BS,4,1,29,187.976177,67.62443921,44.41889839,14.07483136
2012,6,POT,BS,5,1,24,167.0863279,69.03102512,26.61047276,9.279890957
2012,6,POT,BS,9,17,356,57.3491553,24.21939956,29.81658046,15.14411973
2012,6,POT,BS,10,5,125,81.53578582,28.23732794,50.15476057,15.82935062
2012,6,POT,BS,11,1,27,104.0869585,32.27097955,39.47419337,12.37687806
2012,8,HAL,BS,1,21,459,0.750261427,0.248038467,0.327107946,0.104957623
2012,8,HAL,BS,2,24,693,0.814395725,0.276861109,0.357453094,0.103308958
2012,8,HAL,BS,3,23,808,0.594429869,0.225327991,0.225067574,0.075028461
2012,8,HAL,BS,4,18,531,0.603745978,0.223055092,0.234041498,0.075822389
2012,8,HAL,BS,5,10,142,0.496369192,0.181803605,0.18262945,0.061791894
2012,8,HAL,BS,6,17,473,0.504591431,0.180106002,0.212057159,0.077861509
2012,8,HAL,BS,7,20,642,0.367799353,0.126589636,0.162357621,0.062667858
2012,8,HAL,BS,8,23,682,0.330773141,0.122887031,0.145163135,0.062345517
2012,8,HAL,BS,9,24,895,0.310832699,0.10517515,0.136605731,0.049082694
2012,8,HAL,BS,10,21,696,0.329100189,0.117335259,0.171000791,0.065384492
2012,8,HAL,BS,11,22,672,0.356214661,0.11742919,0.153537109,0.055583478
2012,8,HAL,BS,12,26,828,0.554241663,0.172013476,0.237174604,0.071493187
2013,1,TRW,BS,1,20,175,59.81746723,15.15148035,40.04608934,11.41014162
2013,1,TRW,BS,2,45,880,70.69603672,17.2819606,51.16572282,12.89298449
2013,1,TRW,BS,3,30,383,45.71264381,11.74427644,30.96817478,8.538979486
2013,1,TRW,BS,4,22,192,83.80827596,35.82612192,165.828786,75.82031796
2013,1,TRW,BS,5,7,52,23.48867237,15.32004571,23.23142417,17.27246398
2013,1,TRW,BS,6,4,18,20.36306968,8.205566754,17.09932193,7.593371224
2013,1,TRW,BS,7,2,5,53.90297536,23.62543934,35.72027157,19.19145745
2013,1,TRW,BS,8,7,96,51.44111297,30.18685883,37.81495377,21.82956848
2013,1,TRW,BS,9,8,220,63.36548374,39.88283929,57.25207763,35.48895639
2013,1,TRW,BS,10,2,19,35.71567486,25.37533784,22.4613642,17.75371782
2013,1,TRW,BS,11,1,3,13.16926081,13.42552562,16.55549304,17.78304534
2013,6,POT,BS,1,12,284,126.3724316,32.20093097,48.93864607,12.49592573
2013,6,POT,BS,2,7,124,133.5296079,40.37150012,51.15213345,13.63406773
2013,6,POT,BS,3,2,29,112.9659585,32.05225316,32.08775064,8.918687501
2013,6,POT,BS,9,5,186,96.87177092,26.36200251,48.27601425,13.58686578
2013,6,POT,BS,10,7,256,80.63795862,23.98399201,30.16281381,9.447082564
2013,6,POT,BS,11,6,242,88.90464586,25.94508414,25.64805023,7.645201152
2013,6,POT,BS,12,2,9,100.9470322,22.45554159,14.13285888,3.913366591
2013,8,HAL,BS,1,26,931,0.756002903,0.239977667,0.337968751,0.101341544
2013,8,HAL,BS,2,26,1014,0.73115562,0.249624197,0.285064178,0.087977149
2013,8,HAL,BS,3,25,1029,0.667415509,0.243699158,0.232415917,0.087289937
2013,8,HAL,BS,4,15,339,0.655248382,0.233757864,0.221853354,0.078771585
2013,8,HAL,BS,5,9,253,0.528078571,0.182104361,0.198228099,0.061073983
2013,8,HAL,BS,6,8,207,0.365378255,0.125188269,0.168625381,0.060557858
2013,8,HAL,BS,7,16,492,0.406795656,0.141400378,0.191313832,0.063516465
2013,8,HAL,BS,8,24,906,0.365642311,0.115269384,0.154419575,0.052704084
2013,8,HAL,BS,9,22,793,0.346402992,0.107798137,0.139176366,0.044070308
2013,8,HAL,BS,10,24,815,0.343541413,0.111263361,0.13838916,0.049751298
2013,8,HAL,BS,11,25,1093,0.425030318,0.132856903,0.167978368,0.054013789
2013,8,HAL,BS,12,26,724,0.543535523,0.161435228,0.248801362,0.066598879
2014,1,TRW,BS,1,18,95,53.97049915,11.04879893,24.07241668,4.742725679
2014,1,TRW,BS,2,32,781,53.83429289,11.96047579,36.19188067,8.194900363
2014,1,TRW,BS,3,29,689,62.56091541,15.04299684,64.12832425,16.62727726
2014,1,TRW,BS,4,14,238,53.58232653,30.47034816,70.38040575,35.46494404
2014,1,TRW,BS,5,4,195,62.7731056,64.05240284,44.71803962,45.68210003
2014,1,TRW,BS,6,2,3,9.674970798,3.771026479,1.626383219,2.127252193
2014,1,TRW,BS,7,1,1,15.57862745,5.109803922,NA,NA
2014,1,TRW,BS,8,4,106,31.54587588,16.82909097,28.62040038,18.05664531
2014,1,TRW,BS,9,5,48,52.50553213,28.05124445,47.29331002,28.57073638
2014,1,TRW,BS,10,2,2,18.37956572,4.842326362,15.12002256,3.868865603
2014,1,TRW,BS,12,1,1,23.73156425,11.19180633,NA,NA
2014,6,POT,BS,1,24,269,96.11180262,24.89098591,39.48057921,9.373534267
2014,6,POT,BS,2,9,119,120.9965693,31.977006,46.94324878,12.54907587
2014,6,POT,BS,3,3,52,160.6766528,40.56793501,42.2356024,8.904660324
2014,6,POT,BS,4,2,16,246.4037974,63.81958636,57.05700409,11.64562757
2014,6,POT,BS,5,1,24,159.2470015,58.40970108,41.21171744,13.67295611
2014,6,POT,BS,9,7,148,87.51695042,28.058655,26.49967211,8.30027678
2014,6,POT,BS,10,11,148,72.80313823,24.61459855,31.16807928,7.997088469
2014,6,POT,BS,11,9,164,54.67922345,19.1817842,18.11478544,6.636995037
2014,6,POT,BS,12,5,56,103.1096059,29.52347641,38.82750387,9.697537274
2014,8,HAL,BS,1,26,758,0.537226668,0.161257482,0.19763523,0.056635185
2014,8,HAL,BS,2,27,884,0.64237107,0.190703228,0.263483287,0.066660423
2014,8,HAL,BS,3,26,1044,0.541492869,0.175916425,0.219914549,0.060976408
2014,8,HAL,BS,4,22,706,0.540541576,0.188149088,0.249853601,0.078152258
2014,8,HAL,BS,5,16,550,0.423245884,0.146828882,0.169282777,0.056871175
2014,8,HAL,BS,6,19,468,0.363357592,0.112927971,0.152029367,0.049037189
2014,8,HAL,BS,7,25,895,0.305150114,0.100180097,0.148405865,0.049986052
2014,8,HAL,BS,8,23,1156,0.344646953,0.11623009,0.186159263,0.064664841
2014,8,HAL,BS,9,20,651,0.352197501,0.126818112,0.163087975,0.064754977
2014,8,HAL,BS,10,25,675,0.38203797,0.141920584,0.165039713,0.065191816
2014,8,HAL,BS,11,26,1160,0.419410063,0.144421231,0.159147894,0.053889724
2014,8,HAL,BS,12,24,874,0.453086143,0.150117457,0.175517708,0.060070306
2015,1,TRW,BS,1,21,125,18.11634864,4.274962291,11.49356031,3.122477592
2015,1,TRW,BS,2,33,490,56.86793238,13.08154152,35.76567712,9.881316746
2015,1,TRW,BS,3,29,505,73.44071238,20.2890283,80.31657437,23.93748318
2015,1,TRW,BS,4,21,191,48.77830346,22.38192476,50.42578577,29.41530937
2015,1,TRW,BS,5,5,75,60.49914379,39.03728086,48.56914923,32.50239394
2015,1,TRW,BS,6,1,59,49.46759108,35.70241817,40.03953882,28.086505
2015,1,TRW,BS,7,3,8,53.22606706,21.95464763,41.89736457,14.15081434
2015,1,TRW,BS,8,4,87,107.0582615,36.40638381,136.444312,41.11941018
2015,1,TRW,BS,9,1,7,14.01377588,4.429317537,8.906293108,2.363997036
2015,1,TRW,BS,10,1,1,4.132222222,1.911111111,NA,NA
2015,6,POT,BS,1,25,355,92.24062645,25.5201465,32.78436157,9.604352004
2015,6,POT,BS,2,14,151,135.3342145,34.31970772,57.05440086,14.03935642
2015,6,POT,BS,3,8,223,138.8079037,39.366943,52.72218076,12.78463805
2015,6,POT,BS,4,3,36,131.3253886,40.52509417,56.1069891,15.26065438
2015,6,POT,BS,5,1,53,69.36564322,33.88929041,17.8232671,7.677704224
2015,6,POT,BS,8,1,118,73.06126172,29.73122489,25.02792393,9.811114276
2015,6,POT,BS,9,9,209,93.30540628,31.45105635,34.63427558,12.18195528
2015,6,POT,BS,10,10,323,79.99905843,27.40320623,28.05007259,9.324830423
2015,6,POT,BS,11,9,132,65.90037697,19.77436653,26.07483041,8.127218832
2015,6,POT,BS,12,6,46,86.69481551,27.00137964,41.11025808,11.20670256
2015,8,HAL,BS,1,24,851,0.522229341,0.1670113,0.199754643,0.062067818
2015,8,HAL,BS,2,25,755,0.635867533,0.199438092,0.254145013,0.077292014
2015,8,HAL,BS,3,26,783,0.597595245,0.198390741,0.272868226,0.078761709
2015,8,HAL,BS,4,23,678,0.539975074,0.190435254,0.259462462,0.083563575
2015,8,HAL,BS,5,19,431,0.505549839,0.164089691,0.215919175,0.060516897
2015,8,HAL,BS,6,13,249,0.426979304,0.132076856,0.215471533,0.05660592
2015,8,HAL,BS,7,19,586,0.449822296,0.14728366,0.203997326,0.071022139
2015,8,HAL,BS,8,23,930,0.410121295,0.141175228,0.175846272,0.056694204
2015,8,HAL,BS,9,26,831,0.348002589,0.117548825,0.137021798,0.051014185
2015,8,HAL,BS,10,25,1196,0.37102357,0.126700583,0.153657845,0.056156612
2015,8,HAL,BS,11,26,758,0.418420023,0.129752666,0.205287696,0.065281209
2015,8,HAL,BS,12,29,709,0.510501775,0.156754926,0.240461379,0.069439364
2016,1,TRW,BS,1,13,54,38.1742555,16.16875591,86.13919521,51.80815434
2016,1,TRW,BS,2,46,807,63.79983157,18.69699064,45.09324609,17.38153049
2016,1,TRW,BS,3,33,476,88.17574859,27.4782576,112.5479948,34.07391544
2016,1,TRW,BS,4,22,176,47.12344284,15.08677126,72.18352126,23.13988532
2016,1,TRW,BS,6,5,46,24.31590847,5.981971418,16.76866108,4.979304442
2016,1,TRW,BS,7,3,34,39.71952022,10.75393286,26.63016616,6.941640301
2016,1,TRW,BS,8,3,31,25.53007938,7.075245553,12.98426238,3.158567986
2016,1,TRW,BS,9,3,35,23.07060417,6.531744979,14.8857135,4.039024714
2016,1,TRW,BS,10,6,32,30.38857135,7.362992361,21.07177517,4.590579756
2016,1,TRW,BS,11,1,21,55.02398201,10.27762709,50.0892263,8.223981603
2016,6,POT,BS,1,22,322,89.03608667,25.24330499,42.27631258,12.00101437
2016,6,POT,BS,2,9,227,109.8338149,31.93050046,30.69665203,8.859267991
2016,6,POT,BS,3,6,126,116.3390816,36.32878113,55.3247078,12.95760333
2016,6,POT,BS,4,3,37,111.5302883,38.39199561,62.35263944,17.85519598
2016,6,POT,BS,8,1,38,91.96431155,32.4010353,20.89056484,6.653070362
2016,6,POT,BS,9,4,185,100.6235398,31.67413756,40.43214729,10.7434717
2016,6,POT,BS,10,10,145,80.02124789,23.23255325,42.9264175,10.5344917
2016,6,POT,BS,11,11,71,65.15925409,20.56821316,30.42556877,8.06168473
2016,6,POT,BS,12,6,136,81.44736985,21.51927791,33.2019215,7.660063262
2016,8,HAL,BS,1,27,820,0.622381214,0.182537176,0.233784249,0.064254658
2016,8,HAL,BS,2,26,711,0.718465874,0.20439456,0.308900999,0.082610659
2016,8,HAL,BS,3,26,720,0.582011275,0.193519736,0.242932119,0.077039245
2016,8,HAL,BS,4,20,496,0.535329772,0.191243765,0.219607989,0.080902757
2016,8,HAL,BS,5,10,247,0.515732394,0.148824853,0.213986569,0.062494677
2016,8,HAL,BS,6,16,347,0.410456426,0.11862649,0.172889748,0.055124744
2016,8,HAL,BS,7,21,803,0.42220417,0.142092312,0.150661974,0.05126548
2016,8,HAL,BS,8,22,654,0.411640988,0.137678321,0.179893017,0.065805012
2016,8,HAL,BS,9,22,602,0.411146825,0.132270271,0.163904959,0.055947136
2016,8,HAL,BS,10,22,694,0.386766812,0.113149576,0.165421364,0.050588119
2016,8,HAL,BS,11,24,564,0.421451823,0.120381977,0.176067591,0.050317401
2016,8,HAL,BS,12,22,704,0.50306084,0.143676326,0.197903475,0.057247009
2017,1,TRW,BS,1,16,146,40.57863012,8.574402436,31.12142054,6.642092651
2017,1,TRW,BS,2,45,965,87.80850154,20.15572412,75.57239209,18.42021629
2017,1,TRW,BS,3,8,64,88.70589347,32.26174636,73.00349198,30.44695267
2017,1,TRW,BS,4,15,117,78.508004,28.04476279,88.27863044,32.18388271
2017,1,TRW,BS,5,2,23,22.32756226,12.77144813,19.71985472,11.22004614
2017,1,TRW,BS,6,3,21,15.97535611,4.421822347,42.68682295,11.74249027
2017,1,TRW,BS,7,1,3,14.86488928,3.827659992,5.584436507,0.732213934
2017,1,TRW,BS,8,2,2,15.85097475,4.641414141,14.01473498,3.414111529
2017,1,TRW,BS,9,4,15,5.457495019,1.258561051,3.953739009,0.815744017
2017,1,TRW,BS,10,2,11,19.67627845,3.438637249,13.77220604,1.707542271
2017,6,POT,BS,1,16,320,93.16022022,25.13829584,45.76824846,11.75191974
2017,6,POT,BS,2,4,49,158.2774663,45.81375077,64.30632886,20.22113795
2017,6,POT,BS,9,6,201,70.98595301,24.56545499,26.68396983,10.12008118
2017,6,POT,BS,10,5,209,71.76743514,21.03260091,38.52293622,12.38425356
2017,6,POT,BS,11,6,165,70.39681048,18.39378704,43.58594384,13.13555148
2017,6,POT,BS,12,7,51,64.84545469,17.27972346,32.56101102,9.56334288
2017,8,HAL,BS,1,27,669,0.542771022,0.151933522,0.198319672,0.053796431
2017,8,HAL,BS,2,26,778,0.742821398,0.218291308,0.276622893,0.074701367
2017,8,HAL,BS,3,26,719,0.647855343,0.206540253,0.229670935,0.073820652
2017,8,HAL,BS,4,20,523,0.599834728,0.204167624,0.269246052,0.087731467
2017,8,HAL,BS,5,8,105,0.518680876,0.190955821,0.142594478,0.075098646
2017,8,HAL,BS,6,17,270,0.454585215,0.130628396,0.197746843,0.056039785
2017,8,HAL,BS,7,24,746,0.378785972,0.107313367,0.148856922,0.042693768
2017,8,HAL,BS,8,22,637,0.305028917,0.083638782,0.133028683,0.036019804
2017,8,HAL,BS,9,24,670,0.315728441,0.084239771,0.147579906,0.041597851
2017,8,HAL,BS,10,23,500,0.354729599,0.088895207,0.146225746,0.037516755
2017,8,HAL,BS,11,22,634,0.476853956,0.121992156,0.205003624,0.055654755
2017,8,HAL,BS,12,22,454,0.554686881,0.157215202,0.187800875,0.058959486
2018,1,TRW,BS,1,29,231,57.61599014,13.11891859,84.62538027,18.88437952
2018,1,TRW,BS,2,44,875,68.05637403,14.81683024,64.90160516,14.57285823
2018,1,TRW,BS,3,9,64,264.6480018,87.30123943,421.1859,143.898271
2018,1,TRW,BS,4,22,216,227.1996464,74.92845375,383.594984,144.4596252
2018,1,TRW,BS,6,2,10,14.57126126,2.412875766,11.70703844,1.819623597
2018,1,TRW,BS,7,1,32,13.30667087,3.27983118,7.756400032,1.590144665
2018,1,TRW,BS,8,1,14,13.25757064,3.529223679,5.1042308,1.794308264
2018,1,TRW,BS,11,1,1,11.61833333,2.066666667,NA,NA
2018,6,POT,BS,1,26,402,89.81999428,20.96735312,33.4693367,7.443037535
2018,6,POT,BS,2,2,77,139.4281924,31.63431627,51.89288874,10.93492921
2018,6,POT,BS,3,3,35,182.0916232,49.49687173,73.25905385,23.69964331
2018,6,POT,BS,4,1,21,252.2241782,77.23339944,81.70036972,20.35568655
2018,6,POT,BS,9,9,244,89.3591096,25.55664757,48.28670386,10.86794076
2018,6,POT,BS,10,6,54,102.3118067,27.34404601,61.40544052,16.9867182
2018,6,POT,BS,11,3,12,55.63280072,13.92657139,23.69083519,4.501594834
2018,6,POT,BS,12,6,39,88.56152015,21.41585298,26.53639291,7.743880207
2018,8,HAL,BS,1,22,450,0.813742978,0.22403467,0.347936532,0.079962049
2018,8,HAL,BS,2,23,497,0.870276845,0.240339111,0.384586722,0.088701652
2018,8,HAL,BS,3,22,502,0.717361358,0.213512076,0.260136966,0.074120344
2018,8,HAL,BS,4,14,247,0.712793499,0.236979733,0.336993824,0.112815653
2018,8,HAL,BS,5,5,68,0.460055525,0.142567587,0.190510812,0.065177822
2018,8,HAL,BS,6,17,372,0.376075436,0.098557164,0.146058252,0.037797674
2018,8,HAL,BS,7,17,440,0.302709012,0.079498555,0.12778101,0.034803693
2018,8,HAL,BS,8,19,418,0.303412937,0.082214673,0.19033369,0.04730599
2018,8,HAL,BS,9,18,515,0.423638128,0.120128444,0.223840474,0.059938952
2018,8,HAL,BS,10,19,454,0.42175504,0.113998441,0.202461721,0.059953753
2018,8,HAL,BS,11,20,432,0.377722408,0.093549939,0.156898505,0.042595328
2018,8,HAL,BS,12,18,448,0.523777367,0.129056377,0.226318832,0.061583363
2019,1,TRW,BS,1,34,313,55.83864698,10.39626428,40.08033702,8.750399137
2019,1,TRW,BS,2,38,407,72.86006428,14.29622955,59.95123128,11.70070487
2019,1,TRW,BS,3,11,69,164.4071402,35.04752167,176.0350548,37.04653798
2019,1,TRW,BS,4,23,96,258.2273436,74.28642496,489.7610442,151.6833441
2019,1,TRW,BS,5,3,4,7.723946462,2.174492945,5.968069672,1.57773377
2019,1,TRW,BS,7,2,8,23.5512605,6.588563016,13.8637378,4.095906048
2019,1,TRW,BS,8,2,17,15.38643914,3.849422712,7.925753424,1.795188354
2019,1,TRW,BS,9,3,122,15.03859707,2.746679344,14.74720168,2.108463431
2019,1,TRW,BS,10,1,1,5.306333333,0.725,NA,NA
2019,1,TRW,BS,11,1,5,20.95575282,3.799837889,5.603942382,1.215516043
2019,6,POT,BS,1,29,283,95.2606711,21.15217657,44.82916769,10.35951368
2019,6,POT,BS,2,1,47,199.0283345,48.38147365,58.50183743,13.58755925
2019,6,POT,BS,3,4,60,215.4507143,58.50141219,74.49381263,21.25489498
2019,6,POT,BS,9,14,210,136.3629371,33.47519419,98.80904606,22.37916037
2019,6,POT,BS,10,2,13,73.81402051,16.45230769,51.43057051,9.69031209
2019,6,POT,BS,11,3,13,132.7736973,26.71332269,84.98907343,11.8956663
2019,6,POT,BS,12,2,45,126.4304843,25.03924799,52.20145436,9.546154657
2019,8,HAL,BS,1,17,271,0.863290366,0.188304417,0.353959195,0.073480698
2019,8,HAL,BS,2,19,368,0.951435119,0.209847211,0.399468527,0.069016975
2019,8,HAL,BS,3,20,453,0.734338855,0.191095451,0.343222894,0.086892128
2019,8,HAL,BS,4,12,187,0.727083858,0.230149833,0.275290029,0.083652053
2019,8,HAL,BS,5,5,93,0.481658705,0.147917026,0.1219433,0.050523852
2019,8,HAL,BS,6,7,87,0.480524021,0.122014331,0.230761015,0.05995174
2019,8,HAL,BS,7,13,263,0.360067122,0.093070899,0.135801103,0.034651851
2019,8,HAL,BS,8,18,459,0.360668914,0.087784976,0.156498024,0.040111697
2019,8,HAL,BS,9,22,416,0.419995363,0.1005937,0.180251952,0.045993542
2019,8,HAL,BS,10,21,372,0.448132256,0.097655427,0.178596083,0.039619439
2019,8,HAL,BS,11,16,391,0.494142368,0.105704933,0.175698122,0.038275838
2019,8,HAL,BS,12,13,185,0.517422739,0.114632408,0.194919981,0.046231414
2020,1,TRW,BS,1,32,130,28.41094233,4.068783811,21.76049119,2.991015682
2020,1,TRW,BS,2,40,425,193.3709286,28.04572506,145.243299,22.14069528
2020,1,TRW,BS,3,3,47,65.11869986,24.6876459,57.18066593,24.63781819
2020,1,TRW,BS,4,5,11,29.34116067,7.592963551,30.68584208,6.510743483
2020,1,TRW,BS,5,4,15,18.19959918,5.560078516,17.21782955,5.981902822
2020,1,TRW,BS,8,2,7,6.848950964,1.342877408,4.474755541,0.985667597
2020,1,TRW,BS,9,1,2,11.53629487,2.314519223,4.660237723,1.201639472
2020,1,TRW,BS,10,1,2,12.03942363,2.12108336,8.02848577,0.959668682
2020,6,POT,BS,1,22,219,94.59391444,16.57732746,44.1329797,8.128451671
2020,6,POT,BS,2,1,28,268.7570941,48.57156596,67.16716753,12.14497459
2020,6,POT,BS,3,1,30,154.9459725,37.01481627,46.55354672,9.387935929
2020,6,POT,BS,4,1,3,147.5494039,37.77681452,57.26693896,15.32984912
2020,6,POT,BS,7,1,5,36.56260932,7.462016317,27.48964107,5.44605086
2020,6,POT,BS,9,5,123,134.6236223,24.9344775,46.5873951,9.500612669
2020,6,POT,BS,10,1,31,128.658374,26.08408878,21.96868727,4.382043384
2020,8,HAL,BS,1,15,209,0.786358259,0.166651007,0.332273395,0.060270888
2020,8,HAL,BS,2,16,399,0.94753506,0.219943803,0.501576983,0.094326576
2020,8,HAL,BS,3,15,302,0.848708164,0.228670341,0.33839049,0.081506946
2020,8,HAL,BS,4,11,163,0.686695988,0.211124475,0.286471681,0.088344649
2020,8,HAL,BS,5,6,50,0.778996164,0.190069796,0.359469167,0.064203725
2020,8,HAL,BS,6,6,123,0.541415719,0.136129113,0.216244724,0.052594643
2020,8,HAL,BS,7,14,241,0.425878611,0.095335947,0.173126498,0.037096407
2020,8,HAL,BS,8,16,386,0.393397034,0.08887428,0.160780075,0.045247448
2020,8,HAL,BS,9,15,285,0.417068018,0.110390527,0.162401464,0.061443197
2020,8,HAL,BS,10,15,371,0.490818575,0.1159148,0.221133821,0.06122189
2020,8,HAL,BS,11,14,222,0.489695033,0.103321644,0.213921973,0.044996934
2020,8,HAL,BS,12,4,59,0.523680417,0.09605667,0.234581441,0.039562406
2021,1,TRW,BS,2,25,210,190.808862,29.40986155,159.2223342,24.25336586
2021,1,TRW,BS,3,10,82,116.2793414,19.62628652,116.2946573,20.55845462
2021,1,TRW,BS,4,8,47,81.09458504,16.34844268,60.62805477,16.59935028
2021,1,TRW,BS,6,2,4,7.652933278,2.544241435,7.670981936,2.01112799
2021,6,POT,BS,1,12,163,111.7270896,18.081727,52.47113995,7.379291584
2021,6,POT,BS,2,1,31,156.1204347,30.55923147,26.35233391,5.342686205
2021,6,POT,BS,3,1,38,92.50624072,24.13566077,26.188464,7.416738528
2021,6,POT,BS,4,1,20,182.6227831,48.73787809,48.1057697,11.85959271
2021,8,HAL,BS,1,12,212,0.724104508,0.1546203,0.325677939,0.05603235
2021,8,HAL,BS,2,11,244,0.83328072,0.195132648,0.38119282,0.086071302
2021,8,HAL,BS,3,12,223,0.813787412,0.213850166,0.338241791,0.080688537
2021,8,HAL,BS,4,10,205,0.662082069,0.201151958,0.28022141,0.071622462
2021,8,HAL,BS,5,7,122,0.390203515,0.119870458,0.163942782,0.037368916
2021,8,HAL,BS,6,9,114,0.554031063,0.128879119,0.247782408,0.052970214
2021,8,HAL,BS,7,9,286,0.499916225,0.131900221,0.187972242,0.054447278
2021,8,HAL,BS,8,9,110,0.437171472,0.109188722,0.194588312,0.042298611
