YEAR,OBS_GEAR_CODE,FMP_GEAR,FMP_SUBAREA,MONTH,NHAUL,NVES,MCPUEW,MCPUEN,sdCPUEW,sdCPUEN
1996,1,TRW,BS,1,84,12,21.48450993,9.231540702,28.38322731,8.599581095
1996,1,TRW,BS,2,115,14,32.6212388,12.23220504,44.47731042,15.55470075
1996,1,TRW,BS,3,531,21,39.99090274,13.94530653,48.7853645,17.47451355
1996,1,TRW,BS,4,324,7,42.33901959,13.48933958,67.05970518,22.00521249
1996,1,TRW,BS,5,12,2,40.0456635,22.92319665,15.86652085,9.572780473
1996,1,TRW,BS,6,81,7,14.75943027,6.851786188,17.1828329,9.395237603
1996,1,TRW,BS,7,3,1,16.78167222,3.576055556,17.93343175,2.996717928
1996,1,TRW,BS,9,4,1,24.20836667,7.24775,19.90922295,9.694283324
1996,1,TRW,BS,11,34,5,29.9136295,5.152602501,36.94432287,5.858539916
1997,1,TRW,BS,1,58,5,46.42737381,15.82351441,35.87258753,11.33480803
1997,1,TRW,BS,2,420,25,67.942353,20.11155056,60.15298893,14.77241467
1997,1,TRW,BS,3,1661,75,50.40396686,16.63187317,69.42968992,20.65083122
1997,1,TRW,BS,4,1271,68,34.46700082,10.85449211,27.65795511,9.111214777
1997,1,TRW,BS,5,253,21,16.89011555,6.879116231,14.91027909,6.55865126
1997,1,TRW,BS,6,63,5,6.938622532,3.116537343,4.668090825,2.261699386
1997,1,TRW,BS,7,7,4,19.85253154,3.974090836,31.14618138,4.65247242
1997,1,TRW,BS,8,79,5,20.24119445,4.216911,20.03454898,3.47201427
1997,1,TRW,BS,9,1,1,1.7248,0.584666667,NA,NA
1998,1,TRW,BS,1,160,13,43.2177368,8.719026995,37.29637469,6.634033925
1998,1,TRW,BS,2,201,21,62.66267067,12.77563344,42.38364061,7.901797362
1998,1,TRW,BS,3,1305,68,33.82432871,9.696699899,63.02122792,16.04326294
1998,1,TRW,BS,4,588,62,20.19174899,5.182473406,16.86583023,4.10854638
1998,1,TRW,BS,5,46,5,14.67812759,7.255116974,12.47303463,6.416205546
1998,1,TRW,BS,6,36,2,17.72636876,10.65003901,12.84548439,9.197440766
1998,1,TRW,BS,7,19,1,33.81260195,9.484878999,33.2950379,9.213589166
1998,1,TRW,BS,8,110,11,16.55696369,5.428726029,14.91646246,4.8064477
1998,1,TRW,BS,9,40,3,15.0743471,3.867862097,13.39662481,3.21437825
1998,1,TRW,BS,10,27,3,6.52609379,1.914474595,6.736471396,1.856967086
1998,1,TRW,BS,11,25,4,7.146058664,1.236685333,6.813596348,1.106293303
1999,1,TRW,BS,1,240,16,23.26993868,7.043328703,19.26717435,10.76401702
1999,1,TRW,BS,2,460,39,46.34318428,12.06128493,36.65548939,10.6493321
1999,1,TRW,BS,3,935,60,32.05284911,10.22592026,52.53328382,14.96736134
1999,1,TRW,BS,4,569,56,33.93960738,12.33432691,122.0587291,39.8679164
1999,1,TRW,BS,5,128,12,19.48680406,8.194201958,13.43724783,6.110017982
1999,1,TRW,BS,6,2,1,17.72239642,16.19026854,16.63919913,19.00308422
1999,1,TRW,BS,7,5,1,15.97518223,5.455221675,20.83048462,7.326032162
1999,1,TRW,BS,8,7,2,12.95729358,3.850509467,8.979256151,2.837165745
1999,1,TRW,BS,9,24,3,15.10229883,5.424205355,9.274021891,2.985179923
1999,1,TRW,BS,10,21,7,13.38917823,2.655075048,8.38773313,1.336107443
1999,1,TRW,BS,11,10,2,10.96196253,2.112198077,15.55080391,2.216786873
1999,1,TRW,BS,12,3,2,8.676271225,1.443156695,2.483612733,0.319563506
2000,1,TRW,BS,1,93,16,32.64273651,6.847206455,25.27138196,5.569221359
2000,1,TRW,BS,2,483,32,32.28663167,7.87094132,22.55950881,6.087784986
2000,1,TRW,BS,3,575,59,34.86229991,9.034753905,51.95712238,12.89092364
2000,1,TRW,BS,4,836,57,22.72804511,7.519058611,27.337358,9.111387633
2000,1,TRW,BS,5,130,12,25.49187992,14.59815307,25.50714819,18.41075843
2000,1,TRW,BS,6,27,6,10.45478651,6.335298922,7.099488562,4.647234379
2000,1,TRW,BS,7,6,4,10.21754601,3.688680556,11.45667418,3.076688565
2000,1,TRW,BS,9,6,1,64.15817804,15.49938284,137.0533055,31.81824057
2001,1,TRW,BS,1,47,10,11.21715443,2.58946297,7.236995392,1.745331772
2001,1,TRW,BS,2,320,21,24.46799824,7.335060281,23.11993122,9.756956448
2001,1,TRW,BS,3,328,31,29.03982819,8.959877902,60.98000512,20.623756
2001,1,TRW,BS,4,479,50,14.93609524,4.412545715,12.73999188,4.76130438
2001,1,TRW,BS,5,36,6,13.7107626,5.725522434,13.29869464,5.294799083
2001,1,TRW,BS,6,91,5,41.84045651,21.00662572,41.62592037,20.9523847
2001,1,TRW,BS,7,36,4,55.95874762,23.18058524,100.6565261,38.9458741
2001,1,TRW,BS,8,53,5,13.75277501,3.375804565,14.90567967,3.569390605
2001,1,TRW,BS,9,133,15,14.12405077,3.765139884,17.11529619,4.336181181
2001,1,TRW,BS,10,26,8,6.64169044,2.233134429,7.183047581,2.631057628
2002,1,TRW,BS,1,27,4,31.2306608,20.7942141,26.79034072,35.53444425
2002,1,TRW,BS,2,320,26,37.60272282,10.34396467,27.55604655,7.905377352
2002,1,TRW,BS,3,526,47,33.31984402,10.27429629,54.1543086,17.12560174
2002,1,TRW,BS,4,452,43,16.66778011,5.364633507,22.82531221,6.945167344
2002,1,TRW,BS,5,181,10,20.04358529,10.55901372,17.64471982,9.423666159
2002,1,TRW,BS,6,155,7,38.99769809,26.66216786,35.61420436,27.21722299
2002,1,TRW,BS,7,29,3,28.48302137,21.65637493,21.08599762,17.06871203
2002,1,TRW,BS,8,153,11,11.63532787,4.257148821,7.547214527,3.13871443
2002,1,TRW,BS,9,77,7,13.09016135,3.445947146,14.63933108,5.32758613
2002,1,TRW,BS,10,56,6,12.57376994,3.560472261,16.87423008,4.062806467
2002,1,TRW,BS,11,16,3,26.02360619,9.087189514,20.46097609,8.065655876
2003,1,TRW,BS,1,45,5,17.29385162,6.464301469,13.8601861,6.993613796
2003,1,TRW,BS,2,234,20,22.94756556,7.38054347,18.65769303,9.969326609
2003,1,TRW,BS,3,583,38,31.67917744,8.340603987,49.00941967,12.01327857
2003,1,TRW,BS,4,587,54,18.98329243,5.696036968,83.88523457,20.25732893
2003,1,TRW,BS,5,156,14,11.89156005,4.923857226,7.753715204,4.592638164
2003,1,TRW,BS,6,237,7,36.92259396,15.59780871,60.68225021,18.00733301
2003,1,TRW,BS,7,87,6,39.59139218,10.600527,54.4432337,11.30612037
2003,1,TRW,BS,8,348,12,17.01550795,5.062951121,17.39060675,5.914273662
2003,1,TRW,BS,9,149,9,17.99659058,4.167164079,25.91027148,5.184794088
2004,1,TRW,BS,1,163,13,45.38900841,21.93698829,45.69024368,23.98985354
2004,1,TRW,BS,2,363,27,53.15190046,15.44298687,89.7707468,27.43996066
2004,1,TRW,BS,3,384,35,53.3220792,14.45143907,92.8279072,25.32282159
2004,1,TRW,BS,4,310,43,26.45548453,8.981327829,46.06484456,17.31171014
2004,1,TRW,BS,5,185,9,22.6416642,13.13462184,22.06635193,11.95344669
2004,1,TRW,BS,6,418,16,21.98640096,9.952630674,26.05366026,18.4844461
2004,1,TRW,BS,7,157,10,26.33829508,6.180046214,39.3167229,6.22926464
2004,1,TRW,BS,8,569,17,15.88914395,3.582737234,18.91296148,3.764279122
2004,1,TRW,BS,9,210,13,16.65187032,2.745343891,23.42777742,3.238221641
2004,1,TRW,BS,10,92,8,8.966116709,1.776868221,8.403111149,1.493330261
2005,1,TRW,BS,1,189,9,28.95510039,10.27128651,19.25320248,11.17369548
2005,1,TRW,BS,2,636,32,35.80906451,8.787156721,32.37738998,7.575526476
2005,1,TRW,BS,3,397,30,66.50402913,16.53110987,161.9330577,46.55941319
2005,1,TRW,BS,4,362,34,23.4101879,6.589426892,26.17380542,7.94560463
2005,1,TRW,BS,5,216,11,17.27294814,9.431809988,15.34451183,10.105766
2005,1,TRW,BS,6,359,10,13.85350923,3.543583068,22.53623497,4.528412324
2005,1,TRW,BS,7,118,11,8.613583441,1.946583428,9.449364916,1.498861075
2005,1,TRW,BS,8,15,4,6.029615968,1.189718428,4.052737059,0.734080979
2005,1,TRW,BS,9,1,1,18.918,4,NA,NA
2006,1,TRW,BS,1,201,18,27.60682176,7.315461863,23.80718391,6.715955728
2006,1,TRW,BS,2,561,40,34.36929222,7.643720176,24.53208089,5.895065603
2006,1,TRW,BS,3,264,30,39.51149668,8.137113511,39.0042556,7.794789279
2006,1,TRW,BS,4,401,40,43.87395359,11.78585407,124.2235348,40.39510732
2006,1,TRW,BS,5,372,14,23.70127217,6.384761353,23.49531255,5.766152469
2006,1,TRW,BS,6,23,2,13.92094174,9.065429092,6.70226052,5.270761464
2006,1,TRW,BS,7,23,3,7.416940614,2.071896874,9.213655346,2.097854013
2006,1,TRW,BS,8,251,12,14.20628351,4.293858802,16.27606588,6.074940328
2006,1,TRW,BS,9,16,3,7.150279238,1.201408687,4.996148035,0.778997426
2007,1,TRW,BS,1,80,16,18.94851252,5.734446005,18.96373776,9.320836736
2007,1,TRW,BS,2,363,35,26.1254258,5.988071386,17.40859129,4.842480478
2007,1,TRW,BS,3,304,28,42.71581628,9.20767974,70.64062203,13.79915414
2007,1,TRW,BS,4,611,39,33.42633966,8.605085929,36.54441274,9.132774031
2007,1,TRW,BS,5,349,13,27.86445793,10.16306002,25.0484573,9.494588071
2007,1,TRW,BS,6,186,12,33.92850083,20.77868835,30.50363097,23.65658076
2007,1,TRW,BS,7,30,3,18.57728491,6.56512319,14.46187984,5.140404882
2007,1,TRW,BS,8,2,2,12.06017491,4.668530466,6.903251858,3.837739686
2007,1,TRW,BS,9,7,3,0.338387229,0.134134199,0.296113972,0.103496669
2007,1,TRW,BS,10,1,1,0.143418605,0.020930233,NA,NA
2007,1,TRW,BS,11,4,1,3.878136986,2.832457983,1.956503049,1.432940237
2008,1,TRW,BS,1,52,8,16.19347336,4.69914889,10.9049239,4.040999606
2008,1,TRW,BS,2,288,24,22.84491048,5.496994541,23.48324531,5.390243384
2008,1,TRW,BS,3,151,21,26.60600932,7.521209916,17.64294369,7.574873388
2008,1,TRW,BS,4,127,21,29.53050593,6.556171563,46.32744575,11.09671198
2008,1,TRW,BS,5,83,3,38.63042013,15.32378191,52.35679476,22.55531127
2008,1,TRW,BS,6,4,3,7.270283075,3.118701085,4.150618032,2.589144821
2008,1,TRW,BS,7,8,2,10.21660666,2.63546744,7.815266894,3.228000771
2008,1,TRW,BS,8,52,5,75.11575145,76.31000634,76.02026054,106.4880032
2008,1,TRW,BS,9,24,3,11.58022357,8.28585645,13.74607812,12.31995227
2008,1,TRW,BS,10,11,2,1.863183836,1.282895699,2.734135933,2.368454461
2008,1,TRW,BS,11,2,1,15.308742,4.837308142,10.01107876,2.790295239
2009,1,TRW,BS,1,26,6,18.10755443,6.669557334,14.21192633,7.409708225
2009,1,TRW,BS,2,228,17,36.00428884,11.99759172,22.76413962,10.33907871
2009,1,TRW,BS,3,159,17,54.69048225,13.17662306,119.0485842,27.15949484
2009,1,TRW,BS,4,52,15,74.86340807,20.19283794,160.8880605,36.94123196
2009,1,TRW,BS,5,8,4,32.59460101,17.36276684,46.08986844,24.18967285
2009,1,TRW,BS,6,41,3,24.78760978,14.16515816,27.4473208,18.00162615
2009,1,TRW,BS,7,28,2,28.81853564,18.57557289,35.50645672,25.58084296
2009,1,TRW,BS,8,14,6,20.9538134,14.93007047,23.86653634,21.07453311
2009,1,TRW,BS,9,1,1,15.19764493,2.5,NA,NA
2009,1,TRW,BS,10,63,4,44.60435067,26.69743366,32.30034741,22.85399265
2009,1,TRW,BS,11,1,1,10.04511111,3.2,NA,NA
2010,1,TRW,BS,1,41,7,22.49259552,9.58526655,21.14974423,10.67748957
2010,1,TRW,BS,2,410,25,41.50893523,14.12942416,24.99028039,9.353976544
2010,1,TRW,BS,3,92,13,51.08608344,14.81421012,74.13208599,18.14390924
2010,1,TRW,BS,4,1,1,58.37694064,8.698630137,NA,NA
2010,1,TRW,BS,5,7,5,16.55419011,9.993758426,9.143445525,6.292352318
2010,1,TRW,BS,6,4,2,26.28014346,17.59295337,13.61949398,11.26278293
2010,1,TRW,BS,7,22,4,42.73651864,19.55770291,46.32183626,22.53095286
2010,1,TRW,BS,8,30,3,25.98431144,16.37021631,19.98673237,11.38065304
2010,1,TRW,BS,9,14,2,125.6372283,71.35869125,89.22016064,48.15185928
2010,1,TRW,BS,10,42,5,39.24491471,25.86287483,34.71797511,23.91077518
2011,1,TRW,BS,1,110,16,45.0194751,13.04100531,36.85555971,15.42552453
2011,1,TRW,BS,2,502,31,50.15250525,12.51244069,28.94613835,7.349701694
2011,1,TRW,BS,3,292,19,84.60796625,22.89999436,125.3374851,35.74896137
2011,1,TRW,BS,4,97,23,35.84728826,16.28622196,44.10329237,16.93958028
2011,1,TRW,BS,5,11,4,36.87704441,24.13539559,76.64187817,52.67188274
2011,1,TRW,BS,6,5,2,68.89218461,54.53448242,10.57527477,13.43107148
2011,1,TRW,BS,7,51,8,46.42093321,37.52185445,44.697507,41.88647935
2011,1,TRW,BS,8,27,5,38.19132769,28.06848909,33.35857217,27.48994043
2011,1,TRW,BS,9,90,8,51.39933551,39.88073162,44.18033409,37.36133191
2011,1,TRW,BS,10,23,8,43.64695609,32.17553709,50.6196913,38.92937505
2011,1,TRW,BS,11,1,1,29.7874359,8.502564103,NA,NA
2012,1,TRW,BS,1,63,13,87.6536331,25.94785666,39.47084373,14.63740225
2012,1,TRW,BS,2,665,41,103.3410208,28.95851602,74.6494218,21.33630878
2012,1,TRW,BS,3,165,29,70.4127193,25.60713367,170.7334231,98.26987075
2012,1,TRW,BS,4,220,29,42.69874775,15.63504877,39.71428421,16.97860143
2012,1,TRW,BS,5,32,7,55.10628014,35.25675979,120.2078036,80.98967907
2012,1,TRW,BS,6,3,3,39.86497032,25.22733725,30.49140083,23.67161142
2012,1,TRW,BS,8,28,3,32.99452819,21.70955279,18.75187714,15.77455892
2012,1,TRW,BS,9,5,4,27.98446255,27.763454,32.1335377,41.91586658
2012,1,TRW,BS,10,27,1,41.0120643,25.79451528,21.12950774,12.4421582
2012,1,TRW,BS,11,3,1,9.729869437,1.96073314,5.566897074,1.080403486
2013,1,TRW,BS,1,175,20,59.81746723,15.15148035,40.04608934,11.41014162
2013,1,TRW,BS,2,880,45,70.69603672,17.2819606,51.16572282,12.89298449
2013,1,TRW,BS,3,383,30,45.71264381,11.74427644,30.96817478,8.538979486
2013,1,TRW,BS,4,192,22,83.80827596,35.82612192,165.828786,75.82031796
2013,1,TRW,BS,5,52,7,23.48867237,15.32004571,23.23142417,17.27246398
2013,1,TRW,BS,6,18,4,20.36306968,8.205566754,17.09932193,7.593371224
2013,1,TRW,BS,7,5,2,53.90297536,23.62543934,35.72027157,19.19145745
2013,1,TRW,BS,8,96,7,51.44111297,30.18685883,37.81495377,21.82956848
2013,1,TRW,BS,9,220,8,63.36548374,39.88283929,57.25207763,35.48895639
2013,1,TRW,BS,10,19,2,35.71567486,25.37533784,22.4613642,17.75371782
2013,1,TRW,BS,11,3,1,13.16926081,13.42552562,16.55549304,17.78304534
2014,1,TRW,BS,1,95,18,53.97049915,11.04879893,24.07241668,4.742725679
2014,1,TRW,BS,2,781,32,53.83429289,11.96047579,36.19188067,8.194900363
2014,1,TRW,BS,3,689,29,62.56091541,15.04299684,64.12832425,16.62727726
2014,1,TRW,BS,4,238,14,53.58232653,30.47034816,70.38040575,35.46494404
2014,1,TRW,BS,5,195,4,62.7731056,64.05240284,44.71803962,45.68210003
2014,1,TRW,BS,6,3,2,9.674970798,3.771026479,1.626383219,2.127252193
2014,1,TRW,BS,7,1,1,15.57862745,5.109803922,NA,NA
2014,1,TRW,BS,8,106,4,31.54587588,16.82909097,28.62040038,18.05664531
2014,1,TRW,BS,9,48,5,52.50553213,28.05124445,47.29331002,28.57073638
2014,1,TRW,BS,10,2,2,18.37956572,4.842326362,15.12002256,3.868865603
2014,1,TRW,BS,12,1,1,23.73156425,11.19180633,NA,NA
2015,1,TRW,BS,1,125,21,18.11634864,4.274962291,11.49356031,3.122477592
2015,1,TRW,BS,2,490,33,56.86793238,13.08154152,35.76567712,9.881316746
2015,1,TRW,BS,3,505,29,73.44071238,20.2890283,80.31657437,23.93748318
2015,1,TRW,BS,4,191,21,48.77830346,22.38192476,50.42578577,29.41530937
2015,1,TRW,BS,5,75,5,60.49914379,39.03728086,48.56914923,32.50239394
2015,1,TRW,BS,6,59,1,49.46759108,35.70241817,40.03953882,28.086505
2015,1,TRW,BS,7,8,3,53.22606706,21.95464763,41.89736457,14.15081434
2015,1,TRW,BS,8,87,4,107.0582615,36.40638381,136.444312,41.11941018
2015,1,TRW,BS,9,7,1,14.01377588,4.429317537,8.906293108,2.363997036
2015,1,TRW,BS,10,1,1,4.132222222,1.911111111,NA,NA
2016,1,TRW,BS,1,54,13,38.1742555,16.16875591,86.13919521,51.80815434
2016,1,TRW,BS,2,807,46,63.79983157,18.69699064,45.09324609,17.38153049
2016,1,TRW,BS,3,476,33,88.17574859,27.4782576,112.5479948,34.07391544
2016,1,TRW,BS,4,176,22,47.12344284,15.08677126,72.18352126,23.13988532
2016,1,TRW,BS,6,46,5,24.31590847,5.981971418,16.76866108,4.979304442
2016,1,TRW,BS,7,34,3,39.71952022,10.75393286,26.63016616,6.941640301
2016,1,TRW,BS,8,31,3,25.53007938,7.075245553,12.98426238,3.158567986
2016,1,TRW,BS,9,35,3,23.07060417,6.531744979,14.8857135,4.039024714
2016,1,TRW,BS,10,32,6,30.38857135,7.362992361,21.07177517,4.590579756
2016,1,TRW,BS,11,21,1,55.02398201,10.27762709,50.0892263,8.223981603
2017,1,TRW,BS,1,146,16,40.57863012,8.574402436,31.12142054,6.642092651
2017,1,TRW,BS,2,965,45,87.80850154,20.15572412,75.57239209,18.42021629
2017,1,TRW,BS,3,64,8,88.70589347,32.26174636,73.00349198,30.44695267
2017,1,TRW,BS,4,117,15,78.508004,28.04476279,88.27863044,32.18388271
2017,1,TRW,BS,5,23,2,22.32756226,12.77144813,19.71985472,11.22004614
2017,1,TRW,BS,6,21,3,15.97535611,4.421822347,42.68682295,11.74249027
2017,1,TRW,BS,7,3,1,14.86488928,3.827659992,5.584436507,0.732213934
2017,1,TRW,BS,8,2,2,15.85097475,4.641414141,14.01473498,3.414111529
2017,1,TRW,BS,9,15,4,5.457495019,1.258561051,3.953739009,0.815744017
2017,1,TRW,BS,10,11,2,19.67627845,3.438637249,13.77220604,1.707542271
2018,1,TRW,BS,1,231,29,57.61599014,13.11891859,84.62538027,18.88437952
2018,1,TRW,BS,2,875,44,68.05637403,14.81683024,64.90160516,14.57285823
2018,1,TRW,BS,3,64,9,264.6480018,87.30123943,421.1859,143.898271
2018,1,TRW,BS,4,216,22,227.1996464,74.92845375,383.594984,144.4596252
2018,1,TRW,BS,6,10,2,14.57126126,2.412875766,11.70703844,1.819623597
2018,1,TRW,BS,7,32,1,13.30667087,3.27983118,7.756400032,1.590144665
2018,1,TRW,BS,8,14,1,13.25757064,3.529223679,5.1042308,1.794308264
2018,1,TRW,BS,11,1,1,11.61833333,2.066666667,NA,NA
2019,1,TRW,BS,1,313,34,55.83864698,10.39626428,40.08033702,8.750399137
2019,1,TRW,BS,2,407,38,72.86006428,14.29622955,59.95123128,11.70070487
2019,1,TRW,BS,3,69,11,164.4071402,35.04752167,176.0350548,37.04653798
2019,1,TRW,BS,4,96,23,258.2273436,74.28642496,489.7610442,151.6833441
2019,1,TRW,BS,5,4,3,7.723946462,2.174492945,5.968069672,1.57773377
2019,1,TRW,BS,7,8,2,23.5512605,6.588563016,13.8637378,4.095906048
2019,1,TRW,BS,8,17,2,15.38643914,3.849422712,7.925753424,1.795188354
2019,1,TRW,BS,9,122,3,15.03859707,2.746679344,14.74720168,2.108463431
2019,1,TRW,BS,10,1,1,5.306333333,0.725,NA,NA
2019,1,TRW,BS,11,5,1,20.95575282,3.799837889,5.603942382,1.215516043
2020,1,TRW,BS,1,130,32,28.41094233,4.068783811,21.76049119,2.991015682
2020,1,TRW,BS,2,425,40,193.3709286,28.04572506,145.243299,22.14069528
2020,1,TRW,BS,3,47,3,65.11869986,24.6876459,57.18066593,24.63781819
2020,1,TRW,BS,4,11,5,29.34116067,7.592963551,30.68584208,6.510743483
2020,1,TRW,BS,5,15,4,18.19959918,5.560078516,17.21782955,5.981902822
2020,1,TRW,BS,8,7,2,6.848950964,1.342877408,4.474755541,0.985667597
2020,1,TRW,BS,9,2,1,11.53629487,2.314519223,4.660237723,1.201639472
2020,1,TRW,BS,10,2,1,12.03942363,2.12108336,8.02848577,0.959668682
2021,1,TRW,BS,2,210,25,190.808862,29.40986155,159.2223342,24.25336586
2021,1,TRW,BS,3,82,10,116.2793414,19.62628652,116.2946573,20.55845462
2021,1,TRW,BS,4,47,8,81.09458504,16.34844268,60.62805477,16.59935028
2021,1,TRW,BS,6,4,2,7.652933278,2.544241435,7.670981936,2.01112799
1996,6,POT,BS,3,134,3,71.8341673,26.90270149,27.04719602,12.45376178
1996,6,POT,BS,4,162,2,57.5664875,19.11864831,21.35354102,8.87609935
1996,6,POT,BS,5,108,2,55.3636598,11.28760965,19.86813323,4.435671885
1996,6,POT,BS,6,142,2,69.66708199,13.24051166,25.9006137,3.726131725
1996,6,POT,BS,7,278,3,45.86126124,14.30431844,23.91254468,7.497067184
1996,6,POT,BS,8,246,4,47.44981057,12.01200642,21.59488493,6.476561814
1996,6,POT,BS,9,14,3,39.87272841,10.97761381,15.56650432,3.479500029
1996,6,POT,BS,10,304,6,44.55019447,10.73546731,19.66467837,4.762454551
1996,6,POT,BS,11,18,1,56.94077751,9.800315581,16.03031191,2.434562712
1996,6,POT,BS,12,14,1,4.709534459,0.994321413,2.737825707,0.448898479
1997,6,POT,BS,3,44,6,82.36964536,26.9533799,30.61037788,8.967062319
1997,6,POT,BS,4,960,23,96.09805347,28.53600054,42.52167673,11.97748501
1997,6,POT,BS,5,792,26,52.72073339,14.73191787,27.05785573,7.525776633
1997,6,POT,BS,6,433,13,49.15262333,11.44684599,27.93954337,5.091109144
1997,6,POT,BS,7,210,5,40.50436752,9.663728772,24.67145239,5.257781796
1997,6,POT,BS,8,78,5,53.27912732,13.15671534,22.94830925,4.670009046
1997,6,POT,BS,9,140,8,29.28822248,8.142467364,22.07720163,5.963311371
1997,6,POT,BS,10,362,12,54.11407683,10.88201415,23.46441667,4.357493495
1997,6,POT,BS,11,45,6,37.89483634,8.31218018,27.70434198,5.520841827
1997,6,POT,BS,12,78,4,42.13862903,9.634801559,21.73212161,3.270735059
1998,6,POT,BS,4,443,18,77.58916567,21.75067996,37.90214104,9.017331096
1998,6,POT,BS,5,649,24,52.665786,15.34517962,31.65523571,8.648609375
1998,6,POT,BS,6,260,11,45.1453346,12.09629536,23.4934112,6.009134513
1998,6,POT,BS,7,144,5,53.25553439,11.88256211,26.96986877,5.228261894
1998,6,POT,BS,8,42,3,36.53659732,10.31279389,13.07179424,4.145708504
1998,6,POT,BS,9,42,3,31.35275501,8.525187006,12.00309468,3.57499224
1998,6,POT,BS,10,164,13,28.59370031,6.354510141,16.77382996,2.926998644
1998,6,POT,BS,11,12,2,31.95861111,11.86827778,21.48757869,7.560889297
1998,6,POT,BS,12,14,4,50.84192041,11.34777551,39.71967188,7.548765751
1999,6,POT,BS,3,4,1,24.64898026,5.525970395,5.895012133,0.808689204
1999,6,POT,BS,4,436,23,67.99785968,18.98826923,43.25304683,10.02587278
1999,6,POT,BS,5,998,40,47.97804217,14.25566775,21.81177322,6.020462871
1999,6,POT,BS,6,108,6,37.54829218,11.62561897,19.46660584,6.79188564
1999,6,POT,BS,9,116,5,33.0403344,9.790302568,16.90770674,5.118183829
1999,6,POT,BS,10,256,13,39.58628624,10.04535941,19.2973023,6.488152013
2000,6,POT,BS,1,4,1,42.36541667,13.14833333,0.343042285,2.057291459
2000,6,POT,BS,2,594,30,57.45741126,15.0963257,27.5123261,6.547808112
2000,6,POT,BS,3,763,41,45.82033217,13.16579794,21.72060116,6.569485345
2000,6,POT,BS,9,22,1,66.4281324,25.14903457,11.30672739,5.148943561
2001,6,POT,BS,2,16,2,83.70803074,23.41870058,13.66289759,4.271733235
2001,6,POT,BS,3,864,42,64.81564731,19.06849663,31.80783857,9.848678948
2001,6,POT,BS,4,82,1,111.5494894,31.54449813,30.27390364,7.558995476
2001,6,POT,BS,5,38,1,93.58572132,29.09261475,18.42756135,4.527384693
2001,6,POT,BS,9,436,15,44.39248447,13.31313043,30.39209731,10.53598988
2001,6,POT,BS,10,142,8,52.18005238,18.79553785,36.06245435,13.57908573
2001,6,POT,BS,11,22,3,32.42226795,11.44240146,30.71651009,10.93355311
2001,6,POT,BS,12,30,2,47.23612229,11.55408006,24.93189954,5.49303649
2002,6,POT,BS,2,76,8,85.80670452,22.83635059,34.38621247,9.318717564
2002,6,POT,BS,3,703,41,65.97840702,17.25504099,26.52228225,6.372826871
2002,6,POT,BS,5,2,1,5.15,1.285714286,0,0
2002,6,POT,BS,9,324,16,43.23934038,13.2257574,22.23584123,7.695051089
2002,6,POT,BS,10,119,10,41.87095444,11.22225213,14.11128256,3.775728048
2002,6,POT,BS,11,93,4,48.50797446,14.97482322,22.42883394,5.374287525
2002,6,POT,BS,12,5,1,106.9315929,28.44320774,17.13127959,6.700713323
2003,6,POT,BS,2,684,39,74.93703668,18.60543327,29.14594837,6.71693137
2003,6,POT,BS,3,186,29,69.89235761,16.73074702,22.09631598,4.613242927
2003,6,POT,BS,9,494,17,57.33639658,16.59167566,21.93388548,6.397358892
2003,6,POT,BS,10,54,8,62.5301001,17.46914345,28.31175322,6.418269631
2003,6,POT,BS,11,152,13,60.63699565,14.49062593,35.98092294,6.322824358
2003,6,POT,BS,12,4,1,13.73825676,3.919369369,5.063658338,1.715926611
2004,6,POT,BS,1,36,6,62.23458385,15.79271352,26.63429963,5.924448958
2004,6,POT,BS,2,542,44,80.03176092,21.88396489,31.07175024,8.107356367
2004,6,POT,BS,3,102,3,72.34104094,23.75373995,27.37141426,6.088742333
2004,6,POT,BS,9,318,16,48.91624802,11.5162341,18.92222181,4.68198618
2004,6,POT,BS,10,60,9,40.34133809,10.46087624,18.69362727,4.554153864
2004,6,POT,BS,11,87,4,67.55027444,18.8853591,27.38120859,9.807234979
2005,6,POT,BS,1,46,5,110.6526791,23.79174163,21.89522813,4.578537394
2005,6,POT,BS,2,532,34,82.19282305,20.81652458,32.09514643,8.378788984
2005,6,POT,BS,3,20,1,150.504342,33.76710512,14.88316084,3.303345307
2005,6,POT,BS,4,32,1,87.86822941,23.12646784,23.61547562,7.249727546
2005,6,POT,BS,9,194,14,52.143527,13.31542741,27.30850239,7.624313047
2005,6,POT,BS,10,260,15,40.26528936,10.43962394,24.32024196,7.00596514
2005,6,POT,BS,11,10,1,68.74519143,20.62830295,14.44742349,2.809418244
2006,6,POT,BS,1,532,28,85.14257271,20.45525746,37.98496421,10.04252112
2006,6,POT,BS,2,121,13,73.1549106,18.84395319,27.48601351,6.034505867
2006,6,POT,BS,3,68,2,108.1595076,26.14097686,22.53651953,5.40804629
2006,6,POT,BS,4,36,2,130.9705655,32.28807849,28.79738213,6.424732708
2006,6,POT,BS,9,320,17,48.82203232,11.24297863,31.33974457,5.649711841
2006,6,POT,BS,10,168,12,67.14000028,15.23957015,45.47213528,10.12757238
2006,6,POT,BS,11,62,3,35.11931711,7.261015907,14.75288863,3.547299718
2006,6,POT,BS,12,38,3,37.99384306,7.730578926,13.10433042,2.080358038
2007,6,POT,BS,1,636,39,63.82042748,13.0895669,27.18506867,5.762688783
2007,6,POT,BS,2,56,2,79.84165079,20.56515246,20.77491907,3.23149357
2007,6,POT,BS,9,326,20,63.00101122,16.47187709,42.52678973,11.69619948
2007,6,POT,BS,10,36,3,92.94562024,16.65129129,42.22719316,3.320994968
2008,6,POT,BS,1,350,30,79.73873825,17.41077264,31.19289616,5.578030053
2008,6,POT,BS,9,411,19,64.3327799,14.23114894,38.34973387,8.246285916
2008,6,POT,BS,10,181,18,43.03695599,12.42915436,16.28717838,5.598557634
2009,6,POT,BS,1,465,21,91.92553477,19.32747,35.3013088,6.856933775
2009,6,POT,BS,2,4,2,87.57038254,19.47718295,13.22540463,4.725089817
2009,6,POT,BS,3,36,1,109.7535498,23.83056785,27.5749296,4.674658089
2009,6,POT,BS,4,40,1,91.87976738,22.45128811,27.81580636,5.772480553
2009,6,POT,BS,9,186,2,68.50601767,19.40829153,26.51565932,8.198193983
2009,6,POT,BS,10,50,1,88.94279517,16.16303567,17.8860592,2.487854298
2009,6,POT,BS,11,82,1,50.43753068,15.53877358,21.03452405,6.299246798
2010,6,POT,BS,1,528,24,86.05694803,22.70375221,32.08611107,7.049930233
2010,6,POT,BS,2,36,1,126.5270089,33.93619979,42.69951887,9.569580266
2010,6,POT,BS,9,273,8,86.31511209,26.32209793,38.54188947,12.41760184
2010,6,POT,BS,10,75,7,77.06190213,24.2576845,30.07523353,8.209427976
2010,6,POT,BS,11,83,4,94.66077695,28.13987926,42.86023518,12.21856074
2011,6,POT,BS,1,731,27,131.2803315,35.67337922,49.63181146,13.82678217
2011,6,POT,BS,9,472,16,83.91683191,28.70678531,126.6586931,40.2460678
2011,6,POT,BS,10,301,14,76.40882898,25.55761753,48.86762021,15.56291524
2012,6,POT,BS,1,597,28,144.5685117,41.814809,58.23373097,14.22353232
2012,6,POT,BS,2,156,2,106.6462479,32.81168509,30.07160902,10.12257327
2012,6,POT,BS,3,31,1,132.6027998,50.54560086,32.75743803,11.69370149
2012,6,POT,BS,4,29,1,187.976177,67.62443921,44.41889839,14.07483136
2012,6,POT,BS,5,37,1,167.4562634,70.01094745,26.83934048,8.853075294
2012,6,POT,BS,9,664,17,56.93174682,23.93246665,29.47757843,14.67185905
2012,6,POT,BS,10,250,5,81.53578582,28.23732794,50.05394688,15.79753279
2012,6,POT,BS,11,54,1,104.0869585,32.27097955,39.10002196,12.25955903
2013,6,POT,BS,1,521,12,130.109937,33.17635756,47.2708216,12.11376517
2013,6,POT,BS,2,248,7,133.5296079,40.37150012,51.04848161,13.60644041
2013,6,POT,BS,3,57,2,112.3798642,31.84264357,31.77018395,8.772068334
2013,6,POT,BS,9,355,5,98.47938304,26.81757281,48.65895638,13.69774083
2013,6,POT,BS,10,498,7,81.076177,24.10449716,30.25674228,9.486617085
2013,6,POT,BS,11,482,6,89.01403826,25.98537503,25.61812119,7.627362288
2013,6,POT,BS,12,18,2,100.9470322,22.45554159,13.71088705,3.796523249
2014,6,POT,BS,1,524,24,96.33613391,24.97987569,39.36300188,9.394150354
2014,6,POT,BS,2,236,9,120.4610998,31.85981738,46.67526084,12.50983933
2014,6,POT,BS,3,104,3,160.6766528,40.56793501,42.03007514,8.861328386
2014,6,POT,BS,4,32,2,246.4037974,63.81958636,56.12918609,11.45625515
2014,6,POT,BS,5,48,1,159.2470015,58.40970108,40.77093773,13.52671708
2014,6,POT,BS,9,288,7,87.84141716,28.1652212,26.2661013,8.231488534
2014,6,POT,BS,10,292,11,73.34692867,24.73046185,30.96777926,7.970736141
2014,6,POT,BS,11,312,9,54.0102622,19.05757079,17.45023485,6.600094539
2014,6,POT,BS,12,94,5,107.0222625,29.7709804,40.57003756,10.41004812
2015,6,POT,BS,1,683,25,91.95997339,25.38450932,32.7606008,9.597070007
2015,6,POT,BS,2,288,14,137.5573603,35.03335643,57.2348513,13.90036711
2015,6,POT,BS,3,446,8,138.8079037,39.366943,52.66290903,12.77026521
2015,6,POT,BS,4,72,3,131.3253886,40.52509417,55.71046831,15.15280388
2015,6,POT,BS,5,106,1,69.36564322,33.88929041,17.73819136,7.641056262
2015,6,POT,BS,8,236,1,73.06126172,29.73122489,24.97461626,9.79021731
2015,6,POT,BS,9,414,9,93.40937026,31.44561215,34.59399152,12.15369836
2015,6,POT,BS,10,634,10,79.47342418,27.14377402,27.92737723,9.169295397
2015,6,POT,BS,11,263,9,65.91525483,19.79537173,26.07370556,8.120022151
2015,6,POT,BS,12,92,6,86.69481551,27.00137964,40.88375356,11.14495717
2016,6,POT,BS,1,643,22,88.90475715,25.22142548,42.14453644,11.98814309
2016,6,POT,BS,2,453,9,109.7481077,31.89337132,30.64216231,8.823795815
2016,6,POT,BS,3,252,6,116.3390816,36.32878113,55.21438923,12.93176561
2016,6,POT,BS,4,71,3,112.1057706,38.60303025,62.7044695,17.92954286
2016,6,POT,BS,8,76,1,91.96431155,32.4010353,20.75082705,6.60856772
2016,6,POT,BS,9,370,4,100.6235398,31.67413756,40.37732401,10.72890428
2016,6,POT,BS,10,290,10,80.02124789,23.23255325,42.85208599,10.51625014
2016,6,POT,BS,11,128,11,65.96845827,20.76318639,30.93489777,8.141926686
2016,6,POT,BS,12,272,6,81.44736985,21.51927791,33.14060672,7.645917242
2017,6,POT,BS,1,636,16,93.21301292,25.15932772,45.85594434,11.7761768
2017,6,POT,BS,2,98,4,158.2774663,45.81375077,63.97399418,20.11663524
2017,6,POT,BS,9,402,6,70.98595301,24.56545499,26.65067728,10.10745474
2017,6,POT,BS,10,418,5,71.76743514,21.03260091,38.47671792,12.36939542
2017,6,POT,BS,11,330,6,70.39681048,18.39378704,43.5196534,13.11557345
2017,6,POT,BS,12,102,7,64.84545469,17.27972346,32.39941691,9.515881828
2018,6,POT,BS,1,800,26,89.7120823,20.94509205,33.37368593,7.412788097
2018,6,POT,BS,2,153,2,139.315443,31.63418862,51.87389815,10.93492909
2018,6,POT,BS,3,70,3,182.0916232,49.49687173,72.72625366,23.52727998
2018,6,POT,BS,4,42,1,252.2241782,77.23339944,80.69787323,20.10591406
2018,6,POT,BS,9,482,9,89.98277888,25.73960662,48.20436711,10.79808829
2018,6,POT,BS,10,106,6,102.5307929,27.33728497,61.35552868,16.98274378
2018,6,POT,BS,11,24,3,55.63280072,13.92657139,23.1700939,4.402646601
2018,6,POT,BS,12,78,6,88.56152015,21.41585298,26.36351555,7.693430939
2019,6,POT,BS,1,545,29,95.58220244,21.21304761,44.82636531,10.34782081
2019,6,POT,BS,2,94,1,199.0283345,48.38147365,58.18646135,13.51431042
2019,6,POT,BS,3,120,4,215.4507143,58.50141219,74.18015308,21.16540028
2019,6,POT,BS,9,414,14,135.770273,33.29131807,98.97648799,22.38613866
2019,6,POT,BS,10,26,2,73.81402051,16.45230769,50.39146197,9.494528027
2019,6,POT,BS,11,23,3,142.8171274,28.40984304,83.4153313,11.30602554
2019,6,POT,BS,12,90,2,126.4304843,25.03924799,51.90735932,9.492373076
2020,6,POT,BS,1,436,22,94.66975571,16.6016201,44.16498565,8.129708386
2020,6,POT,BS,2,56,1,268.7570941,48.57156596,66.55375589,12.03405926
2020,6,POT,BS,3,60,1,154.9459725,37.01481627,46.15733912,9.308037149
2020,6,POT,BS,4,6,1,147.5494039,37.77681452,51.22110735,13.71143389
2020,6,POT,BS,7,10,1,36.56260932,7.462016317,25.91748215,5.134585992
2020,6,POT,BS,9,229,5,138.8597183,25.79900957,45.08003309,9.222814759
2020,6,POT,BS,10,62,1,128.658374,26.08408878,21.78787195,4.34597657
2021,6,POT,BS,1,326,12,111.7270896,18.081727,52.39035293,7.367930081
2021,6,POT,BS,2,62,1,156.1204347,30.55923147,26.13543858,5.298712731
2021,6,POT,BS,3,76,1,92.50624072,24.13566077,26.01328836,7.36712768
2021,6,POT,BS,4,40,1,182.6227831,48.73787809,47.48502409,11.70655929
1996,8,HAL,BS,1,1842,22,0.873864731,0.244378829,0.413038726,0.110449292
1996,8,HAL,BS,2,1410,23,0.88445951,0.255581656,0.371053457,0.091849049
1996,8,HAL,BS,3,2201,31,0.785916519,0.239305941,0.347168693,0.088934778
1996,8,HAL,BS,4,1778,27,0.725406707,0.226336088,0.314426745,0.09216589
1996,8,HAL,BS,5,644,17,0.670485564,0.191772325,0.308980614,0.085415263
1996,8,HAL,BS,9,2162,27,0.52356062,0.120500666,0.293434413,0.056944815
1996,8,HAL,BS,10,2114,27,0.552595092,0.128552143,0.282256226,0.062121355
1996,8,HAL,BS,11,532,23,0.576615021,0.12639454,0.33076577,0.064176703
1997,8,HAL,BS,1,1276,20,0.959765865,0.240464464,0.378860819,0.091662479
1997,8,HAL,BS,2,1579,22,1.013408839,0.270129469,0.402334719,0.106861185
1997,8,HAL,BS,3,1975,27,0.847906292,0.252292511,0.34165052,0.090290086
1997,8,HAL,BS,4,1058,21,0.837021679,0.263524595,0.305757224,0.093952542
1997,8,HAL,BS,5,1241,26,0.659802882,0.192473638,0.268820112,0.078308637
1997,8,HAL,BS,9,1148,27,0.574311207,0.136367778,0.328921251,0.067185964
1997,8,HAL,BS,10,2553,31,0.576513482,0.135309827,0.272094341,0.065960889
1997,8,HAL,BS,11,2271,30,0.548533065,0.133643552,0.244510928,0.060650275
1997,8,HAL,BS,12,1354,24,0.606505248,0.152851236,0.286359143,0.067003103
1998,8,HAL,BS,1,1684,21,0.852455317,0.222004095,0.373391913,0.093994408
1998,8,HAL,BS,2,1396,20,0.923967191,0.247386067,0.394928085,0.095169275
1998,8,HAL,BS,3,1368,21,0.690476317,0.206009863,0.331430033,0.086371943
1998,8,HAL,BS,4,1501,22,0.548150211,0.175607761,0.283028278,0.086605988
1998,8,HAL,BS,5,596,15,0.50937564,0.155693746,0.274077185,0.090007936
1998,8,HAL,BS,9,1068,26,0.367159605,0.089425177,0.190452918,0.044076712
1998,8,HAL,BS,10,3208,34,0.398715922,0.101246143,0.201752783,0.052978704
1998,8,HAL,BS,11,2096,23,0.481846456,0.125216798,0.248372997,0.063920728
1998,8,HAL,BS,12,1210,25,0.516831328,0.12694753,0.288091419,0.06746012
1999,8,HAL,BS,1,1883,23,0.722581223,0.191674832,0.325127939,0.090105648
1999,8,HAL,BS,2,1738,22,0.75987912,0.2287267,0.336200216,0.098032644
1999,8,HAL,BS,3,1895,29,0.637634311,0.205746353,0.355671938,0.089793404
1999,8,HAL,BS,4,1728,27,0.579038635,0.214269576,0.261451008,0.084053817
1999,8,HAL,BS,5,818,9,0.654038954,0.222821344,0.285395681,0.094196981
1999,8,HAL,BS,6,170,2,0.528324969,0.174308635,0.247000224,0.072549036
1999,8,HAL,BS,7,24,2,0.108795732,0.030137468,0.09471572,0.028273507
1999,8,HAL,BS,8,758,9,0.433939194,0.121730997,0.194708842,0.045781713
1999,8,HAL,BS,9,1670,31,0.509914229,0.133814099,0.245823116,0.061319651
1999,8,HAL,BS,10,2222,32,0.45847007,0.134952783,0.230510364,0.066253039
1999,8,HAL,BS,11,796,6,0.517329367,0.150230904,0.264149475,0.071078619
1999,8,HAL,BS,12,408,10,0.576718617,0.166921849,0.286440497,0.077370132
2000,8,HAL,BS,1,1713,26,0.843791605,0.262041237,0.409513232,0.117557449
2000,8,HAL,BS,2,1684,25,0.613855055,0.221766389,0.27427151,0.097068523
2000,8,HAL,BS,3,1206,25,0.638517059,0.232302173,0.333527851,0.104503844
2000,8,HAL,BS,4,728,8,0.562336663,0.206880279,0.292305007,0.096680077
2000,8,HAL,BS,5,420,6,0.606421412,0.205900736,0.247761457,0.079190893
2000,8,HAL,BS,6,76,2,0.699282891,0.194228137,0.227047901,0.055103465
2000,8,HAL,BS,7,40,1,0.603178483,0.16338547,0.276096481,0.071044689
2000,8,HAL,BS,8,748,9,0.459621072,0.122093185,0.216182996,0.046590371
2000,8,HAL,BS,9,3028,29,0.408513788,0.111664836,0.183861359,0.046451654
2000,8,HAL,BS,10,2058,28,0.365254153,0.107495665,0.167736083,0.051707793
2000,8,HAL,BS,11,2358,30,0.379958009,0.120482298,0.176366201,0.056359236
2000,8,HAL,BS,12,1774,29,0.449258694,0.135472444,0.204160319,0.058066071
2001,8,HAL,BS,1,1264,23,0.593835109,0.174345568,0.275496505,0.079107733
2001,8,HAL,BS,2,1152,22,0.569924095,0.174004764,0.266439945,0.071259546
2001,8,HAL,BS,3,2038,28,0.565320379,0.179399656,0.294285728,0.081818591
2001,8,HAL,BS,4,1328,9,0.503866206,0.183330811,0.241888739,0.092640194
2001,8,HAL,BS,5,852,7,0.500535885,0.194196328,0.251051988,0.099737831
2001,8,HAL,BS,6,432,4,0.558868249,0.231607928,0.245036887,0.098016557
2001,8,HAL,BS,7,216,3,0.459244548,0.156987268,0.26442198,0.084156658
2001,8,HAL,BS,8,978,25,0.415344286,0.129171252,0.228045604,0.069209178
2001,8,HAL,BS,9,2924,34,0.387142369,0.118842267,0.201649883,0.057715
2001,8,HAL,BS,10,2294,30,0.389797753,0.12205771,0.182599215,0.059700657
2001,8,HAL,BS,11,2270,35,0.384493885,0.117094677,0.181004467,0.051162752
2001,8,HAL,BS,12,2038,32,0.466288102,0.135843012,0.238489317,0.062902402
2002,8,HAL,BS,1,1790,27,0.685284978,0.206440129,0.285809078,0.082831273
2002,8,HAL,BS,2,2294,29,0.663505667,0.219983732,0.276348662,0.082957562
2002,8,HAL,BS,3,2248,31,0.672711124,0.232334165,0.329061987,0.097574412
2002,8,HAL,BS,4,558,9,0.695746882,0.245781521,0.284425616,0.095195721
2002,8,HAL,BS,5,76,2,0.598512174,0.213958652,0.148596416,0.042070903
2002,8,HAL,BS,6,90,1,0.475036005,0.178108366,0.275213845,0.094056096
2002,8,HAL,BS,7,574,5,0.353813748,0.116565813,0.178706082,0.054765248
2002,8,HAL,BS,8,2694,32,0.385847342,0.12713835,0.198391575,0.07313659
2002,8,HAL,BS,9,2644,36,0.364038426,0.114559683,0.179121678,0.057469263
2002,8,HAL,BS,10,2572,39,0.349880502,0.11424743,0.155288833,0.052759861
2002,8,HAL,BS,11,2702,36,0.374373031,0.120959529,0.183014587,0.058944996
2002,8,HAL,BS,12,1032,11,0.416272154,0.127038199,0.189549789,0.05415945
2003,8,HAL,BS,1,2602,30,0.495653389,0.160733982,0.206405192,0.059707412
2003,8,HAL,BS,2,2802,35,0.522723029,0.183579547,0.225038912,0.068336664
2003,8,HAL,BS,3,2891,35,0.568947525,0.198376098,0.264162148,0.078478203
2003,8,HAL,BS,4,1336,11,0.458873097,0.180617246,0.229002375,0.075332038
2003,8,HAL,BS,5,394,5,0.44510386,0.179754378,0.184138534,0.062604351
2003,8,HAL,BS,6,150,2,0.352326529,0.115346502,0.140759572,0.041568649
2003,8,HAL,BS,7,650,9,0.345756921,0.11773426,0.158947087,0.050515355
2003,8,HAL,BS,8,2874,31,0.341697214,0.108484156,0.156145788,0.050794852
2003,8,HAL,BS,9,2816,33,0.335421499,0.105266151,0.166005447,0.053335813
2003,8,HAL,BS,10,2806,32,0.333974558,0.098184909,0.155195177,0.044272232
2003,8,HAL,BS,11,3378,36,0.345462368,0.100330632,0.156898987,0.048421708
2003,8,HAL,BS,12,1914,28,0.398266454,0.128984705,0.190872575,0.057661071
2004,8,HAL,BS,1,2634,31,0.530429064,0.167964631,0.224574306,0.066383916
2004,8,HAL,BS,2,2126,31,0.629905006,0.195142252,0.257950068,0.073069239
2004,8,HAL,BS,3,1740,30,0.60330647,0.19474279,0.294538622,0.076722797
2004,8,HAL,BS,4,1150,10,0.582914753,0.204663476,0.239476929,0.076114609
2004,8,HAL,BS,5,410,5,0.414220526,0.146052944,0.143928024,0.052925304
2004,8,HAL,BS,6,30,1,0.355930274,0.12312496,0.159471317,0.044307971
2004,8,HAL,BS,7,1048,11,0.349116699,0.094742277,0.171538074,0.04423593
2004,8,HAL,BS,8,2044,33,0.321074012,0.087815795,0.154572445,0.042581986
2004,8,HAL,BS,9,2328,33,0.305773571,0.083280472,0.169609517,0.046176141
2004,8,HAL,BS,10,3106,35,0.300251303,0.077243663,0.178334442,0.040519704
2004,8,HAL,BS,11,2348,35,0.379504787,0.103923969,0.188066602,0.050249257
2004,8,HAL,BS,12,1704,34,0.513010564,0.138283883,0.243094792,0.058215199
2005,8,HAL,BS,1,2978,37,0.62012629,0.176806438,0.249573719,0.069828664
2005,8,HAL,BS,2,2452,34,0.633407439,0.183187459,0.259483825,0.072457341
2005,8,HAL,BS,3,1158,10,0.675398929,0.200268336,0.256203367,0.074314568
2005,8,HAL,BS,4,244,4,0.669892833,0.203366088,0.302377486,0.083652924
2005,8,HAL,BS,5,4,1,0.693087976,0.167055062,0.428398512,0.102435056
2005,8,HAL,BS,6,32,1,0.407804642,0.084919141,0.160271512,0.032247912
2005,8,HAL,BS,7,1410,12,0.37770117,0.091754835,0.152649916,0.04080192
2005,8,HAL,BS,8,2384,37,0.339933201,0.076276165,0.182932072,0.039486908
2005,8,HAL,BS,9,2740,36,0.307885488,0.075205566,0.169328882,0.043371297
2005,8,HAL,BS,10,3018,33,0.329097933,0.071642877,0.206110979,0.04135374
2005,8,HAL,BS,11,2480,34,0.340333495,0.084983718,0.174763347,0.042434535
2005,8,HAL,BS,12,1848,35,0.433029628,0.116077671,0.209925202,0.059079818
2006,8,HAL,BS,1,2496,36,0.694376889,0.182099948,0.304382369,0.080125638
2006,8,HAL,BS,2,1726,35,0.812717216,0.21264718,0.315804342,0.081213378
2006,8,HAL,BS,3,1170,12,0.807827628,0.249309599,0.395190681,0.099852455
2006,8,HAL,BS,4,284,5,0.771428348,0.245450552,0.322467737,0.084960247
2006,8,HAL,BS,7,512,10,0.364092435,0.085725211,0.186700776,0.048146097
2006,8,HAL,BS,8,2146,34,0.430888492,0.091557568,0.210884002,0.041895893
2006,8,HAL,BS,9,3352,38,0.396578661,0.090215189,0.195647184,0.050723294
2006,8,HAL,BS,10,2288,39,0.334623639,0.075135844,0.143592244,0.034630229
2006,8,HAL,BS,11,300,3,0.419701784,0.102968306,0.189882437,0.036833648
2006,8,HAL,BS,12,106,12,0.443363823,0.119729684,0.347896829,0.080601011
2007,8,HAL,BS,1,2090,32,0.720163837,0.184570057,0.338097572,0.090219726
2007,8,HAL,BS,2,1820,31,0.746638336,0.200501591,0.295046008,0.077724772
2007,8,HAL,BS,3,512,9,0.711093991,0.204631015,0.301888029,0.081629379
2007,8,HAL,BS,6,36,1,0.439104824,0.090295472,0.117502829,0.017266362
2007,8,HAL,BS,7,300,5,0.377547335,0.094486397,0.155960653,0.039268616
2007,8,HAL,BS,8,1544,29,0.463442121,0.100073247,0.221216164,0.04335458
2007,8,HAL,BS,9,3140,36,0.387387105,0.080104249,0.184283886,0.035910336
2007,8,HAL,BS,10,1012,32,0.344833705,0.082030376,0.173150715,0.039926593
2007,8,HAL,BS,11,182,3,0.428695287,0.085645723,0.190456863,0.037345937
2007,8,HAL,BS,12,188,16,0.629158129,0.162396948,0.307095893,0.069923394
2008,8,HAL,BS,1,2228,34,0.772765808,0.197760213,0.328710648,0.073038963
2008,8,HAL,BS,2,1215,28,0.826538671,0.21293163,0.327205862,0.07701133
2008,8,HAL,BS,3,730,9,0.77686908,0.197147567,0.416994133,0.085775983
2008,8,HAL,BS,4,220,3,0.809710751,0.226186343,0.388783016,0.102291444
2008,8,HAL,BS,5,188,1,0.505187076,0.116360913,0.216669957,0.047611195
2008,8,HAL,BS,7,398,8,0.34315641,0.085383506,0.169336896,0.037892759
2008,8,HAL,BS,8,2383,29,0.362318995,0.095519302,0.166166876,0.046942589
2008,8,HAL,BS,9,2252,30,0.306728699,0.083023586,0.150375984,0.045893533
2008,8,HAL,BS,10,2508,33,0.25921766,0.079920075,0.135908739,0.051538582
2008,8,HAL,BS,11,2030,30,0.328815744,0.111119771,0.175982095,0.066097834
2008,8,HAL,BS,12,708,17,0.670450574,0.156086656,0.520815152,0.098336288
2009,8,HAL,BS,1,2514,35,0.866534415,0.201473219,0.413674188,0.086187847
2009,8,HAL,BS,2,1052,27,0.953095899,0.22773577,0.476919161,0.099783048
2009,8,HAL,BS,3,546,9,1.165039916,0.27030594,0.475217932,0.08626407
2009,8,HAL,BS,4,20,1,1.003661242,0.25893912,0.264371566,0.058209986
2009,8,HAL,BS,6,8,1,0.341481888,0.120577458,0.100936708,0.028990356
2009,8,HAL,BS,7,358,8,0.345172736,0.114577802,0.14077719,0.046087913
2009,8,HAL,BS,8,2690,30,0.378589626,0.126170726,0.189408733,0.0608763
2009,8,HAL,BS,9,2030,30,0.34297522,0.136986322,0.156242586,0.07684484
2009,8,HAL,BS,10,2810,32,0.331740508,0.138518559,0.163249679,0.083751312
2009,8,HAL,BS,11,1346,26,0.363533454,0.149554634,0.145837769,0.083817444
2009,8,HAL,BS,12,704,23,0.549096237,0.160812577,0.285878297,0.069501258
2010,8,HAL,BS,1,2548,35,0.740771725,0.208779083,0.300001619,0.079484349
2010,8,HAL,BS,2,1182,28,0.858338443,0.23537134,0.337327991,0.080133825
2010,8,HAL,BS,3,404,8,0.920846761,0.236309002,0.430555747,0.083453743
2010,8,HAL,BS,4,28,1,0.487804576,0.17372269,0.139674979,0.054931336
2010,8,HAL,BS,5,144,1,0.515538394,0.153648667,0.222081956,0.053987889
2010,8,HAL,BS,6,20,1,0.322428935,0.109658703,0.099408863,0.030400112
2010,8,HAL,BS,7,572,6,0.399572768,0.130675253,0.174189077,0.055235057
2010,8,HAL,BS,8,1334,21,0.386638953,0.134669475,0.179652833,0.064159607
2010,8,HAL,BS,9,1562,22,0.346509483,0.13216658,0.134482622,0.058913164
2010,8,HAL,BS,10,1702,22,0.3274202,0.120619191,0.137252399,0.051468921
2010,8,HAL,BS,11,1362,22,0.41360941,0.14579647,0.212662332,0.082216145
2010,8,HAL,BS,12,880,15,0.495990761,0.154481266,0.23667349,0.069743467
2011,8,HAL,BS,1,962,22,0.683291412,0.214789313,0.304598889,0.093347603
2011,8,HAL,BS,2,1350,24,0.739767006,0.244772157,0.263570969,0.083865026
2011,8,HAL,BS,3,1723,22,0.738239043,0.228573566,0.327814151,0.081942557
2011,8,HAL,BS,4,1610,22,0.662616805,0.215435562,0.325482585,0.086425118
2011,8,HAL,BS,5,469,9,0.451693853,0.168511682,0.238309025,0.077503208
2011,8,HAL,BS,6,434,10,0.435823225,0.14487202,0.191339644,0.054089467
2011,8,HAL,BS,7,1204,16,0.324688925,0.106919625,0.149710285,0.048912368
2011,8,HAL,BS,8,1273,19,0.346433096,0.124741415,0.170741666,0.064769079
2011,8,HAL,BS,9,1616,25,0.362836085,0.133619557,0.14342658,0.056944654
2011,8,HAL,BS,10,1954,25,0.385225003,0.135068011,0.160343612,0.060728884
2011,8,HAL,BS,11,1099,21,0.406990157,0.152574347,0.162519331,0.069806379
2011,8,HAL,BS,12,1213,22,0.483187301,0.179187002,0.185792464,0.076634197
2012,8,HAL,BS,1,918,21,0.750261427,0.248038467,0.32692954,0.104900378
2012,8,HAL,BS,2,1386,24,0.814395725,0.276861109,0.357324026,0.103271656
2012,8,HAL,BS,3,1616,23,0.594429869,0.225327991,0.224997883,0.075005228
2012,8,HAL,BS,4,1062,18,0.603745978,0.223055092,0.233931179,0.075786649
2012,8,HAL,BS,5,284,10,0.496369192,0.181803605,0.182306498,0.061682624
2012,8,HAL,BS,6,946,17,0.504591431,0.180106002,0.21194493,0.077820301
2012,8,HAL,BS,7,1284,20,0.367799353,0.126589636,0.162294336,0.06264343
2012,8,HAL,BS,8,1364,23,0.330773141,0.122887031,0.145109874,0.062322642
2012,8,HAL,BS,9,1789,24,0.310844042,0.105178819,0.136604888,0.049082449
2012,8,HAL,BS,10,1390,21,0.329132065,0.117330167,0.171014303,0.065393682
2012,8,HAL,BS,11,1344,22,0.356214661,0.11742919,0.153479936,0.05556278
2012,8,HAL,BS,12,1656,26,0.554241663,0.172013476,0.237102939,0.071471584
2013,8,HAL,BS,1,1862,26,0.756002903,0.239977667,0.337877936,0.101314312
2013,8,HAL,BS,2,2026,26,0.730826814,0.249548481,0.284879583,0.087965747
2013,8,HAL,BS,3,2056,25,0.667242561,0.243699125,0.232404498,0.087310659
2013,8,HAL,BS,4,678,15,0.655248382,0.233757864,0.221689443,0.078713386
2013,8,HAL,BS,5,506,9,0.528078571,0.182104361,0.198031736,0.061013484
2013,8,HAL,BS,6,414,8,0.365378255,0.125188269,0.168421111,0.060484499
2013,8,HAL,BS,7,984,16,0.406795656,0.141400378,0.191216496,0.063484149
2013,8,HAL,BS,8,1812,24,0.365642311,0.115269384,0.154376936,0.052689531
2013,8,HAL,BS,9,1586,22,0.346402992,0.107798137,0.139132455,0.044056403
2013,8,HAL,BS,10,1629,24,0.343427479,0.11123076,0.138312645,0.049733873
2013,8,HAL,BS,11,2183,25,0.425094922,0.132873425,0.168017628,0.054036154
2013,8,HAL,BS,12,1448,26,0.543535523,0.161435228,0.248715376,0.066575863
2014,8,HAL,BS,1,1516,26,0.537226668,0.161257482,0.197569993,0.056616491
2014,8,HAL,BS,2,1768,27,0.64237107,0.190703228,0.26340872,0.066641557
2014,8,HAL,BS,3,2088,26,0.541492869,0.175916425,0.219861856,0.060961798
2014,8,HAL,BS,4,1412,22,0.540541576,0.188149088,0.249765048,0.078124559
2014,8,HAL,BS,5,1100,16,0.423245884,0.146828882,0.169205742,0.056845295
2014,8,HAL,BS,6,934,19,0.36378447,0.113089487,0.15182961,0.048938655
2014,8,HAL,BS,7,1790,25,0.305150114,0.100180097,0.148364382,0.049972079
2014,8,HAL,BS,8,2312,23,0.344646953,0.11623009,0.186118982,0.064650849
2014,8,HAL,BS,9,1302,20,0.352197501,0.126818112,0.163025285,0.064730086
2014,8,HAL,BS,10,1350,25,0.38203797,0.141920584,0.16497853,0.065167649
2014,8,HAL,BS,11,2304,26,0.419671745,0.144569555,0.159092376,0.053885604
2014,8,HAL,BS,12,1700,24,0.455200521,0.150688751,0.175993074,0.060417181
2015,8,HAL,BS,1,1702,24,0.522229341,0.1670113,0.199695918,0.062049571
2015,8,HAL,BS,2,1510,25,0.635867533,0.199438092,0.254060789,0.077266399
2015,8,HAL,BS,3,1565,26,0.597552797,0.198374261,0.272863053,0.078759007
2015,8,HAL,BS,4,1356,23,0.539975074,0.190435254,0.259366702,0.083532735
2015,8,HAL,BS,5,862,19,0.505549839,0.164089691,0.21579375,0.060481744
2015,8,HAL,BS,6,498,13,0.426979304,0.132076856,0.215254652,0.056548944
2015,8,HAL,BS,7,1172,19,0.449822296,0.14728366,0.203910203,0.070991807
2015,8,HAL,BS,8,1860,23,0.410121295,0.141175228,0.17579897,0.056678954
2015,8,HAL,BS,9,1661,26,0.348023593,0.117525277,0.137019121,0.051005147
2015,8,HAL,BS,10,2392,25,0.37102357,0.126700583,0.153625709,0.056144868
2015,8,HAL,BS,11,1514,26,0.418040942,0.129676331,0.205088442,0.065249461
2015,8,HAL,BS,12,1416,29,0.510604798,0.15681519,0.240529447,0.069445218
2016,8,HAL,BS,1,1640,27,0.622381214,0.182537176,0.233712919,0.064235054
2016,8,HAL,BS,2,1421,26,0.718566132,0.204421076,0.308877846,0.082604604
2016,8,HAL,BS,3,1440,26,0.582011275,0.193519736,0.242847694,0.077012472
2016,8,HAL,BS,4,991,20,0.535410815,0.191308002,0.219593139,0.080877429
2016,8,HAL,BS,5,494,10,0.515732394,0.148824853,0.213769434,0.062431262
2016,8,HAL,BS,6,694,16,0.410456426,0.11862649,0.172764963,0.055084957
2016,8,HAL,BS,7,1606,21,0.42220417,0.142092312,0.150615031,0.051249507
2016,8,HAL,BS,8,1308,22,0.411640988,0.137678321,0.179824184,0.065779833
2016,8,HAL,BS,9,1204,22,0.411146825,0.132270271,0.163836822,0.055923878
2016,8,HAL,BS,10,1388,22,0.386766812,0.113149576,0.165361721,0.050569879
2016,8,HAL,BS,11,1128,24,0.421451823,0.120381977,0.17598946,0.050295072
2016,8,HAL,BS,12,1407,22,0.503203615,0.143725794,0.197830896,0.057216886
2017,8,HAL,BS,1,1338,27,0.542771022,0.151933522,0.198245492,0.053776309
2017,8,HAL,BS,2,1556,26,0.742821398,0.218291308,0.276533932,0.074677343
2017,8,HAL,BS,3,1438,26,0.647855343,0.206540253,0.229591008,0.073794962
2017,8,HAL,BS,4,1046,20,0.599834728,0.204167624,0.269117196,0.08768948
2017,8,HAL,BS,5,210,8,0.518680876,0.190955821,0.142252934,0.074918769
2017,8,HAL,BS,6,540,17,0.454585215,0.130628396,0.197563319,0.055987776
2017,8,HAL,BS,7,1492,24,0.378785972,0.107313367,0.148806995,0.042679449
2017,8,HAL,BS,8,1274,22,0.305028917,0.083638782,0.132976423,0.036005654
2017,8,HAL,BS,9,1340,24,0.315728441,0.084239771,0.147524788,0.041582315
2017,8,HAL,BS,10,1000,23,0.354729599,0.088895207,0.146152542,0.037497974
2017,8,HAL,BS,11,1268,22,0.476853956,0.121992156,0.204922707,0.055632787
2017,8,HAL,BS,12,908,22,0.554686881,0.157215202,0.187697318,0.058926974
2018,8,HAL,BS,1,900,22,0.813742978,0.22403467,0.347742965,0.079917563
2018,8,HAL,BS,2,994,23,0.870276845,0.240339111,0.384393025,0.088656978
2018,8,HAL,BS,3,1004,22,0.717361358,0.213512076,0.260007254,0.074083385
2018,8,HAL,BS,4,494,14,0.712793499,0.236979733,0.336651872,0.112701177
2018,8,HAL,BS,5,136,5,0.460055525,0.142567587,0.189803905,0.064935974
2018,8,HAL,BS,6,744,17,0.376075436,0.098557164,0.145959929,0.03777223
2018,8,HAL,BS,7,880,17,0.302709012,0.079498555,0.127708304,0.03478389
2018,8,HAL,BS,8,836,19,0.303412937,0.082214673,0.190219684,0.047277654
2018,8,HAL,BS,9,1030,18,0.423638128,0.120128444,0.223731682,0.05990982
2018,8,HAL,BS,10,908,19,0.42175504,0.113998441,0.202350079,0.059920694
2018,8,HAL,BS,11,864,20,0.377722408,0.093549939,0.156807576,0.042570642
2018,8,HAL,BS,12,896,18,0.523777367,0.129056377,0.226192361,0.06154895
2019,8,HAL,BS,1,542,17,0.863290366,0.188304417,0.35363191,0.073412754
2019,8,HAL,BS,2,736,19,0.951435119,0.209847211,0.399196688,0.068970009
2019,8,HAL,BS,3,906,20,0.734338855,0.191095451,0.343033216,0.086844108
2019,8,HAL,BS,4,374,12,0.727083858,0.230149833,0.27492076,0.083539843
2019,8,HAL,BS,5,186,5,0.481658705,0.147917026,0.121613277,0.050387116
2019,8,HAL,BS,6,174,7,0.480524021,0.122014331,0.230093109,0.059778218
2019,8,HAL,BS,7,526,13,0.360067122,0.093070899,0.135671707,0.034618834
2019,8,HAL,BS,8,918,18,0.360668914,0.087784976,0.156412669,0.04008982
2019,8,HAL,BS,9,832,22,0.419995363,0.1005937,0.180143465,0.04596586
2019,8,HAL,BS,10,744,21,0.448132256,0.097655427,0.178475857,0.039592768
2019,8,HAL,BS,11,782,16,0.494142368,0.105704933,0.175585603,0.038251326
2019,8,HAL,BS,12,370,13,0.517422739,0.114632408,0.194655682,0.046168727
2020,8,HAL,BS,1,418,15,0.786358259,0.166651007,0.331874747,0.060198577
2020,8,HAL,BS,2,798,16,0.94753506,0.219943803,0.501262218,0.094267381
2020,8,HAL,BS,3,604,15,0.848708164,0.228670341,0.338109784,0.081439333
2020,8,HAL,BS,4,326,11,0.686695988,0.211124475,0.286030616,0.08820863
2020,8,HAL,BS,5,100,6,0.778996164,0.190069796,0.357649058,0.063878641
2020,8,HAL,BS,6,246,6,0.541415719,0.136129113,0.215802957,0.052487197
2020,8,HAL,BS,7,482,14,0.425878611,0.095335947,0.172946439,0.037057825
2020,8,HAL,BS,8,738,16,0.393007718,0.088964494,0.160680978,0.045568545
2020,8,HAL,BS,9,560,15,0.41645697,0.110417381,0.161262638,0.061123993
2020,8,HAL,BS,10,711,15,0.479526306,0.11219761,0.212692503,0.058246737
2020,8,HAL,BS,11,444,14,0.489695033,0.103321644,0.21368039,0.044946119
2020,8,HAL,BS,12,118,4,0.523680417,0.09605667,0.233576805,0.039392973
2021,8,HAL,BS,1,424,12,0.724104508,0.1546203,0.325292749,0.055966079
2021,8,HAL,BS,2,488,11,0.83328072,0.195132648,0.38080125,0.085982888
2021,8,HAL,BS,3,445,12,0.812959711,0.213614375,0.337788797,0.080534388
2021,8,HAL,BS,4,365,10,0.663438537,0.201861444,0.282220933,0.072597127
2021,8,HAL,BS,5,220,7,0.375515395,0.118844866,0.151972813,0.037186477
2021,8,HAL,BS,6,184,9,0.569451664,0.131087662,0.254534374,0.053498679
2021,8,HAL,BS,7,314,9,0.502669351,0.130147161,0.19502534,0.054395804
2021,8,HAL,BS,8,110,9,0.437171472,0.109188722,0.194588312,0.042298611
