YEAR,LENGTH,TOTAL
1984,6,169460
1984,7,1635624
1984,8,3639243
1984,9,4222384
1984,10,2369639
1984,11,971906
1984,12,149524
1984,13,74762
1984,14,13745
1984,16,174379
1984,17,61006
1984,18,139840
1984,19,259854
1984,20,310999
1984,21,386092
1984,22,593197
1984,23,501533
1984,24,1144656
1984,25,1049867
1984,26,1658601
1984,27,1788238
1984,28,2455335
1984,29,3305570
1984,30,2516816
1984,31,2645168
1984,32,3065144
1984,33,3539674
1984,34,3042278
1984,35,4076743
1984,36,2921002
1984,37,3131966
1984,38,3903024
1984,39,3768397
1984,40,6677245
1984,41,7170001
1984,42,6029141
1984,43,7350101
1984,44,6999702
1984,45,7520887
1984,46,8452837
1984,47,7971408
1984,48,8735716
1984,49,11184711
1984,50,12800641
1984,51,14745102
1984,52,12521182
1984,53,12266987
1984,54,12488691
1984,55,12304317
1984,56,9794000
1984,57,10836102
1984,58,9885834
1984,59,8411284
1984,60,8081049
1984,61,6687961
1984,62,4803420
1984,63,6030362
1984,64,3957466
1984,65,3785033
1984,66,2967979
1984,67,2505100
1984,68,2379910
1984,69,2360194
1984,70,1466423
1984,71,978307
1984,72,1321288
1984,73,1438390
1984,74,752934
1984,75,1132331
1984,76,1180790
1984,77,1064664
1984,78,548917
1984,79,1486834
1984,80,1692688
1984,81,735810
1984,82,827119
1984,83,443558
1984,84,528248
1984,85,482986
1984,86,357646
1984,87,398243
1984,88,301801
1984,89,204196
1984,90,250452
1984,91,114998
1984,92,158853
1984,93,51181
1984,94,33326
1984,95,117456
1984,96,24115
1984,97,24506
1984,98,36144
1984,99,2912
1984,100,9109
1984,101,13724
1984,102,2818
1984,130,10739
1987,8,168833
1987,9,351736
1987,10,661264
1987,11,351736
1987,12,239180
1987,13,19980
1987,14,10086
1987,15,51838
1987,16,125242
1987,17,266183
1987,18,426631
1987,19,457712
1987,20,697527
1987,21,447290
1987,22,607193
1987,23,575976
1987,24,689834
1987,25,442816
1987,26,181238
1987,27,354310
1987,28,469556
1987,29,802661
1987,30,1624068
1987,31,2298024
1987,32,2776474
1987,33,2875324
1987,34,4675097
1987,35,6556796
1987,36,6343911
1987,37,6793693
1987,38,7515537
1987,39,7528039
1987,40,7980689
1987,41,7282337
1987,42,5124204
1987,43,4854206
1987,44,5703251
1987,45,3118439
1987,46,3411375
1987,47,3771181
1987,48,5539688
1987,49,5676935
1987,50,6852044
1987,51,8689292
1987,52,8690749
1987,53,8874634
1987,54,8280516
1987,55,8841041
1987,56,7648669
1987,57,6527755
1987,58,7359350
1987,59,6476967
1987,60,6712271
1987,61,5330500
1987,62,5170251
1987,63,4895064
1987,64,5353662
1987,65,4297646
1987,66,3433320
1987,67,3440343
1987,68,2595094
1987,69,2483816
1987,70,1774370
1987,71,1757586
1987,72,1583297
1987,73,1061047
1987,74,1283043
1987,75,913419
1987,76,819227
1987,77,424973
1987,78,662051
1987,79,588969
1987,80,320760
1987,81,256275
1987,82,170784
1987,83,276021
1987,84,176889
1987,85,288983
1987,86,156730
1987,87,83348
1987,88,79396
1987,89,104401
1987,90,22972
1987,91,25102
1987,92,47742
1987,93,27947
1987,94,46383
1987,95,29218
1987,96,55215
1987,97,6154
1987,98,10454
1987,99,24104
1987,100,9760
1987,101,18824
1987,102,6543
1987,103,2020
1987,105,17812
1987,109,2020
1987,110,2409
1990,6,406370
1990,7,1190710
1990,8,1209597
1990,9,2753158
1990,10,1244850
1990,12,24686
1990,16,94547
1990,17,172986
1990,18,185491
1990,19,519581
1990,20,931225
1990,21,1124371
1990,22,922665
1990,23,1511736
1990,24,1270121
1990,25,842792
1990,26,334165
1990,27,787026
1990,28,327800
1990,29,245129
1990,30,401074
1990,31,898393
1990,32,777730
1990,33,1118566
1990,34,1362019
1990,35,1580536
1990,36,1231417
1990,37,1470890
1990,38,2321371
1990,39,2390186
1990,40,2410538
1990,41,2742203
1990,42,3614197
1990,43,2476755
1990,44,3899083
1990,45,3904846
1990,46,4046818
1990,47,5669701
1990,48,7704409
1990,49,8630477
1990,50,6900068
1990,51,6374193
1990,52,6447736
1990,53,6014169
1990,54,7261373
1990,55,5649091
1990,56,8805186
1990,57,6797480
1990,58,6807679
1990,59,7056810
1990,60,6794997
1990,61,7537499
1990,62,5445052
1990,63,4901666
1990,64,5030461
1990,65,4793652
1990,66,4177976
1990,67,3146114
1990,68,2557650
1990,69,2324894
1990,70,3010619
1990,71,2073765
1990,72,2133441
1990,73,1591966
1990,74,1368713
1990,75,895067
1990,76,877469
1990,77,738824
1990,78,637489
1990,79,628390
1990,80,561742
1990,81,506668
1990,82,499116
1990,83,404666
1990,84,525908
1990,85,258213
1990,86,239984
1990,87,177080
1990,88,241112
1990,89,358528
1990,90,199804
1990,91,176463
1990,92,66539
1990,93,52731
1990,94,132962
1990,95,35750
1990,96,82708
1990,97,53363
1990,98,52282
1990,99,15996
1990,100,10861
1990,101,54649
1990,102,41581
1990,103,21918
1990,105,15996
1993,6,375249
1993,7,208472
1993,8,41694
1993,12,10171
1993,13,101847
1993,14,163982
1993,15,411843
1993,16,1406320
1993,17,2353323
1993,18,2201676
1993,19,1749896
1993,20,1062235
1993,21,891153
1993,22,1098115
1993,23,1111660
1993,24,1465667
1993,25,1395938
1993,26,916801
1993,27,994392
1993,28,871563
1993,29,711934
1993,30,804416
1993,31,1084671
1993,32,1280821
1993,33,1610815
1993,34,1560378
1993,35,1785091
1993,36,1854507
1993,37,1883697
1993,38,2246889
1993,39,2449028
1993,40,3081714
1993,41,3839489
1993,42,4544048
1993,43,4552147
1993,44,6122358
1993,45,5526325
1993,46,5289818
1993,47,6113903
1993,48,4506400
1993,49,4745337
1993,50,5834841
1993,51,5465829
1993,52,6010664
1993,53,7918344
1993,54,8916490
1993,55,9346104
1993,56,7868166
1993,57,8466732
1993,58,8883775
1993,59,7013855
1993,60,7544766
1993,61,6490051
1993,62,5318796
1993,63,4710930
1993,64,4362980
1993,65,4279298
1993,66,4861829
1993,67,4186825
1993,68,3721858
1993,69,2898174
1993,70,2591925
1993,71,1833765
1993,72,1959674
1993,73,1652181
1993,74,1293339
1993,75,856827
1993,76,965326
1993,77,787349
1993,78,750141
1993,79,612987
1993,80,374606
1993,81,364817
1993,82,338255
1993,83,182165
1993,84,210649
1993,85,201387
1993,86,159832
1993,87,133208
1993,88,105048
1993,89,198495
1993,90,48745
1993,91,54932
1993,92,54714
1993,93,84254
1993,94,58663
1993,95,72922
1993,96,49606
1993,97,37914
1993,98,36293
1993,99,31366
1993,100,55212
1993,101,44224
1993,102,24929
1993,103,7802
1993,104,7215
1993,105,7210
1993,107,7786
1996,8,108704
1996,12,78975
1996,13,235896
1996,14,622898
1996,15,1112675
1996,16,2012866
1996,17,3119369
1996,18,5542338
1996,19,6293439
1996,20,11284045
1996,21,8659466
1996,22,10343715
1996,23,11811361
1996,24,11119638
1996,25,7242174
1996,26,4952676
1996,27,2973646
1996,28,2275641
1996,29,1040542
1996,30,237253
1996,31,849547
1996,32,1296038
1996,33,1878855
1996,34,1675126
1996,35,1485688
1996,36,2294534
1996,37,2960811
1996,38,2971560
1996,39,3758183
1996,40,3872004
1996,41,4389805
1996,42,4492400
1996,43,3835256
1996,44,3665138
1996,45,4123750
1996,46,3616638
1996,47,3712062
1996,48,3243270
1996,49,4468949
1996,50,4793103
1996,51,4343192
1996,52,6017552
1996,53,6408752
1996,54,5574642
1996,55,7315768
1996,56,6485829
1996,57,7532022
1996,58,7959298
1996,59,6765133
1996,60,8327747
1996,61,9550691
1996,62,9868183
1996,63,8262795
1996,64,7335919
1996,65,9465541
1996,66,8339425
1996,67,7044390
1996,68,5644045
1996,69,5839082
1996,70,5084821
1996,71,3460150
1996,72,2420782
1996,73,2000354
1996,74,2833831
1996,75,1278356
1996,76,1404660
1996,77,1012139
1996,78,1082524
1996,79,1117201
1996,80,547340
1996,81,575112
1996,82,494833
1996,83,327369
1996,84,295713
1996,85,256966
1996,86,317434
1996,87,186170
1996,88,145533
1996,89,145432
1996,90,179739
1996,91,283400
1996,92,176764
1996,93,122771
1996,94,22084
1996,95,161610
1996,96,54720
1996,97,109782
1996,98,36897
1996,99,24549
1996,100,78048
1996,101,20915
1996,102,153503
1996,103,43223
1996,104,27876
1996,105,33761
1996,107,21612
1999,11,19016
1999,12,52551
1999,13,32402
1999,14,232797
1999,15,242316
1999,16,410005
1999,17,646091
1999,18,802152
1999,19,952855
1999,20,1162150
1999,21,990207
1999,22,1179343
1999,23,992158
1999,24,666501
1999,25,569828
1999,26,614526
1999,27,533335
1999,28,464033
1999,29,425935
1999,30,761854
1999,31,715752
1999,32,1228166
1999,33,1750818
1999,34,2116247
1999,35,2066080
1999,36,2212126
1999,37,2285182
1999,38,2221755
1999,39,2484016
1999,40,2251278
1999,41,2937007
1999,42,3201063
1999,43,4048844
1999,44,3843967
1999,45,4090956
1999,46,4262776
1999,47,3968134
1999,48,4631483
1999,49,3946093
1999,50,4698408
1999,51,3537860
1999,52,4364313
1999,53,4367163
1999,54,4794663
1999,55,4930146
1999,56,4914707
1999,57,5961070
1999,58,5982218
1999,59,5800847
1999,60,5270707
1999,61,5250409
1999,62,4674700
1999,63,3963875
1999,64,3842858
1999,65,3692909
1999,66,3286680
1999,67,2853264
1999,68,2630287
1999,69,2621149
1999,70,2152924
1999,71,1636002
1999,72,1647269
1999,73,1392937
1999,74,1089314
1999,75,723824
1999,76,702269
1999,77,692528
1999,78,643024
1999,79,434519
1999,80,201717
1999,81,209828
1999,82,360726
1999,83,238415
1999,84,98366
1999,85,216053
1999,86,57080
1999,87,57095
1999,88,40578
1999,89,157592
1999,90,21475
1999,91,40914
1999,93,75118
1999,95,15965
1999,97,38747
1999,98,39311
1999,99,81340
1999,100,50799
1999,102,18135
2001,4,30876
2001,9,14897
2001,11,104666
2001,12,186512
2001,13,321080
2001,14,832037
2001,15,887287
2001,16,741949
2001,17,817202
2001,18,1412738
2001,19,1652943
2001,20,1434629
2001,21,1833805
2001,22,1452887
2001,23,2172558
2001,24,2583263
2001,25,2364340
2001,26,2540026
2001,27,1742167
2001,28,2017941
2001,29,1607253
2001,30,1720457
2001,31,1510677
2001,32,1138944
2001,33,1496868
2001,34,1238678
2001,35,1544811
2001,36,1896942
2001,37,2323459
2001,38,3036508
2001,39,3936714
2001,40,2823476
2001,41,3882955
2001,42,3551298
2001,43,3366196
2001,44,3296222
2001,45,3615373
2001,46,2976801
2001,47,3290362
2001,48,3411539
2001,49,4236131
2001,50,3042173
2001,51,4038405
2001,52,3325329
2001,53,3073393
2001,54,4126887
2001,55,3442193
2001,56,3422715
2001,57,3200986
2001,58,3570682
2001,59,3347169
2001,60,3519683
2001,61,3400487
2001,62,3096569
2001,63,4401085
2001,64,3463458
2001,65,3640039
2001,66,2516670
2001,67,2667434
2001,68,2094237
2001,69,1573101
2001,70,2237395
2001,71,1412634
2001,72,1444192
2001,73,822388
2001,74,1159773
2001,75,847121
2001,76,842451
2001,77,718833
2001,78,408406
2001,79,305711
2001,80,483247
2001,81,286605
2001,82,111905
2001,83,96022
2001,84,229578
2001,85,46759
2001,86,125137
2001,87,102033
2001,88,69144
2001,89,92459
2001,90,37135
2001,91,39383
2001,92,49939
2001,93,176722
2001,94,39383
2001,95,39383
2001,96,39383
2001,97,37135
2001,100,56968
2001,101,39383
2001,102,19691
2003,6,12886
2003,13,8536
2003,14,79979
2003,15,48525
2003,16,250150
2003,17,194760
2003,18,218418
2003,19,555823
2003,20,557554
2003,21,898714
2003,22,816779
2003,23,687745
2003,24,443127
2003,25,588476
2003,26,492606
2003,27,469441
2003,28,340969
2003,29,352696
2003,30,280396
2003,31,363250
2003,32,485047
2003,33,661053
2003,34,923024
2003,35,1208633
2003,36,1463166
2003,37,1456758
2003,38,2254627
2003,39,2574890
2003,40,3234671
2003,41,2861428
2003,42,3773960
2003,43,4252582
2003,44,5150188
2003,45,4919569
2003,46,4518786
2003,47,4126174
2003,48,4586118
2003,49,4262355
2003,50,4571890
2003,51,3958706
2003,52,4777042
2003,53,4640100
2003,54,5138828
2003,55,5880251
2003,56,4930208
2003,57,5730194
2003,58,5499773
2003,59,6387327
2003,60,5272083
2003,61,5242022
2003,62,4737219
2003,63,4135389
2003,64,3513078
2003,65,2808997
2003,66,3160491
2003,67,2338236
2003,68,2120193
2003,69,1798141
2003,70,1677207
2003,71,1290022
2003,72,1451944
2003,73,1198863
2003,74,887807
2003,75,812978
2003,76,568142
2003,77,633142
2003,78,622443
2003,79,685375
2003,80,529544
2003,81,481513
2003,82,441283
2003,83,246565
2003,84,271236
2003,85,210631
2003,86,163254
2003,87,132071
2003,88,68756
2003,89,50080
2003,90,70960
2003,91,102526
2003,92,68173
2003,93,16373
2003,95,21845
2003,96,11712
2003,97,10059
2003,98,10845
2005,5,186910
2005,8,12665
2005,12,21666
2005,13,36676
2005,14,138154
2005,15,561123
2005,16,688795
2005,17,923412
2005,18,1073900
2005,19,1419176
2005,20,1223812
2005,21,1550120
2005,22,1493818
2005,23,931892
2005,24,987931
2005,25,612627
2005,26,708343
2005,27,728309
2005,28,472044
2005,29,216292
2005,30,504905
2005,31,558188
2005,32,1010163
2005,33,1055663
2005,34,1411242
2005,35,1377402
2005,36,1787024
2005,37,1449953
2005,38,1700928
2005,39,1231614
2005,40,1296244
2005,41,1620995
2005,42,1603664
2005,43,1529901
2005,44,1286643
2005,45,1573706
2005,46,1742518
2005,47,1497822
2005,48,1988898
2005,49,1824254
2005,50,2391647
2005,51,2353742
2005,52,3281866
2005,53,3737041
2005,54,5566626
2005,55,5018600
2005,56,6289645
2005,57,6224405
2005,58,7210100
2005,59,6426145
2005,60,7253877
2005,61,5090263
2005,62,5107054
2005,63,4315476
2005,64,3929255
2005,65,2436837
2005,66,2427928
2005,67,1749150
2005,68,1906008
2005,69,1401992
2005,70,1261062
2005,71,1041548
2005,72,811213
2005,73,684296
2005,74,576422
2005,75,547090
2005,76,663697
2005,77,394640
2005,78,329739
2005,79,176185
2005,80,352743
2005,81,244586
2005,82,192263
2005,83,232307
2005,84,455015
2005,85,218751
2005,86,78462
2005,87,216516
2005,88,225635
2005,89,175217
2005,90,525464
2005,91,339734
2005,92,348518
2005,93,374201
2005,94,203996
2005,95,440315
2005,96,394359
2005,97,388209
2005,98,403299
2005,99,370924
2005,100,202559
2005,101,259647
2005,102,74185
2005,103,165654
2005,104,222554
2005,105,109855
2005,106,37092
2007,11,52347
2007,12,58968
2007,13,115638
2007,14,718815
2007,15,2492987
2007,16,4963342
2007,17,7106719
2007,18,8832558
2007,19,9127455
2007,20,6848756
2007,21,5444425
2007,22,3651382
2007,23,2637563
2007,24,2206580
2007,25,1796015
2007,26,2090265
2007,27,2105273
2007,28,1550000
2007,29,1659707
2007,30,1639757
2007,31,1222366
2007,32,1466735
2007,33,1544757
2007,34,1685344
2007,35,2019303
2007,36,2538161
2007,37,3071411
2007,38,3649789
2007,39,3850132
2007,40,4869024
2007,41,4773785
2007,42,5493230
2007,43,5864295
2007,44,4561719
2007,45,4682892
2007,46,4372698
2007,47,3040362
2007,48,3794644
2007,49,3151590
2007,50,3261526
2007,51,2449576
2007,52,2437400
2007,53,1905425
2007,54,2520676
2007,55,2688559
2007,56,2432196
2007,57,3302054
2007,58,3467661
2007,59,3496364
2007,60,3039483
2007,61,3232658
2007,62,2943212
2007,63,3024339
2007,64,2659469
2007,65,2152457
2007,66,2366372
2007,67,2037411
2007,68,1547301
2007,69,1672226
2007,70,1473416
2007,71,1054778
2007,72,1113588
2007,73,785396
2007,74,782545
2007,75,954512
2007,76,390198
2007,77,575476
2007,78,329664
2007,79,154895
2007,80,212020
2007,81,194592
2007,82,69848
2007,83,133205
2007,84,59767
2007,85,38446
2007,86,12574
2007,87,79775
2007,88,22854
2007,89,57281
2007,90,31795
2007,91,10592
2007,92,21603
2007,93,57838
2007,94,22895
2007,95,64812
2007,96,12574
2007,97,24885
2007,98,24823
2007,100,12908
2007,101,12908
2007,102,10801
2007,103,37983
2007,104,25817
2007,106,12908
2007,107,12908
2007,109,12908
2007,110,12908
2009,5,11344
2009,6,10959
2009,8,439752
2009,10,29864
2009,11,1240406
2009,12,4570862
2009,13,17844328
2009,14,41881728
2009,15,38918653
2009,16,22048554
2009,17,6974486
2009,18,2962673
2009,19,2197279
2009,20,2174741
2009,21,2031764
2009,22,2164680
2009,23,2325868
2009,24,1418518
2009,25,1151527
2009,26,741158
2009,27,969786
2009,28,1250858
2009,29,2150581
2009,30,2647218
2009,31,3301469
2009,32,3249364
2009,33,4541806
2009,34,5635347
2009,35,8503647
2009,36,9359870
2009,37,11260863
2009,38,9412526
2009,39,10576353
2009,40,10123286
2009,41,9396577
2009,42,9159067
2009,43,9506934
2009,44,9539442
2009,45,9707471
2009,46,9836209
2009,47,9011223
2009,48,10836603
2009,49,10071137
2009,50,10944435
2009,51,12878551
2009,52,13724939
2009,53,13207942
2009,54,16721833
2009,55,13880508
2009,56,19257986
2009,57,15390514
2009,58,17606879
2009,59,15866904
2009,60,14592817
2009,61,11483582
2009,62,10654674
2009,63,9758727
2009,64,10753273
2009,65,6240463
2009,66,7124642
2009,67,6061983
2009,68,4221991
2009,69,3218909
2009,70,3437665
2009,71,2559729
2009,72,1970633
2009,73,1877127
2009,74,1142149
2009,75,1717760
2009,76,1169459
2009,77,953291
2009,78,596710
2009,79,474041
2009,80,400095
2009,81,290848
2009,82,477722
2009,83,157965
2009,84,130808
2009,85,134175
2009,86,94611
2009,87,97388
2009,88,47229
2009,89,45403
2009,90,24981
2009,92,57633
2009,93,27154
2009,94,623439
2009,95,36408
2009,96,25024
2009,97,13229
2009,99,34946
2009,100,13925
2009,101,15905
2009,102,25634
2009,105,17556
2011,7,36758
2011,11,13582
2011,12,13582
2011,13,96310
2011,14,76626
2011,15,125213
2011,16,504121
2011,17,670145
2011,18,732324
2011,19,655768
2011,20,879812
2011,21,987876
2011,22,599634
2011,23,813599
2011,24,1066504
2011,25,966814
2011,26,411271
2011,27,650894
2011,28,580497
2011,29,520005
2011,30,615216
2011,31,1028952
2011,32,2825562
2011,33,2324918
2011,34,4144777
2011,35,6935571
2011,36,7139796
2011,37,8217819
2011,38,5461469
2011,39,8379839
2011,40,6125973
2011,41,11654092
2011,42,12772954
2011,43,16041964
2011,44,15247887
2011,45,16754304
2011,46,14517618
2011,47,13002328
2011,48,11777363
2011,49,11436384
2011,50,10670941
2011,51,9175237
2011,52,8420928
2011,53,9748350
2011,54,11005609
2011,55,11126575
2011,56,10394875
2011,57,10971048
2011,58,9764962
2011,59,9547204
2011,60,8122175
2011,61,7456388
2011,62,7563519
2011,63,6422372
2011,64,6452786
2011,65,4250879
2011,66,3853546
2011,67,3289661
2011,68,2711452
2011,69,1760384
2011,70,1621593
2011,71,1323253
2011,72,1346158
2011,73,807866
2011,74,408986
2011,75,513904
2011,76,500427
2011,77,314457
2011,78,259544
2011,79,190541
2011,80,396986
2011,81,133872
2011,82,104622
2011,83,64942
2011,84,152121
2011,85,25994
2011,86,71099
2011,87,58433
2011,88,48849
2011,89,39366
2011,90,27213
2011,91,25921
2011,92,10051
2011,95,10394
2011,96,41356
2011,108,21853
2013,5,92685
2013,6,112239
2013,8,55633
2013,10,24033
2013,11,31059
2013,12,332839
2013,13,1267054
2013,14,1234128
2013,15,3533624
2013,16,4808362
2013,17,8736798
2013,18,10882944
2013,19,12320271
2013,20,7441018
2013,21,7348002
2013,22,7614400
2013,23,3901281
2013,24,4601606
2013,25,3182388
2013,26,3156417
2013,27,2892906
2013,28,2875362
2013,29,2135974
2013,30,1613670
2013,31,1444198
2013,32,1260184
2013,33,946167
2013,34,1315282
2013,35,1726059
2013,36,1357504
2013,37,2536306
2013,38,1963740
2013,39,2748710
2013,40,3608082
2013,41,4190443
2013,42,5612182
2013,43,5592049
2013,44,6820144
2013,45,9390532
2013,46,8117341
2013,47,7072708
2013,48,8712000
2013,49,8289159
2013,50,8293571
2013,51,6257402
2013,52,6080746
2013,53,5800417
2013,54,6530327
2013,55,8626069
2013,56,8125514
2013,57,9016342
2013,58,10846158
2013,59,10371555
2013,60,10841623
2013,61,11232218
2013,62,9882212
2013,63,8228406
2013,64,7456410
2013,65,6819036
2013,66,5870478
2013,67,5461849
2013,68,3877528
2013,69,3700766
2013,70,2683085
2013,71,1994858
2013,72,1723228
2013,73,1410934
2013,74,879376
2013,75,637501
2013,76,396630
2013,77,403340
2013,78,221242
2013,79,255054
2013,80,294115
2013,81,100502
2013,82,94064
2013,83,117207
2013,84,125182
2013,85,136034
2013,86,24357
2013,87,36081
2013,88,38077
2013,89,36896
2013,90,10541
2013,91,32768
2013,92,13749
2013,93,10541
2013,97,38243
2013,98,19100
2013,100,19156
2013,102,7600
2013,110,16259
2015,4,18162
2015,6,12718
2015,12,52366
2015,13,78766
2015,14,174752
2015,15,451240
2015,16,913526
2015,17,1057040
2015,18,978607
2015,19,1462635
2015,20,1394394
2015,21,1072303
2015,22,1297500
2015,23,1141956
2015,24,1234408
2015,25,1002325
2015,26,812656
2015,27,650576
2015,28,476146
2015,29,389652
2015,30,596852
2015,31,477766
2015,32,1030367
2015,33,1038322
2015,34,2037032
2015,35,3733838
2015,36,3708164
2015,37,5729349
2015,38,6292842
2015,39,6367697
2015,40,5871541
2015,41,5020544
2015,42,4580790
2015,43,4329202
2015,44,4915611
2015,45,5827033
2015,46,7203002
2015,47,7856006
2015,48,8705002
2015,49,9619118
2015,50,9652174
2015,51,9624547
2015,52,9303520
2015,53,7516265
2015,54,7181008
2015,55,6482207
2015,56,4923312
2015,57,4292109
2015,58,3492422
2015,59,3244572
2015,60,2606665
2015,61,2467436
2015,62,1791283
2015,63,1643517
2015,64,1476792
2015,65,1651781
2015,66,1347876
2015,67,1218340
2015,68,821730
2015,69,811148
2015,70,533937
2015,71,628938
2015,72,620216
2015,73,670697
2015,74,609997
2015,75,389138
2015,76,226917
2015,77,218363
2015,78,210707
2015,79,190833
2015,80,142518
2015,81,248408
2015,82,48439
2015,83,175353
2015,84,44965
2015,85,62016
2015,86,13577
2015,87,41576
2015,88,78675
2015,89,13141
2015,90,98782
2015,91,5823
2015,92,43397
2015,93,11646
2015,94,15808
2015,95,19256
2015,97,9628
2015,98,6479
2015,102,15673
2017,14,70763
2017,15,215952
2017,16,353815
2017,17,495341
2017,18,314036
2017,19,150258
2017,20,333297
2017,21,288062
2017,22,534714
2017,23,496914
2017,24,1022970
2017,25,921450
2017,26,844454
2017,27,866943
2017,28,769408
2017,29,1042673
2017,30,539428
2017,31,505756
2017,32,233736
2017,33,161545
2017,34,151462
2017,35,281837
2017,36,161875
2017,37,208981
2017,38,184701
2017,39,479778
2017,40,310024
2017,41,475878
2017,42,377560
2017,43,687265
2017,44,605601
2017,45,622948
2017,46,502340
2017,47,734030
2017,48,1159131
2017,49,1599004
2017,50,1702039
2017,51,1552501
2017,52,2532831
2017,53,1962866
2017,54,3452120
2017,55,2462983
2017,56,1987085
2017,57,2764183
2017,58,2550830
2017,59,1996224
2017,60,1708888
2017,61,1431185
2017,62,1423673
2017,63,1058646
2017,64,1366228
2017,65,715815
2017,66,655959
2017,67,355465
2017,68,491404
2017,69,741722
2017,70,537520
2017,71,478217
2017,72,538241
2017,73,343489
2017,74,248404
2017,75,240883
2017,76,294136
2017,77,235910
2017,78,174674
2017,79,138805
2017,80,157863
2017,81,185414
2017,82,106830
2017,83,123797
2017,84,105789
2017,85,74743
2017,86,72717
2017,87,84062
2017,88,97726
2017,89,59918
2017,90,69210
2017,91,39227
2017,92,43689
2017,93,12939
2017,94,13311
2017,95,34035
2017,97,31641
2017,98,39364
2019,6,195321
2019,7,321663
2019,8,429776
2019,9,157659
2019,14,20144
2019,16,129392
2019,17,249569
2019,18,655796
2019,19,797491
2019,20,1461636
2019,21,2169110
2019,22,2499826
2019,23,2482950
2019,24,2712162
2019,25,2110152
2019,26,3108186
2019,27,2034344
2019,28,2211480
2019,29,2384776
2019,30,2138345
2019,31,1482499
2019,32,1182011
2019,33,1119487
2019,34,1121980
2019,35,429597
2019,36,638758
2019,37,803024
2019,38,849469
2019,39,721199
2019,40,971645
2019,41,1313369
2019,42,2551138
2019,43,2817681
2019,44,3620348
2019,45,4703430
2019,46,5285510
2019,47,6143348
2019,48,5371891
2019,49,5343206
2019,50,5588338
2019,51,4467837
2019,52,2905355
2019,53,3691457
2019,54,3073928
2019,55,2143877
2019,56,2641830
2019,57,1993160
2019,58,2264236
2019,59,2401031
2019,60,2093692
2019,61,2155382
2019,62,1745470
2019,63,1721542
2019,64,1506622
2019,65,1371422
2019,66,1208076
2019,67,1165008
2019,68,976189
2019,69,624542
2019,70,717479
2019,71,767435
2019,72,738021
2019,73,431568
2019,74,437927
2019,75,201561
2019,76,485215
2019,77,253479
2019,78,279837
2019,79,180973
2019,80,245479
2019,81,270974
2019,82,295874
2019,83,128718
2019,84,136062
2019,85,131482
2019,86,134632
2019,87,157333
2019,88,141382
2019,89,96266
2019,90,61162
2019,92,48566
2019,93,46393
2019,94,122916
2019,95,18533
2019,98,72610
2019,99,18263
2019,100,19114
2021,13,34398
2021,14,226715
2021,15,230736
2021,16,491849
2021,17,651900
2021,18,706011
2021,19,981872
2021,20,644627
2021,21,824838
2021,22,809429
2021,23,825183
2021,24,1070428
2021,25,1166635
2021,26,1061900
2021,27,1414382
2021,28,1222072
2021,29,1451238
2021,30,941291
2021,31,1012640
2021,32,393098
2021,33,432476
2021,34,222051
2021,35,377198
2021,36,267587
2021,37,266215
2021,38,308878
2021,39,434901
2021,40,564009
2021,41,823040
2021,42,845797
2021,43,1211044
2021,44,1015163
2021,45,1200524
2021,46,1656525
2021,47,1433780
2021,48,1562218
2021,49,2102406
2021,50,2173089
2021,51,2447799
2021,52,3036504
2021,53,2730869
2021,54,2972527
2021,55,3695119
2021,56,4010118
2021,57,3691242
2021,58,3269524
2021,59,3123371
2021,60,3694154
2021,61,2757523
2021,62,2932305
2021,63,2078544
2021,64,2110303
2021,65,2094206
2021,66,1564693
2021,67,1505700
2021,68,1191553
2021,69,1308248
2021,70,1042200
2021,71,1160503
2021,72,820397
2021,73,592114
2021,74,580471
2021,75,315452
2021,76,261323
2021,77,417465
2021,78,159181
2021,79,258945
2021,80,239853
2021,81,203056
2021,82,106524
2021,83,194125
2021,84,242752
2021,85,152757
2021,86,38847
2021,87,109828
2021,88,128302
2021,89,143715
2021,90,55698
2021,91,63816
2021,92,77920
2021,93,76879
2021,94,45616
2021,95,21395
2021,98,64423
2021,99,16525
2021,100,16525
2021,102,34624
2023,10,19656
2023,12,48888
2023,13,82076
2023,14,159832
2023,15,576253
2023,16,547887
2023,17,1483371
2023,18,1341819
2023,19,1378877
2023,20,1503173
2023,21,1639713
2023,22,1852634
2023,23,1183553
2023,24,1859670
2023,25,1735426
2023,26,1705208
2023,27,1404462
2023,28,1271290
2023,29,1404709
2023,30,1286741
2023,31,1026489
2023,32,1712434
2023,33,1231344
2023,34,2374394
2023,35,2547014
2023,36,2116274
2023,37,3033263
2023,38,3485734
2023,39,3336068
2023,40,2648139
2023,41,3135419
2023,42,3687567
2023,43,2602846
2023,44,2833325
2023,45,2876388
2023,46,2235110
2023,47,2478879
2023,48,2081132
2023,49,2171779
2023,50,1735559
2023,51,2126618
2023,52,2633143
2023,53,2575152
2023,54,3352439
2023,55,3401003
2023,56,3667721
2023,57,3504838
2023,58,3408877
2023,59,3614078
2023,60,3204023
2023,61,3035351
2023,62,2678712
2023,63,2248687
2023,64,2543188
2023,65,2177923
2023,66,2000246
2023,67,2635119
2023,68,2087563
2023,69,2267810
2023,70,1842978
2023,71,1233932
2023,72,1617917
2023,73,1696997
2023,74,1513115
2023,75,1290067
2023,76,715241
2023,77,645569
2023,78,669231
2023,79,437779
2023,80,437812
2023,81,382237
2023,82,340841
2023,83,119149
2023,84,165572
2023,85,107981
2023,86,123064
2023,87,48025
2023,88,19577
2023,89,50043
2023,90,65591
2023,91,15392
2023,93,63630
2023,94,15392
2023,95,18457
2023,96,15350
2023,97,35546
