year,country,fmp_management_area,council_management_area_id,council_management_area,council_sablefish_management_area_id,council_sablefish_management_area,geographic_area_name,area_code,exploitable,species_code,species,cpue,cpue_var,rpn,rpn_var,rpw,rpw_var,mean_length,mean_weight,last_modified_date,akfin_load_date
1990,United States,GOA,4,Eastern Gulf of Alaska,4,East Yakutat/Southeast,Southeast slope,45,1,21720,Pacific cod,0.560725957900245,0.0468221203208147,2907.92481767067,1259262.0098917,8757.77915350729,11421883.6594642,62.4583854958545,2.84299714685955,2021-07-24T02:54:13Z,2023-09-12T19:26:17Z
1990,United States,GOA,4,Eastern Gulf of Alaska,6,West Yakutat,W Yakutat slope,38,1,21720,Pacific cod,2.25741021269307,1.33956753502352,24136.2299941144,153137838.855169,96899.6115691485,2468241868.86615,67.7097513969913,3.68400760282991,2021-07-24T02:54:13Z,2023-09-12T19:26:17Z
1990,United States,GOA,3,Central Gulf of Alaska,3,Central Gulf of Alaska,Chirikof slope,30,1,21720,Pacific cod,2.57459497212097,0.379903864226351,23480.3061457432,31598275.9647082,69756.1845899848,278882532.746375,62.9054447640394,2.90883673248122,2021-07-24T02:54:13Z,2023-09-12T19:26:16Z
1990,United States,GOA,3,Central Gulf of Alaska,3,Central Gulf of Alaska,Kodiak slope,35,1,21720,Pacific cod,1.51217362973362,0.12993980376649,16160.5995809632,14840680.8396445,48981.8365093009,136335518.697025,64.7192412329931,3.18674543610625,2021-07-24T02:54:13Z,2023-09-12T19:26:16Z
1990,United States,GOA,6,Western Gulf of Alaska,7,Western Gulf of Alaska,Shumagin Slope,25,1,21720,Pacific cod,3.9941572291347,0.452461518377415,45781.0301603419,59443237.7927837,139290.395235096,550267263.351546,62.0178447272859,2.77912840227887,2021-07-24T02:54:13Z,2023-09-12T19:26:16Z
1990,United States,GOA,4,Eastern Gulf of Alaska,4,East Yakutat/Southeast,Dixon Entrance,55,1,21720,Pacific cod,0.860443778834099,0.144018295589637,2182.94586690211,926954.893165976,7418.106473203,10704312.8647477,70.3261494252874,4.16078387345975,2021-07-24T02:54:13Z,2023-09-12T19:26:17Z
1990,United States,GOA,4,Eastern Gulf of Alaska,4,East Yakutat/Southeast,East Yakutat slope,39,1,21720,Pacific cod,0.0387677397023191,0.00150293764162677,149.333333333333,22300.4444444444,798.090042948369,636947.71665333,75.8,5.2925900268795,2021-07-24T02:54:13Z,2023-09-12T19:26:17Z
1990,United States,GOA,4,Eastern Gulf of Alaska,4,East Yakutat/Southeast,Ommaney Trench,47,1,21720,Pacific cod,1.03631461174596,0.266241031164954,1635.30445733512,662962.531847352,5343.65769945308,7078952.60437884,63.3372724392211,2.97342261229615,2021-07-24T02:54:13Z,2023-09-12T19:26:17Z
1990,United States,GOA,4,Eastern Gulf of Alaska,4,East Yakutat/Southeast,Spencer Gully,46,1,21720,Pacific cod,0,0,0,0,NA,NA,NA,NA,2021-07-24T02:54:13Z,2023-09-12T19:26:17Z
1991,United States,GOA,4,Eastern Gulf of Alaska,4,East Yakutat/Southeast,East Yakutat slope,39,1,21720,Pacific cod,0.646004764401434,0.161509200412656,2488.41035247432,2396458.01083974,8283.4308795141,26555001.5050249,65.6248645694329,3.33211309027189,2021-07-24T02:42:18Z,2023-09-12T19:26:16Z
1991,United States,GOA,4,Eastern Gulf of Alaska,6,West Yakutat,W Yakutat slope,38,1,21720,Pacific cod,3.01179147339116,1.10729999877721,32202.0744334982,126585277.967413,101496.645348859,1257531513.11399,64.045570494306,3.0814853711595,2021-07-24T02:42:18Z,2023-09-12T19:26:16Z
1991,United States,GOA,3,Central Gulf of Alaska,3,Central Gulf of Alaska,Chirikof slope,30,1,21720,Pacific cod,1.85921161108182,0.146007766263471,16956.0098930662,12144108.3543044,52011.5172007132,114266087.164266,64.3599082519457,3.13029732725233,2021-07-24T02:42:18Z,2023-09-12T19:26:16Z
1991,United States,GOA,4,Eastern Gulf of Alaska,4,East Yakutat/Southeast,Ommaney Trench,47,1,21720,Pacific cod,0.551795414044983,0.0875207012527381,870.733163362984,217933.897858223,2886.01521542197,2394152.70915564,62.6365185470729,2.86910693223565,2021-07-24T02:42:18Z,2023-09-12T19:26:16Z
1991,United States,GOA,4,Eastern Gulf of Alaska,4,East Yakutat/Southeast,Spencer Gully,46,1,21720,Pacific cod,0.110664178143905,0.00249600522613579,202.294117647059,8340.61112757173,NA,NA,NA,NA,2021-07-24T02:42:18Z,2023-09-12T19:26:16Z
1991,United States,GOA,3,Central Gulf of Alaska,3,Central Gulf of Alaska,Kodiak slope,35,1,21720,Pacific cod,1.42221325081982,0.457876249796283,15199.1930115115,52294948.0475694,47012.0060829915,500306612.708074,63.6804275250388,3.02544504755913,2021-07-24T02:42:18Z,2023-09-12T19:26:16Z
1991,United States,GOA,4,Eastern Gulf of Alaska,4,East Yakutat/Southeast,Dixon Entrance,55,1,21720,Pacific cod,1.0758442542873,0.271245032821485,2729.41687312687,1745833.12065619,11121.0767546657,28983889.1874225,71.8043727106227,4.44809924951102,2021-07-24T02:42:18Z,2023-09-12T19:26:16Z
1991,United States,GOA,4,Eastern Gulf of Alaska,4,East Yakutat/Southeast,Southeast slope,45,1,21720,Pacific cod,0.501583669566529,0.0402849038823553,2601.21291037202,1083446.21481478,8568.73837183988,11756805.1498535,64.6036645988076,3.16851354166147,2021-07-24T02:42:18Z,2023-09-12T19:26:16Z
1991,United States,GOA,6,Western Gulf of Alaska,7,Western Gulf of Alaska,Shumagin Slope,25,1,21720,Pacific cod,3.21160687699758,0.32735401485104,36811.4380241462,43006933.7542677,117601.311992722,438932003.206849,63.9825869594367,3.07176839653393,2021-07-24T02:42:18Z,2023-09-12T19:26:16Z
1992,United States,GOA,4,Eastern Gulf of Alaska,4,East Yakutat/Southeast,Spencer Gully,46,1,21720,Pacific cod,0,0,0,0,NA,NA,NA,NA,2021-07-24T02:32:08Z,2023-09-12T19:26:16Z
1992,United States,GOA,4,Eastern Gulf of Alaska,4,East Yakutat/Southeast,Dixon Entrance,55,1,21720,Pacific cod,1.85781093777996,0.539422412489844,4713.26634914776,3471921.69365485,15754.9030136605,38793362.4575417,66.1403333232265,3.41685997469889,2021-07-24T02:32:08Z,2023-09-12T19:26:16Z
1992,United States,GOA,4,Eastern Gulf of Alaska,4,East Yakutat/Southeast,Southeast slope,45,1,21720,Pacific cod,0.590624930951711,0.043130161907609,3062.98089191557,1159968.27991973,10191.2505381338,12841403.5687323,64.6714779606633,3.17920217994925,2021-07-24T02:32:08Z,2023-09-12T19:26:16Z
1992,United States,GOA,4,Eastern Gulf of Alaska,4,East Yakutat/Southeast,Ommaney Trench,47,1,21720,Pacific cod,1.0098709311598,0.195882134750491,1593.57632937017,487762.969628041,4490.16287472443,3872462.98453208,61.8353965867893,2.75296922926711,2021-07-24T02:32:08Z,2023-09-12T19:26:16Z
1992,United States,GOA,4,Eastern Gulf of Alaska,6,West Yakutat,W Yakutat slope,38,1,21720,Pacific cod,3.35892991585345,0.198433426874399,35913.6786603051,22684683.9399083,99861.6190961691,175392150.941582,61.5337924248694,2.71009817518416,2021-07-24T02:32:08Z,2023-09-12T19:26:16Z
1992,United States,GOA,3,Central Gulf of Alaska,3,Central Gulf of Alaska,Kodiak slope,35,1,21720,Pacific cod,0.971612139380517,0.0485218078727437,10383.6189335596,5541771.21658576,29461.5011492855,44612940.8569531,61.9964871133557,2.77605736963183,2021-07-24T02:32:08Z,2023-09-12T19:26:16Z
1992,United States,GOA,6,Western Gulf of Alaska,7,Western Gulf of Alaska,Shumagin Slope,25,1,21720,Pacific cod,6.18739234241516,0.530128182478277,60927.252395762,51403035.7800678,204489.079635687,579036342.01247,63.6989864258693,3.02827631200909,2021-07-24T02:32:08Z,2023-09-12T19:26:16Z
1992,United States,GOA,3,Central Gulf of Alaska,3,Central Gulf of Alaska,Chirikof slope,30,1,21720,Pacific cod,2.16202961310788,0.66056499185761,19717.7100715439,54942096.8587616,65692.8118943323,609856954.403238,65.5926805271418,3.32687031109878,2021-07-24T02:32:08Z,2023-09-12T19:26:16Z
1992,United States,GOA,4,Eastern Gulf of Alaska,4,East Yakutat/Southeast,East Yakutat slope,39,1,21720,Pacific cod,0.0184608284296758,1.26096808934673e-4,71.1111111111111,1871.01234567901,337.178951185093,42065.1686952435,73.1,4.71091083256178,2021-07-24T02:32:08Z,2023-09-12T19:26:16Z
1993,United States,GOA,4,Eastern Gulf of Alaska,4,East Yakutat/Southeast,Southeast slope,45,1,21720,Pacific cod,0.50820897762008,0.0423254976091305,2635.57175793774,1138327.15869653,8816.34654497038,12737808.4205025,63.2260688721646,2.95669714567214,2021-07-24T02:18:30Z,2023-09-12T19:26:16Z
1993,United States,GOA,4,Eastern Gulf of Alaska,4,East Yakutat/Southeast,Spencer Gully,46,1,21720,Pacific cod,0.032026908452764,2.41063656766112e-4,50.5384615384615,600.268754694787,318.032116537726,23770.7925806763,80,6.29287292997023,2021-07-24T02:18:30Z,2023-09-12T19:26:16Z
1993,United States,GOA,4,Eastern Gulf of Alaska,4,East Yakutat/Southeast,East Yakutat slope,39,1,21720,Pacific cod,6.70526093361347,9.54252161709575,25828.6651162791,141591019.672392,117970.803605525,2953798475.9857,71.7941136556494,4.4460595443286,2021-07-24T02:18:30Z,2023-09-12T19:26:16Z
1993,United States,GOA,4,Eastern Gulf of Alaska,4,East Yakutat/Southeast,Dixon Entrance,55,1,21720,Pacific cod,0.837683805062995,0.080169882576237,2125.20381344482,516002.946947332,7240.46568389546,5989409.51178215,66.5742574805164,3.48934111376396,2021-07-24T02:18:30Z,2023-09-12T19:26:16Z
1993,United States,GOA,4,Eastern Gulf of Alaska,4,East Yakutat/Southeast,Ommaney Trench,47,1,21720,Pacific cod,1.00445906022695,0.172901822984122,1585.03639703812,430540.062983595,4873.26224130136,4069814.88752056,63.7090564763569,3.02981331786374,2021-07-24T02:18:30Z,2023-09-12T19:26:16Z
1993,United States,GOA,6,Western Gulf of Alaska,7,Western Gulf of Alaska,Shumagin Slope,25,1,21720,Pacific cod,4.22137387441821,0.194915740833538,48385.3873485815,25607531.8260766,135122.258931888,199706900.293562,61.1013760065939,2.64943814135822,2021-07-24T02:18:30Z,2023-09-12T19:26:16Z
1993,United States,GOA,3,Central Gulf of Alaska,3,Central Gulf of Alaska,Chirikof slope,30,1,21720,Pacific cod,2.44529265113021,0.195677353583404,22301.0689783076,16275346.4778875,63905.6557939683,133646463.962826,62.3760683129213,2.83098699224759,2021-07-24T02:18:30Z,2023-09-12T19:26:16Z
1993,United States,GOA,3,Central Gulf of Alaska,3,Central Gulf of Alaska,Kodiak slope,35,1,21720,Pacific cod,1.67804980275801,0.00873372679569878,17933.3182420748,997496.134044819,51618.1144776982,8264073.72889886,61.6940032184357,2.73281340457346,2021-07-24T02:18:30Z,2023-09-12T19:26:16Z
1993,United States,GOA,4,Eastern Gulf of Alaska,6,West Yakutat,W Yakutat slope,38,1,21720,Pacific cod,3.09629877824992,1.06784728485266,33105.6265370481,122075088.52984,80029.0936730834,713377195.306807,59.1553888062895,2.38798640100375,2021-07-24T02:18:30Z,2023-09-12T19:26:16Z
1994,United States,GOA,3,Central Gulf of Alaska,3,Central Gulf of Alaska,Chirikof slope,30,1,21720,Pacific cod,1.89589786875202,0.0716792137073359,17290.5885630184,5961875.59257944,50239.0358097151,50332203.9260625,62.8015775544576,2.89344732057031,2021-07-24T02:04:00Z,2023-09-12T19:26:16Z
1994,United States,GOA,6,Western Gulf of Alaska,7,Western Gulf of Alaska,Shumagin Slope,25,1,21720,Pacific cod,4.18662126637708,0.213907785045402,47987.0529552141,28102658.0509664,135194.925434598,223059139.053683,61.7865932875998,2.74600072418125,2021-07-24T02:04:00Z,2023-09-12T19:26:16Z
1994,United States,GOA,3,Central Gulf of Alaska,3,Central Gulf of Alaska,Kodiak slope,35,1,21720,Pacific cod,0.690273008442922,0.0666532463930755,7376.94764122951,7612598.5107953,21945.8067238321,67372493.9011665,61.8804738963265,2.75941651661217,2021-07-24T02:04:00Z,2023-09-12T19:26:16Z
1994,United States,GOA,4,Eastern Gulf of Alaska,4,East Yakutat/Southeast,Spencer Gully,46,1,21720,Pacific cod,0,0,0,0,NA,NA,NA,NA,2021-07-24T02:04:00Z,2023-09-12T19:26:16Z
1994,United States,GOA,4,Eastern Gulf of Alaska,4,East Yakutat/Southeast,Ommaney Trench,47,1,21720,Pacific cod,0.908690818790076,0.183797653241949,1433.91411205074,457671.595575325,5045.46917822776,5666446.55360826,66.2921355247226,3.4420973950213,2021-07-24T02:04:00Z,2023-09-12T19:26:16Z
1994,United States,GOA,4,Eastern Gulf of Alaska,4,East Yakutat/Southeast,Southeast slope,45,1,21720,Pacific cod,0.190163745082336,0.0111599724267546,986.189181996994,300142.949788704,3370.87490433876,3506654.26888813,67.6676594325675,3.67666119270978,2021-07-24T02:04:00Z,2023-09-12T19:26:16Z
1994,United States,GOA,4,Eastern Gulf of Alaska,6,West Yakutat,W Yakutat slope,38,1,21720,Pacific cod,1.19949072981139,0.219661219040248,12824.9548831434,25111421.0255363,42739.4944462427,278880635.27525,62.0382497743189,2.78206464844548,2021-07-24T02:04:00Z,2023-09-12T19:26:16Z
1994,United States,GOA,4,Eastern Gulf of Alaska,4,East Yakutat/Southeast,East Yakutat slope,39,1,21720,Pacific cod,1.96610105317001,1.02989802345046,7573.42125681088,15281528.0017476,32151.5670820279,275414527.113361,70.5614316753899,4.20563333630543,2021-07-24T02:04:00Z,2023-09-12T19:26:16Z
1994,United States,GOA,4,Eastern Gulf of Alaska,4,East Yakutat/Southeast,Dixon Entrance,55,1,21720,Pacific cod,0.429625662890409,0.0256090116835433,1089.96030675297,164829.048920596,4684.19298595136,3044261.4395214,70.3298984552434,4.16149591912031,2021-07-24T02:04:00Z,2023-09-12T19:26:16Z
1995,United States,GOA,3,Central Gulf of Alaska,3,Central Gulf of Alaska,Kodiak slope,35,1,21720,Pacific cod,0.934407632071299,0.110631939815057,9986.01436394598,12635491.6805672,30644.3910589384,118989808.327669,64.065491686062,3.08456317277492,2021-07-24T01:51:11Z,2023-09-12T19:26:16Z
1995,United States,GOA,4,Eastern Gulf of Alaska,4,East Yakutat/Southeast,Spencer Gully,46,1,21720,Pacific cod,0,0,0,0,NA,NA,NA,NA,2021-07-24T01:51:11Z,2023-09-12T19:26:16Z
1995,United States,GOA,4,Eastern Gulf of Alaska,4,East Yakutat/Southeast,Southeast slope,45,1,21720,Pacific cod,0.252139424737121,0.00696930732520065,1307.59505668671,187436.704911112,3716.87028448306,1514477.79595519,61.3197818689206,2.67995828549556,2021-07-24T01:51:11Z,2023-09-12T19:26:16Z
1995,United States,GOA,4,Eastern Gulf of Alaska,4,East Yakutat/Southeast,Ommaney Trench,47,1,21720,Pacific cod,0.621369364499409,0.113048948457636,980.520857180068,281501.377771183,3236.8003139165,3067599.5646303,64.9252705469436,3.21942490524809,2021-07-24T01:51:11Z,2023-09-12T19:26:16Z
1995,United States,GOA,4,Eastern Gulf of Alaska,4,East Yakutat/Southeast,East Yakutat slope,39,1,21720,Pacific cod,0.6593550098223,0.1391795488717,2539.8354978355,2065132.78492159,10195.332261582,33276647.8973069,69.3333333333333,3.975156045131,2021-07-24T01:51:11Z,2023-09-12T19:26:16Z
1995,United States,GOA,4,Eastern Gulf of Alaska,6,West Yakutat,W Yakutat slope,38,1,21720,Pacific cod,1.86942501093788,0.408660001176867,19987.8922169478,46717547.0967782,61914.0382859165,448254127.395741,63.9868780509791,3.0724297470074,2021-07-24T01:51:11Z,2023-09-12T19:26:16Z
1995,United States,GOA,3,Central Gulf of Alaska,3,Central Gulf of Alaska,Chirikof slope,30,1,21720,Pacific cod,2.27827811828434,0.190482179192972,20777.8964387531,15843240.965068,62253.9955378797,142224800.536672,62.2544503313396,2.81330680945216,2021-07-24T01:51:11Z,2023-09-12T19:26:16Z
1995,United States,GOA,6,Western Gulf of Alaska,7,Western Gulf of Alaska,Shumagin Slope,25,1,21720,Pacific cod,5.49612399251552,0.512683488108901,62996.5732022129,67355046.2487517,172303.090146141,503874545.442903,60.7665520550973,2.60311559128823,2021-07-24T01:51:11Z,2023-09-12T19:26:16Z
1995,United States,GOA,4,Eastern Gulf of Alaska,4,East Yakutat/Southeast,Dixon Entrance,55,1,21720,Pacific cod,0.841030228287258,0.115270723266096,2133.69368916477,741924.909837477,7499.08902147402,9164585.46137818,66.930339666091,3.54960499761955,2021-07-24T01:51:11Z,2023-09-12T19:26:16Z
1996,United States,GOA,4,Eastern Gulf of Alaska,4,East Yakutat/Southeast,Southeast slope,45,1,21720,Pacific cod,0.243964389024134,0.0171560602573613,1265.19932147916,461405.309573387,4122.32097701332,4898332.88300432,64.9074748848243,3.21659317308872,2021-07-24T01:47:07Z,2023-09-12T19:26:16Z
1996,United States,GOA,6,Western Gulf of Alaska,7,Western Gulf of Alaska,Shumagin Slope,25,1,21720,Pacific cod,3.88762038289005,0.201386298366272,44559.9048286857,26457617.1359822,125074.109517798,208447675.976997,62.3980899153256,2.83419653557468,2021-07-24T01:47:07Z,2023-09-12T19:26:16Z
1996,United States,GOA,4,Eastern Gulf of Alaska,4,East Yakutat/Southeast,East Yakutat slope,39,1,21720,Pacific cod,0.135044805969001,0.00486728208636473,520.192592592593,72220.2643383996,3470.9859044515,3215410.65378711,81.6666666666667,6.72347829454694,2021-07-24T01:47:07Z,2023-09-12T19:26:16Z
1996,United States,GOA,3,Central Gulf of Alaska,3,Central Gulf of Alaska,Kodiak slope,35,1,21720,Pacific cod,1.07026028160177,0.615305323478228,11437.8716294781,70275232.5306304,71353.5928581058,2734913198.98634,68.5800964818596,3.83818566060716,2021-07-24T01:47:07Z,2023-09-12T19:26:16Z
1996,United States,GOA,4,Eastern Gulf of Alaska,6,West Yakutat,W Yakutat slope,38,1,21720,Pacific cod,0.815127925805937,0.253378560363413,8715.34778271708,28965949.1827009,34612.9223415661,456872329.819186,68.9327694084907,3.90190496225995,2021-07-24T01:47:07Z,2023-09-12T19:26:16Z
1996,United States,GOA,4,Eastern Gulf of Alaska,4,East Yakutat/Southeast,Ommaney Trench,47,1,21720,Pacific cod,0.201183083650808,0.00977106809174277,317.466906000976,24330.7803181592,1066.96643859706,274827.784281831,66.4270985668324,3.46464278492785,2021-07-24T01:47:07Z,2023-09-12T19:26:16Z
1996,United States,GOA,4,Eastern Gulf of Alaska,4,East Yakutat/Southeast,Spencer Gully,46,1,21720,Pacific cod,0.0489823305748155,6.80624790527471e-4,77.2941176470588,1694.81290089581,422.933265845782,50742.5823726843,76.5,5.45108947751512,2021-07-24T01:47:07Z,2023-09-12T19:26:16Z
1996,United States,GOA,3,Central Gulf of Alaska,3,Central Gulf of Alaska,Chirikof slope,30,1,21720,Pacific cod,1.58810189070978,0.172752548512928,14483.4892432732,14368589.5710336,51502.6278798144,181688113.523702,66.3291821027618,3.4482758862973,2021-07-24T01:47:07Z,2023-09-12T19:26:16Z
1996,United States,GOA,4,Eastern Gulf of Alaska,4,East Yakutat/Southeast,Dixon Entrance,55,1,21720,Pacific cod,1.24474457613878,0.243085799025445,3157.91698966408,1564589.90118761,12125.7129110117,23068197.7898794,70.7685141571152,4.24538178540106,2021-07-24T01:47:07Z,2023-09-12T19:26:16Z
1997,United States,GOA,4,Eastern Gulf of Alaska,4,East Yakutat/Southeast,East Yakutat slope,39,1,21720,Pacific cod,0,0,0,0,NA,NA,NA,NA,2021-07-24T01:42:12Z,2023-09-12T19:26:16Z
1997,United States,GOA,4,Eastern Gulf of Alaska,4,East Yakutat/Southeast,Dixon Entrance,55,1,21720,Pacific cod,2.33075123314891,0.730333460374353,5913.1158784988,4700695.64401621,21213.9623718427,60502447.2135296,64.2736268444414,3.11684650147943,2021-07-24T01:42:12Z,2023-09-12T19:26:16Z
1997,United States,GOA,3,Central Gulf of Alaska,3,Central Gulf of Alaska,Kodiak slope,35,1,21720,Pacific cod,1.80511583792013,1.14899416261328,19291.2729598524,131228885.681569,59191.032423704,1235433857.39323,63.2493096364347,2.96018728280421,2021-07-24T01:42:12Z,2023-09-12T19:26:16Z
1997,United States,GOA,4,Eastern Gulf of Alaska,4,East Yakutat/Southeast,Southeast slope,45,1,21720,Pacific cod,0.38811416052904,0.0113350633978582,2012.7600365036,304851.950719785,6212.92862692461,2904676.06214309,63.5735160723043,3.00917058423323,2021-07-24T01:42:12Z,2023-09-12T19:26:16Z
1997,United States,GOA,4,Eastern Gulf of Alaska,4,East Yakutat/Southeast,Ommaney Trench,47,1,21720,Pacific cod,0.733678330829569,0.105336754733592,1157.74440604906,262297.367574041,3449.50386570864,2328529.91335846,63.8074916378398,3.04486590985868,2021-07-24T01:42:12Z,2023-09-12T19:26:16Z
1997,United States,GOA,4,Eastern Gulf of Alaska,4,East Yakutat/Southeast,Spencer Gully,46,1,21720,Pacific cod,0.0236562391980643,1.47558119769626e-4,37.3295454545455,367.432113108429,175.085099272263,8082.95350109175,73,4.69025532297083,2021-07-24T01:42:12Z,2023-09-12T19:26:16Z
1997,United States,GOA,3,Central Gulf of Alaska,3,Central Gulf of Alaska,Chirikof slope,30,1,21720,Pacific cod,1.49928932104775,0.141447486375549,13673.5186079554,11764809.8107944,45039.3934989507,127646645.477779,65.6777683273467,3.34074346574426,2021-07-24T01:42:12Z,2023-09-12T19:26:16Z
1997,United States,GOA,4,Eastern Gulf of Alaska,6,West Yakutat,W Yakutat slope,38,1,21720,Pacific cod,2.37441172321776,1.23810815151837,25387.2101446443,141539117.39072,82509.6525951894,1495051125.62329,64.9594976483048,3.22487611200604,2021-07-24T01:42:12Z,2023-09-12T19:26:16Z
1997,United States,GOA,6,Western Gulf of Alaska,7,Western Gulf of Alaska,Shumagin Slope,25,1,21720,Pacific cod,3.24322049214395,0.174579609623149,37173.793280954,22935822.8868071,131634.961312391,287596149.681898,65.8147184931643,3.36315608913033,2021-07-24T01:42:12Z,2023-09-12T19:26:16Z
1998,United States,GOA,3,Central Gulf of Alaska,3,Central Gulf of Alaska,Kodiak slope,35,1,21720,Pacific cod,1.90701912938716,0.400888893807722,20380.3134357606,45786309.9120118,44252.9827953082,215873346.235296,62.5670274204976,2.85890174427352,2021-07-24T01:37:13Z,2023-09-12T19:26:16Z
1998,United States,GOA,4,Eastern Gulf of Alaska,4,East Yakutat/Southeast,Ommaney Trench,47,1,21720,Pacific cod,0.484692357697008,0.0245354015252934,886.01762987013,81987.1051704961,2550.28780378739,679264.962168386,62.1083492888403,2.79216810283171,2021-07-24T01:37:13Z,2023-09-12T19:26:16Z
1998,United States,GOA,3,Central Gulf of Alaska,3,Central Gulf of Alaska,Chirikof slope,30,1,21720,Pacific cod,1.3444996546534,0.0580169373776022,12261.836850439,4825523.95621964,43253.45963532,60044759.5400971,64.0119340700325,3.07629338163527,2021-07-24T01:37:13Z,2023-09-12T19:26:16Z
1998,United States,GOA,4,Eastern Gulf of Alaska,4,East Yakutat/Southeast,East Yakutat slope,39,1,21720,Pacific cod,4.67123305908353,5.12971253892619,17993.5897435897,76114182.200183,63907.1001613262,960125888.43963,67.2087210609126,3.59721486951896,2021-07-24T01:37:13Z,2023-09-12T19:26:16Z
1998,United States,GOA,4,Eastern Gulf of Alaska,6,West Yakutat,W Yakutat slope,38,1,21720,Pacific cod,1.65261726636735,0.348728462265847,17669.7838119997,39866241.6506985,55052.4597394215,386986913.421523,62.6442137394696,2.87023855739704,2021-07-24T01:37:13Z,2023-09-12T19:26:16Z
1998,United States,GOA,6,Western Gulf of Alaska,7,Western Gulf of Alaska,Shumagin Slope,25,1,21720,Pacific cod,3.69581169034471,0.19548970086313,42361.393594731,25682937.2277226,136918.115196317,268303313.657915,63.2154479112061,2.95510310686527,2021-07-24T01:37:13Z,2023-09-12T19:26:16Z
1998,United States,GOA,4,Eastern Gulf of Alaska,4,East Yakutat/Southeast,Dixon Entrance,55,1,21720,Pacific cod,1.31114553193069,0.210858904864838,3326.37621450816,1357165.71864599,9335.64497352585,10690027.0210456,64.7492236117581,3.19148684466387,2021-07-24T01:37:13Z,2023-09-12T19:26:16Z
1998,United States,GOA,4,Eastern Gulf of Alaska,4,East Yakutat/Southeast,Southeast slope,45,1,21720,Pacific cod,1.38725821481724,0.269498582752876,10998.1831270711,16938844.0095057,24308.1805084844,82745956.5065004,58.3778899220775,2.28869250025834,2021-07-24T01:37:13Z,2023-09-12T19:26:16Z
1998,United States,GOA,4,Eastern Gulf of Alaska,4,East Yakutat/Southeast,Spencer Gully,46,1,21720,Pacific cod,0,0,0,0,NA,NA,NA,NA,2021-07-24T01:37:13Z,2023-09-12T19:26:16Z
1999,United States,GOA,4,Eastern Gulf of Alaska,4,East Yakutat/Southeast,East Yakutat slope,39,1,21720,Pacific cod,0.341381100726895,0.110064669511273,1315,1633129,4153.44137550124,16292403.4106842,67.1719487525287,3.59090087667488,2021-07-24T01:32:24Z,2023-09-12T19:26:17Z
1999,United States,GOA,6,Western Gulf of Alaska,7,Western Gulf of Alaska,Shumagin Slope,25,1,21720,Pacific cod,3.06787789542318,0.194089901990789,35164.0164373405,25499035.2297604,102030.044886073,214675733.572349,61.9381261848052,2.76767750962428,2021-07-24T01:32:24Z,2023-09-12T19:26:17Z
1999,United States,GOA,4,Eastern Gulf of Alaska,4,East Yakutat/Southeast,Ommaney Trench,47,1,21720,Pacific cod,1.70018881989219,0.313458104461682,3107.94516276293,1047446.58653948,8734.84236965179,8273615.5193252,63.1598617465685,2.94677015012492,2021-07-24T01:32:24Z,2023-09-12T19:26:17Z
1999,United States,GOA,4,Eastern Gulf of Alaska,6,West Yakutat,W Yakutat slope,38,1,21720,Pacific cod,1.37932789684923,0.257592245557542,14747.773873112,29447652.8873472,39440.5546395995,210612320.235618,60.2924883171834,2.53848733741697,2021-07-24T01:32:24Z,2023-09-12T19:26:17Z
1999,United States,GOA,4,Eastern Gulf of Alaska,4,East Yakutat/Southeast,Dixon Entrance,55,1,21720,Pacific cod,1.77421063821587,0.390952928128608,4501.17238915367,2516317.3070662,12722.8671568658,20104075.0815231,65.2175502662183,3.26617981042737,2021-07-24T01:32:24Z,2023-09-12T19:26:17Z
1999,United States,GOA,3,Central Gulf of Alaska,3,Central Gulf of Alaska,Chirikof slope,30,1,21720,Pacific cod,1.05306073821312,0.0412262122015029,9603.91393250364,3428965.46413268,30121.8899531007,33731140.6362363,63.3712679163418,2.97854864075787,2021-07-24T01:32:24Z,2023-09-12T19:26:17Z
1999,United States,GOA,3,Central Gulf of Alaska,3,Central Gulf of Alaska,Kodiak slope,35,1,21720,Pacific cod,1.9129016358339,0.375571992044409,20443.1797821569,42894816.7126443,51856.0815164956,275998875.954808,60.6135743132341,2.58213809934906,2021-07-24T01:32:24Z,2023-09-12T19:26:17Z
1999,United States,GOA,4,Eastern Gulf of Alaska,4,East Yakutat/Southeast,Spencer Gully,46,1,21720,Pacific cod,0,0,0,0,NA,NA,NA,NA,2021-07-24T01:32:24Z,2023-09-12T19:26:17Z
1999,United States,GOA,4,Eastern Gulf of Alaska,4,East Yakutat/Southeast,Southeast slope,45,1,21720,Pacific cod,0.500801948383104,0.0381681199959096,2597.15890431478,1026516.16736951,7724.41959735135,9080305.56249321,63.5410471302665,3.00423999718671,2021-07-24T01:32:24Z,2023-09-12T19:26:17Z
2000,United States,GOA,3,Central Gulf of Alaska,3,Central Gulf of Alaska,Chirikof slope,30,1,21720,Pacific cod,0.45590501863205,0.0475223425775862,4157.85376992429,3952642.33048519,13902.0933417893,44188523.96853,65.9363483860725,3.3831480773049,2021-07-24T01:27:35Z,2023-09-12T19:26:17Z
2000,United States,GOA,3,Central Gulf of Alaska,3,Central Gulf of Alaska,Kodiak slope,35,1,21720,Pacific cod,0.709053083870965,0.0214928691123642,7577.650307329,2454742.9007824,23072.6235781549,22757830.3175621,64.4242642865593,3.14035608335957,2021-07-24T01:27:35Z,2023-09-12T19:26:17Z
2000,United States,GOA,4,Eastern Gulf of Alaska,4,East Yakutat/Southeast,East Yakutat slope,39,1,21720,Pacific cod,0,0,0,0,NA,NA,NA,NA,2021-07-24T01:27:35Z,2023-09-12T19:26:17Z
2000,United States,GOA,6,Western Gulf of Alaska,7,Western Gulf of Alaska,Shumagin Slope,25,1,21720,Pacific cod,2.61648896756584,0.273680802529347,29990.1965462397,35955484.3081744,91725.8459112754,336348867.783841,63.6634200845544,3.0228520678528,2021-07-24T01:27:35Z,2023-09-12T19:26:17Z
2000,United States,GOA,4,Eastern Gulf of Alaska,6,West Yakutat,W Yakutat slope,38,1,21720,Pacific cod,0.739805901765668,0.156238284592699,7910.00470167853,17860983.207946,24722.6782518121,174478899.210124,64.0035267727566,3.0749966049079,2021-07-24T01:27:35Z,2023-09-12T19:26:17Z
2000,United States,GOA,4,Eastern Gulf of Alaska,4,East Yakutat/Southeast,Dixon Entrance,55,1,21720,Pacific cod,1.23801836469858,0.279846426573463,3140.8525912403,1801194.86475821,8183.60763939835,12227993.2345981,68.4595041989664,3.81656303845208,2021-07-24T01:27:35Z,2023-09-12T19:26:17Z
2000,United States,GOA,4,Eastern Gulf of Alaska,4,East Yakutat/Southeast,Southeast slope,45,1,21720,Pacific cod,0.0862236377175038,0.00368433241093279,683.58099982437,231572.022941522,2117.07017656958,2221143.57370222,63.3702001866138,2.97838755001599,2021-07-24T01:27:35Z,2023-09-12T19:26:17Z
2000,United States,GOA,4,Eastern Gulf of Alaska,4,East Yakutat/Southeast,Spencer Gully,46,1,21720,Pacific cod,0.0297392721347094,2.68607642930977e-4,46.9285714285714,668.85559394014,159.25881171792,7703.08407250135,66,3.39364286765735,2021-07-24T01:27:35Z,2023-09-12T19:26:17Z
2000,United States,GOA,4,Eastern Gulf of Alaska,4,East Yakutat/Southeast,Ommaney Trench,47,1,21720,Pacific cod,0.512605757384325,0.0738470362603551,808.891885152465,183885.32343933,2814.97575902176,2226975.45011524,63.2294530564493,2.95720518272151,2021-07-24T01:27:35Z,2023-09-12T19:26:17Z
2001,United States,GOA,6,Western Gulf of Alaska,7,Western Gulf of Alaska,Shumagin Slope,25,1,21720,Pacific cod,1.57423570340436,0.217994718100572,18043.8896324208,28639588.8695537,54662.4448361511,262835824.579584,63.659195142081,3.02220816416433,2021-07-24T01:22:54Z,2023-09-12T19:26:17Z
2001,United States,GOA,3,Central Gulf of Alaska,3,Central Gulf of Alaska,Kodiak slope,35,1,21720,Pacific cod,0.0806156834622109,0.00121223261075856,861.539809160648,138451.473360746,2988.08971668201,1665459.77638431,65.0074660088816,3.23252652038127,2021-07-24T01:22:54Z,2023-09-12T19:26:17Z
2001,United States,GOA,4,Eastern Gulf of Alaska,6,West Yakutat,W Yakutat slope,38,1,21720,Pacific cod,0.166356771756383,0.00871098182804527,1778.68660361925,995829.546906779,7118.60366203408,15950553.8266405,68.8735982936018,3.89116373870862,2021-07-24T01:22:54Z,2023-09-12T19:26:17Z
2001,United States,GOA,4,Eastern Gulf of Alaska,4,East Yakutat/Southeast,Spencer Gully,46,1,21720,Pacific cod,0,0,0,0,NA,NA,NA,NA,2021-07-24T01:22:54Z,2023-09-12T19:26:17Z
2001,United States,GOA,4,Eastern Gulf of Alaska,4,East Yakutat/Southeast,Dixon Entrance,55,1,21720,Pacific cod,1.50510636479232,0.272451198783488,3818.4548474781,1753596.44986288,11686.7386154095,16426347.2712911,64.7239714804482,3.18749315425703,2021-07-24T01:22:54Z,2023-09-12T19:26:17Z
2001,United States,GOA,4,Eastern Gulf of Alaska,4,East Yakutat/Southeast,Southeast slope,45,1,21720,Pacific cod,0.0095600361701403,3.8370495966769e-5,49.5783475783476,1031.95898734588,128.553060592543,6938.14199087332,59.5454545454545,2.43890092063384,2021-07-24T01:22:54Z,2023-09-12T19:26:17Z
2001,United States,GOA,4,Eastern Gulf of Alaska,4,East Yakutat/Southeast,East Yakutat slope,39,1,21720,Pacific cod,0,0,0,0,NA,NA,NA,NA,2021-07-24T01:22:54Z,2023-09-12T19:26:17Z
2001,United States,GOA,3,Central Gulf of Alaska,3,Central Gulf of Alaska,Chirikof slope,30,1,21720,Pacific cod,0.923181931529413,0.0718243202262444,8419.41921554825,5973944.74022574,28680.4969199545,69321871.0093426,66.1416922324773,3.4170853291547,2021-07-24T01:22:54Z,2023-09-12T19:26:17Z
2001,United States,GOA,4,Eastern Gulf of Alaska,4,East Yakutat/Southeast,Ommaney Trench,47,1,21720,Pacific cod,0.475642475999872,0.0283501852104552,869.474446127766,94734.5252962938,2247.86433258259,633191.141993683,59.9446527012128,2.49177625711872,2021-07-24T01:22:54Z,2023-09-12T19:26:17Z
2002,United States,GOA,4,Eastern Gulf of Alaska,4,East Yakutat/Southeast,Dixon Entrance,55,1,21720,Pacific cod,1.58213341267893,0.343936950904479,4013.87246796645,2213705.12875611,11664.4337305149,18694762.4996787,64.4265499402218,3.14071373639029,2021-07-24T01:18:15Z,2023-09-12T19:26:17Z
2002,United States,GOA,4,Eastern Gulf of Alaska,4,East Yakutat/Southeast,Spencer Gully,46,1,21720,Pacific cod,0,0,0,0,NA,NA,NA,NA,2021-07-24T01:18:15Z,2023-09-12T19:26:17Z
2002,United States,GOA,4,Eastern Gulf of Alaska,4,East Yakutat/Southeast,Ommaney Trench,47,1,21720,Pacific cod,0.522303754080127,0.0378278062679502,954.771262458472,126404.792180082,2526.19987292947,884912.39712135,60.6917115524884,2.59283828179023,2021-07-24T01:18:15Z,2023-09-12T19:26:17Z
2002,United States,GOA,4,Eastern Gulf of Alaska,4,East Yakutat/Southeast,Southeast slope,45,1,21720,Pacific cod,0.121723638153606,0.00249271153124569,965.025003281792,156674.856532307,3071.59561479189,1587267.96723711,64.6658640011535,3.17831637518696,2021-07-24T01:18:15Z,2023-09-12T19:26:17Z
2002,United States,GOA,4,Eastern Gulf of Alaska,4,East Yakutat/Southeast,East Yakutat slope,39,1,21720,Pacific cod,0,0,0,0,NA,NA,NA,NA,2021-07-24T01:18:15Z,2023-09-12T19:26:17Z
2002,United States,GOA,6,Western Gulf of Alaska,7,Western Gulf of Alaska,Shumagin Slope,25,1,21720,Pacific cod,2.86265368710153,0.50798060811158,32811.7365615577,66737193.895265,94204.6294352283,550115650.95818,61.538479050015,2.71076080830916,2021-07-24T01:18:15Z,2023-09-12T19:26:17Z
2002,United States,GOA,3,Central Gulf of Alaska,3,Central Gulf of Alaska,Chirikof slope,30,1,21720,Pacific cod,0.704780161099516,0.0419322047888152,6427.59506922759,3487685.97398683,21511.2549035181,39063562.7519418,65.142255275933,3.25409074917879,2021-07-24T01:18:15Z,2023-09-12T19:26:17Z
2002,United States,GOA,3,Central Gulf of Alaska,3,Central Gulf of Alaska,Kodiak slope,35,1,21720,Pacific cod,0.551203487405048,0.044810930356629,5890.71166989775,5117944.58875248,17527.1141804715,45308624.6426765,65.9970323757775,3.39315307241411,2021-07-24T01:18:15Z,2023-09-12T19:26:17Z
2002,United States,GOA,4,Eastern Gulf of Alaska,6,West Yakutat,W Yakutat slope,38,1,21720,Pacific cod,0.0784983485707145,0.00165266969752152,839.304342918079,188931.322387884,3178.8581012873,2710237.23773269,67.6642217148171,3.67606164558447,2021-07-24T01:18:15Z,2023-09-12T19:26:17Z
2003,United States,GOA,4,Eastern Gulf of Alaska,4,East Yakutat/Southeast,East Yakutat slope,39,1,21720,Pacific cod,0.0111944027986007,1.25314654017319e-4,14.9333333333333,223.004444444444,NA,NA,NA,NA,2021-07-24T01:13:29Z,2023-09-12T19:26:17Z
2003,United States,GOA,4,Eastern Gulf of Alaska,4,East Yakutat/Southeast,Southeast slope,45,1,21720,Pacific cod,0.295160470693937,0.03707341598187,1530.70220101876,997074.545172337,4359.2925679366,8086828.81426518,61.8373485323074,2.75324819578365,2021-07-24T01:13:29Z,2023-09-12T19:26:17Z
2003,United States,GOA,4,Eastern Gulf of Alaska,6,West Yakutat,W Yakutat slope,38,1,21720,Pacific cod,0.163859033861138,0.00643726797216332,1751.98079004329,735901.161841294,5763.17375130845,7963137.86981297,62.2343086606047,2.81038607584986,2021-07-24T01:13:29Z,2023-09-12T19:26:17Z
2003,United States,GOA,6,Western Gulf of Alaska,7,Western Gulf of Alaska,Shumagin Slope,25,1,21720,Pacific cod,2.24857666020565,0.197069865063211,25773.1856792772,25890535.1614296,65619.4776561601,167830295.907333,59.7296771507369,2.46320490723357,2021-07-24T01:13:29Z,2023-09-12T19:26:17Z
2003,United States,GOA,3,Central Gulf of Alaska,3,Central Gulf of Alaska,Kodiak slope,35,1,21720,Pacific cod,0.781688585002906,0.140141031780012,8353.90590792606,16005783.1772867,25601.844945611,150328144.373494,64.5104393189306,3.15385993642224,2021-07-24T01:13:29Z,2023-09-12T19:26:17Z
2003,United States,GOA,4,Eastern Gulf of Alaska,4,East Yakutat/Southeast,Dixon Entrance,55,1,21720,Pacific cod,2.87777627364692,1.31435479622892,7300.91840624223,8459672.46544914,16543.5339932353,43436531.1661683,56.8508134074006,2.10201037833113,2021-07-24T01:13:29Z,2023-09-12T19:26:17Z
2003,United States,GOA,3,Central Gulf of Alaska,3,Central Gulf of Alaska,Chirikof slope,30,1,21720,Pacific cod,1.56889093392064,0.346117310289612,14308.2853173563,28788099.6129523,38312.4850167352,206404165.375565,60.2421768998909,2.53169400484493,2021-07-24T01:13:29Z,2023-09-12T19:26:17Z
2003,United States,GOA,4,Eastern Gulf of Alaska,4,East Yakutat/Southeast,Spencer Gully,46,1,21720,Pacific cod,0,0,0,0,NA,NA,NA,NA,2021-07-24T01:13:29Z,2023-09-12T19:26:17Z
2003,United States,GOA,4,Eastern Gulf of Alaska,4,East Yakutat/Southeast,Ommaney Trench,47,1,21720,Pacific cod,0.581636974860845,0.104150733954669,917.823146330414,259344.076208778,2473.26529570226,1883214.23400257,60.2,2.52600869389576,2021-07-24T01:13:29Z,2023-09-12T19:26:17Z
2004,United States,GOA,4,Eastern Gulf of Alaska,4,East Yakutat/Southeast,Dixon Entrance,55,1,21720,Pacific cod,2.37542610708606,1.0119108291748,6026.45603367733,6513031.49166501,14913.9684232218,39888309.5581791,59.9316285061142,2.49003881538104,2021-07-24T01:09:01Z,2023-09-12T19:26:17Z
2004,United States,GOA,3,Central Gulf of Alaska,3,Central Gulf of Alaska,Kodiak slope,35,1,21720,Pacific cod,1.16315738159947,0.0596389161096514,12430.6629371536,6811478.0379091,35812.1319854279,56534444.921178,61.813066405791,2.74977924771307,2021-07-24T01:09:01Z,2023-09-12T19:26:17Z
2004,United States,GOA,4,Eastern Gulf of Alaska,4,East Yakutat/Southeast,East Yakutat slope,39,1,21720,Pacific cod,0,0,0,0,NA,NA,NA,NA,2021-07-24T01:09:01Z,2023-09-12T19:26:17Z
2004,United States,GOA,3,Central Gulf of Alaska,3,Central Gulf of Alaska,Chirikof slope,30,1,21720,Pacific cod,1.22887191180817,0.095142670186611,11207.3118356906,7913434.50716926,32686.4121579338,67312637.1586891,61.2063306204431,2.66407451447441,2021-07-24T01:09:01Z,2023-09-12T19:26:17Z
2004,United States,GOA,4,Eastern Gulf of Alaska,4,East Yakutat/Southeast,Southeast slope,45,1,21720,Pacific cod,0.213770758686818,0.0300601182064634,1108.61515454984,808454.734875079,2949.25431407337,5721613.7122891,60.6762204375922,2.59071449332307,2021-07-24T01:09:01Z,2023-09-12T19:26:17Z
2004,United States,GOA,4,Eastern Gulf of Alaska,4,East Yakutat/Southeast,Spencer Gully,46,1,21720,Pacific cod,0,0,0,0,NA,NA,NA,NA,2021-07-24T01:09:01Z,2023-09-12T19:26:17Z
2004,United States,GOA,4,Eastern Gulf of Alaska,4,East Yakutat/Southeast,Ommaney Trench,47,1,21720,Pacific cod,0.493831738603602,0.0797009831274936,779.266483516484,198462.142870042,1934.73228397263,1223340.7385554,60.4052145573058,2.5537538147382,2021-07-24T01:09:01Z,2023-09-12T19:26:17Z
2004,United States,GOA,4,Eastern Gulf of Alaska,6,West Yakutat,W Yakutat slope,38,1,21720,Pacific cod,0.362207574162759,0.0472152700778767,3872.72338294822,5397596.03875605,9096.86992174294,29781830.8251888,58.7513208288948,2.33602083260906,2021-07-24T01:09:01Z,2023-09-12T19:26:17Z
2004,United States,GOA,6,Western Gulf of Alaska,7,Western Gulf of Alaska,Shumagin Slope,25,1,21720,Pacific cod,1.54286833595799,0.087217452682152,17684.3568667505,11458406.0055721,48328.14285746,85574797.2657959,61.2639346939174,2.67213126359182,2021-07-24T01:09:01Z,2023-09-12T19:26:17Z
2005,United States,GOA,4,Eastern Gulf of Alaska,4,East Yakutat/Southeast,Spencer Gully,46,1,21720,Pacific cod,0,0,0,0,NA,NA,NA,NA,2021-07-24T01:04:20Z,2023-09-12T19:26:17Z
2005,United States,GOA,6,Western Gulf of Alaska,7,Western Gulf of Alaska,Shumagin Slope,25,1,21720,Pacific cod,0.783570001232127,0.0947021442432799,8981.27935412263,12441725.6520014,25703.6202234189,101904368.591722,63.482601794883,2.99537877403786,2021-07-24T01:04:20Z,2023-09-12T19:26:17Z
2005,United States,GOA,4,Eastern Gulf of Alaska,4,East Yakutat/Southeast,Ommaney Trench,47,1,21720,Pacific cod,0.529466027158156,0.0847224521493955,835.49739085557,210966.022537975,2097.70234271879,1329872.62233055,59.6666666666667,2.45487343238323,2021-07-24T01:04:20Z,2023-09-12T19:26:17Z
2005,United States,GOA,3,Central Gulf of Alaska,3,Central Gulf of Alaska,Chirikof slope,30,1,21720,Pacific cod,0.654514523558583,0.051132524397439,5969.17245485427,4252917.03724235,17379.6041455827,36052751.8275342,62.5845526690157,2.86147307145086,2021-07-24T01:04:20Z,2023-09-12T19:26:17Z
2005,United States,GOA,4,Eastern Gulf of Alaska,4,East Yakutat/Southeast,Dixon Entrance,55,1,21720,Pacific cod,1.42680086497814,0.320744191973935,3619.79379444953,2064427.97415108,9728.58153532922,14911836.017125,61.388946136356,2.68967356820352,2021-07-24T01:04:20Z,2023-09-12T19:26:17Z
2005,United States,GOA,3,Central Gulf of Alaska,3,Central Gulf of Alaska,Kodiak slope,35,1,21720,Pacific cod,0.525118333789605,0.113415671401675,5611.93963320951,12953427.1462423,12904.9348191202,68496808.39453,58.5956435256767,2.31620933549459,2021-07-24T01:04:20Z,2023-09-12T19:26:17Z
2005,United States,GOA,4,Eastern Gulf of Alaska,6,West Yakutat,W Yakutat slope,38,1,21720,Pacific cod,0.378801403509584,0.0757753103973764,4050.14460632448,8662547.40387545,12286.8860622521,79723843.3613898,63.2017802688261,2.95305267993153,2021-07-24T01:04:20Z,2023-09-12T19:26:17Z
2005,United States,GOA,4,Eastern Gulf of Alaska,4,East Yakutat/Southeast,East Yakutat slope,39,1,21720,Pacific cod,0.0083073727933541,6.90124427277599e-5,32,1024,193.402928282977,37404.6926684304,79,6.04384150884304,2021-07-24T01:04:20Z,2023-09-12T19:26:17Z
2005,United States,GOA,4,Eastern Gulf of Alaska,4,East Yakutat/Southeast,Southeast slope,45,1,21720,Pacific cod,0.14727633833735,0.00592603976658143,763.775090617495,159378.445402142,2213.10793785503,1338146.9153594,62.0508358778884,2.78387682860344,2021-07-24T01:04:20Z,2023-09-12T19:26:17Z
2006,United States,GOA,3,Central Gulf of Alaska,3,Central Gulf of Alaska,Kodiak slope,35,1,21720,Pacific cod,0.49512549575704,0.131053751198635,5291.40617315549,14967906.9692322,16240.0910788622,140992430.442025,65.3839708474862,3.29300926196191,2021-07-24T00:59:40Z,2023-09-12T19:26:17Z
2006,United States,GOA,4,Eastern Gulf of Alaska,4,East Yakutat/Southeast,East Yakutat slope,39,1,21720,Pacific cod,0.0046521287642783,2.16423020394255e-5,17.92,321.1264,56.223956346943,3161.13326730295,64.3333333333333,3.12615018451471,2021-07-24T00:59:40Z,2023-09-12T19:26:17Z
2006,United States,GOA,4,Eastern Gulf of Alaska,4,East Yakutat/Southeast,Dixon Entrance,55,1,21720,Pacific cod,0.888040570828174,0.199603030373122,2252.95892819108,1284718.75699962,5820.60799747865,8575080.76574778,58.0877610407395,2.252380658447,2021-07-24T00:59:40Z,2023-09-12T19:26:17Z
2006,United States,GOA,4,Eastern Gulf of Alaska,4,East Yakutat/Southeast,Spencer Gully,46,1,21720,Pacific cod,0,0,0,0,NA,NA,NA,NA,2021-07-24T00:59:40Z,2023-09-12T19:26:17Z
2006,United States,GOA,6,Western Gulf of Alaska,7,Western Gulf of Alaska,Shumagin Slope,25,1,21720,Pacific cod,1.18926578186233,0.127171531783804,13631.364391706,16707470.7953209,43617.2866794031,171060346.420618,64.5721984494107,3.16356230951347,2021-07-24T00:59:40Z,2023-09-12T19:26:17Z
2006,United States,GOA,4,Eastern Gulf of Alaska,4,East Yakutat/Southeast,Southeast slope,45,1,21720,Pacific cod,0.195310599281032,0.0194977618512955,1012.88076787143,524384.427894803,2490.4333746974,3170173.21228082,59.1247354192971,2.38401656703823,2021-07-24T00:59:40Z,2023-09-12T19:26:17Z
2006,United States,GOA,3,Central Gulf of Alaska,3,Central Gulf of Alaska,Chirikof slope,30,1,21720,Pacific cod,0.584719110759986,0.0591762306246186,5332.63829013107,4921947.47646428,16704.5760321267,48297387.1707675,64.7931274801049,3.19843855516814,2021-07-24T00:59:40Z,2023-09-12T19:26:17Z
2006,United States,GOA,4,Eastern Gulf of Alaska,6,West Yakutat,W Yakutat slope,38,1,21720,Pacific cod,0.33909913634367,0.0466980742503527,3625.64796578652,5338470.79928798,11281.1338138423,51683403.5057952,63.8957700132409,3.05840905921065,2021-07-24T00:59:40Z,2023-09-12T19:26:17Z
2006,United States,GOA,4,Eastern Gulf of Alaska,4,East Yakutat/Southeast,Ommaney Trench,47,1,21720,Pacific cod,1.72393317158771,0.527223842997797,3151.34983766234,1761762.75817995,7467.45145807247,9892339.34834823,58.0920694628458,2.25291696860649,2021-07-24T00:59:40Z,2023-09-12T19:26:17Z
2007,United States,GOA,4,Eastern Gulf of Alaska,4,East Yakutat/Southeast,Dixon Entrance,55,1,21720,Pacific cod,1.45971280291981,0.278057915374511,3703.29138100756,1789683.34672113,10528.917876229,14466647.6766513,62.7381090446469,2.88407119757582,2021-07-24T00:55:00Z,2023-09-12T19:26:17Z
2007,United States,GOA,4,Eastern Gulf of Alaska,6,West Yakutat,W Yakutat slope,38,1,21720,Pacific cod,0.436179709541845,0.0488313440177097,4663.63345442141,5582343.77569777,17223.2993164664,76137823.5512914,66.6381604463112,3.50010387527457,2021-07-24T00:55:00Z,2023-09-12T19:26:17Z
2007,United States,GOA,4,Eastern Gulf of Alaska,4,East Yakutat/Southeast,East Yakutat slope,39,1,21720,Pacific cod,0,0,0,0,NA,NA,NA,NA,2021-07-24T00:55:00Z,2023-09-12T19:26:17Z
2007,United States,GOA,3,Central Gulf of Alaska,3,Central Gulf of Alaska,Chirikof slope,30,1,21720,Pacific cod,0.569162232472317,0.0184617760206361,5190.75956014753,1535547.1434508,16264.7014799108,15076256.6784115,64.3590921943244,3.13016992123305,2021-07-24T00:55:00Z,2023-09-12T19:26:17Z
2007,United States,GOA,4,Eastern Gulf of Alaska,4,East Yakutat/Southeast,Ommaney Trench,47,1,21720,Pacific cod,0.746870247760991,0.144829729222607,1178.56125096684,360638.191461547,2988.56995292061,2318965.30828042,60.437927756654,2.55819595760466,2021-07-24T00:55:00Z,2023-09-12T19:26:17Z
2007,United States,GOA,6,Western Gulf of Alaska,7,Western Gulf of Alaska,Shumagin Slope,25,1,21720,Pacific cod,1.18695190076705,0.0493730475348874,13604.8426865919,6486504.78762401,41386.9515021778,60027543.4083687,64.1548645491095,3.0983972289447,2021-07-24T00:55:00Z,2023-09-12T19:26:17Z
2007,United States,GOA,4,Eastern Gulf of Alaska,4,East Yakutat/Southeast,Southeast slope,45,1,21720,Pacific cod,0.0893914974403305,0.00729123723551579,463.584305725554,196094.879789354,1061.60042643066,1028326.3702179,58.0277314434383,2.24491734640166,2021-07-24T00:55:00Z,2023-09-12T19:26:17Z
2007,United States,GOA,4,Eastern Gulf of Alaska,4,East Yakutat/Southeast,Spencer Gully,46,1,21720,Pacific cod,0,0,0,0,NA,NA,NA,NA,2021-07-24T00:55:00Z,2023-09-12T19:26:17Z
2007,United States,GOA,3,Central Gulf of Alaska,3,Central Gulf of Alaska,Kodiak slope,35,1,21720,Pacific cod,0.579141833452827,0.0693694327942953,6189.28877411037,7922819.50784964,19968.5579153929,82469179.6581128,65.2914871936887,3.27808088026269,2021-07-24T00:55:00Z,2023-09-12T19:26:17Z
2008,United States,GOA,3,Central Gulf of Alaska,3,Central Gulf of Alaska,Kodiak slope,35,1,21720,Pacific cod,0.344127154270398,0.0503341711895607,3677.68689768774,5748764.7995428,12060.2790706943,61821530.1699591,64.1457587748559,3.09698579258891,2021-07-24T00:50:39Z,2023-09-12T19:26:17Z
2008,United States,GOA,3,Central Gulf of Alaska,3,Central Gulf of Alaska,Chirikof slope,30,1,21720,Pacific cod,0.43149181847306,0.00983055630256591,3935.2053844743,817650.622132138,11781.5124066985,7328836.84992518,63.2006876736188,2.95288881051394,2021-07-24T00:50:39Z,2023-09-12T19:26:17Z
2008,United States,GOA,6,Western Gulf of Alaska,7,Western Gulf of Alaska,Shumagin Slope,25,1,21720,Pacific cod,0.792258291792337,0.0231140730334347,9080.86454052377,3036667.83556198,26688.2310548179,26229044.65783,61.7097672617559,2.73505554235891,2021-07-24T00:50:39Z,2023-09-12T19:26:17Z
2008,United States,GOA,4,Eastern Gulf of Alaska,4,East Yakutat/Southeast,Spencer Gully,46,1,21720,Pacific cod,0,0,0,0,NA,NA,NA,NA,2021-07-24T00:50:39Z,2023-09-12T19:26:17Z
2008,United States,GOA,4,Eastern Gulf of Alaska,4,East Yakutat/Southeast,East Yakutat slope,39,1,21720,Pacific cod,0,0,0,0,NA,NA,NA,NA,2021-07-24T00:50:39Z,2023-09-12T19:26:17Z
2008,United States,GOA,4,Eastern Gulf of Alaska,6,West Yakutat,W Yakutat slope,38,1,21720,Pacific cod,0.671029562157344,0.235377790276709,7174.64807858632,26908121.5952636,31896.4816157834,531823758.700939,70.1582814857208,4.12898694303657,2021-07-24T00:50:39Z,2023-09-12T19:26:17Z
2008,United States,GOA,4,Eastern Gulf of Alaska,4,East Yakutat/Southeast,Dixon Entrance,55,1,21720,Pacific cod,0.945674152414397,0.166627919139552,2399.17532467532,1072478.77328432,4662.04349535715,4049648.92958956,52.6873718550839,1.64667572623619,2021-07-24T00:50:39Z,2023-09-12T19:26:17Z
2008,United States,GOA,4,Eastern Gulf of Alaska,4,East Yakutat/Southeast,Southeast slope,45,1,21720,Pacific cod,0.0520085732662991,8.4863838837171e-4,412.323968855219,53339.6247737905,1298.88311735073,529313.458977349,63.788704979959,3.04198910927461,2021-07-24T00:50:39Z,2023-09-12T19:26:17Z
2008,United States,GOA,4,Eastern Gulf of Alaska,4,East Yakutat/Southeast,Ommaney Trench,47,1,21720,Pacific cod,0.127126572386119,0.00473119245868339,200.605731225296,11781.0666422882,506.074049120247,74976.6574706763,60,2.49916895719378,2021-07-24T00:50:39Z,2023-09-12T19:26:17Z
2009,United States,GOA,4,Eastern Gulf of Alaska,6,West Yakutat,W Yakutat slope,38,1,21720,Pacific cod,1.05967808549907,0.251336497852485,11330.0780901561,28732502.9162346,34351.8114774226,264123437.29075,62.8332474168069,2.8981337083338,2021-07-24T00:45:38Z,2023-09-12T19:26:17Z
2009,United States,GOA,4,Eastern Gulf of Alaska,4,East Yakutat/Southeast,East Yakutat slope,39,1,21720,Pacific cod,0.012922579900773,1.66993071291864e-4,49.7777777777778,2477.82716049383,150.613048246994,22684.2903022514,63.6666666666667,3.02334692839301,2021-07-24T00:45:38Z,2023-09-12T19:26:17Z
2009,United States,GOA,3,Central Gulf of Alaska,3,Central Gulf of Alaska,Kodiak slope,35,1,21720,Pacific cod,0.620261936584279,0.189581295954824,6628.73931627619,21652453.0965722,15806.8899143644,123122686.635418,57.3382105122765,2.16040799924476,2021-07-24T00:45:38Z,2023-09-12T19:26:17Z
2009,United States,GOA,3,Central Gulf of Alaska,3,Central Gulf of Alaska,Chirikof slope,30,1,21720,Pacific cod,1.33924712477586,0.0646242622448558,12213.933777955801,5375084.23765853,28135.1642568405,28521546.0140027,57.7119860296842,2.20594168612865,2021-07-24T00:45:38Z,2023-09-12T19:26:17Z
2009,United States,GOA,4,Eastern Gulf of Alaska,4,East Yakutat/Southeast,Dixon Entrance,55,1,21720,Pacific cod,1.83320193147675,0.432963067508055,4650.8333001565,2786710.06585375,11779.0042961694,17875055.5422901,61.7843086627046,2.74567480599878,2021-07-24T00:45:38Z,2023-09-12T19:26:17Z
2009,United States,GOA,4,Eastern Gulf of Alaska,4,East Yakutat/Southeast,Spencer Gully,46,1,21720,Pacific cod,0,0,0,0,NA,NA,NA,NA,2021-07-24T00:45:38Z,2023-09-12T19:26:17Z
2009,United States,GOA,4,Eastern Gulf of Alaska,4,East Yakutat/Southeast,Ommaney Trench,47,1,21720,Pacific cod,1.01655397526658,0.229733851020319,1604.12217297067,572056.586684081,3350.61091536623,2495813.35689258,60.7277507129278,2.597783787216,2021-07-24T00:45:38Z,2023-09-12T19:26:17Z
2009,United States,GOA,4,Eastern Gulf of Alaska,4,East Yakutat/Southeast,Southeast slope,45,1,21720,Pacific cod,0.205728706289878,0.0299820848560096,1066.90907081931,806356.059440096,2611.97354969173,4832919.79988566,59.1363945211587,2.38552596867979,2021-07-24T00:45:38Z,2023-09-12T19:26:17Z
2009,United States,GOA,6,Western Gulf of Alaska,7,Western Gulf of Alaska,Shumagin Slope,25,1,21720,Pacific cod,2.6915163975652,0.221346424504498,30850.1609488924,29079927.48994,69910.5576627355,149335817.543939,57.5313893826081,2.18385958989872,2021-07-24T00:45:38Z,2023-09-12T19:26:17Z
2010,United States,GOA,6,Western Gulf of Alaska,7,Western Gulf of Alaska,Shumagin Slope,25,1,21720,Pacific cod,2.59359736959562,0.25299162104817,29727.813050305,33237392.5267252,75766.4768964246,215901276.558759,59.9117959682503,2.48739473564249,2021-07-24T00:40:43Z,2023-09-12T19:26:17Z
2010,United States,GOA,3,Central Gulf of Alaska,3,Central Gulf of Alaska,Chirikof slope,30,1,21720,Pacific cod,1.89706569886015,0.121190699674663,17301.2391736046,10079963.7310203,46247.1648970025,72023592.1931187,59.673499431626,2.45577594607296,2021-07-24T00:40:43Z,2023-09-12T19:26:17Z
2010,United States,GOA,4,Eastern Gulf of Alaska,4,East Yakutat/Southeast,Spencer Gully,46,1,21720,Pacific cod,0.0693916349809886,0.00104725138712521,109.5,2607.74392305829,503.139187487067,55057.0568474212,72.5,4.58791227397241,2021-07-24T00:40:43Z,2023-09-12T19:26:17Z
2010,United States,GOA,4,Eastern Gulf of Alaska,4,East Yakutat/Southeast,Dixon Entrance,55,1,21720,Pacific cod,1.82348901441177,0.367504040351446,4626.19162956267,2365391.6126928,12263.145824617,16621093.8152089,61.6768697821941,2.73037793194907,2021-07-24T00:40:43Z,2023-09-12T19:26:17Z
2010,United States,GOA,4,Eastern Gulf of Alaska,4,East Yakutat/Southeast,Ommaney Trench,47,1,21720,Pacific cod,0.343018658711083,0.0240831217577579,541.283443446089,59968.9961590449,1316.59637919677,354799.178287942,62.9467680608365,2.91497500719724,2021-07-24T00:40:43Z,2023-09-12T19:26:17Z
2010,United States,GOA,4,Eastern Gulf of Alaska,4,East Yakutat/Southeast,Southeast slope,45,1,21720,Pacific cod,0.517421921923077,0.052282561429577,2683.35008709308,1406118.36749366,7803.78050765572,11892613.3200848,62.3477444440112,2.82686260383187,2021-07-24T00:40:43Z,2023-09-12T19:26:17Z
2010,United States,GOA,3,Central Gulf of Alaska,3,Central Gulf of Alaska,Kodiak slope,35,1,21720,Pacific cod,0.507348926114998,0.104080103629457,5422.03797339099,11887193.5692443,16245.7370735722,106716866.683484,61.4602761939925,2.69971844272229,2021-07-24T00:40:43Z,2023-09-12T19:26:17Z
2010,United States,GOA,4,Eastern Gulf of Alaska,4,East Yakutat/Southeast,East Yakutat slope,39,1,21720,Pacific cod,0.265351332641052,0.0148845025243337,1022.13333333333,220854.819543821,3973.64715173393,3337877.38227588,69,3.91413396105295,2021-07-24T00:40:43Z,2023-09-12T19:26:17Z
2010,United States,GOA,4,Eastern Gulf of Alaska,6,West Yakutat,W Yakutat slope,38,1,21720,Pacific cod,2.36543446061397,0.741221057862258,25291.2252528846,84735549.3076916,73552.0384306551,716663583.210667,62.2339676631105,2.81033664595278,2021-07-24T00:40:43Z,2023-09-12T19:26:17Z
2011,United States,GOA,4,Eastern Gulf of Alaska,4,East Yakutat/Southeast,Spencer Gully,46,1,21720,Pacific cod,0,0,0,0,NA,NA,NA,NA,2021-07-24T00:35:29Z,2023-09-12T19:26:17Z
2011,United States,GOA,4,Eastern Gulf of Alaska,4,East Yakutat/Southeast,Ommaney Trench,47,1,21720,Pacific cod,0.68914264537213,0.106799493920706,1087.46709439722,265939.711020047,2377.98909216969,1271658.97222896,59.4393306313458,2.42497550002721,2021-07-24T00:35:29Z,2023-09-12T19:26:17Z
2011,United States,GOA,4,Eastern Gulf of Alaska,4,East Yakutat/Southeast,Dixon Entrance,55,1,21720,Pacific cod,2.7474044685541,0.95604292514387,6970.16513672175,6153445.04606533,17617.3886313895,39311105.8491971,61.4604604348699,2.69974442136338,2021-07-24T00:35:29Z,2023-09-12T19:26:17Z
2011,United States,GOA,4,Eastern Gulf of Alaska,4,East Yakutat/Southeast,East Yakutat slope,39,1,21720,Pacific cod,0.179910044977511,0.0323676242838101,240,57600,1665.92318036586,2775300.0428803,82,6.81196754548667,2021-07-24T00:35:29Z,2023-09-12T19:26:17Z
2011,United States,GOA,4,Eastern Gulf of Alaska,6,West Yakutat,W Yakutat slope,38,1,21720,Pacific cod,1.71179850975078,0.495642739366541,18302.5496662553,56661314.9142311,49410.4302960053,412953101.945624,60.2350721769329,2.53073569458408,2021-07-24T00:35:29Z,2023-09-12T19:26:17Z
2011,United States,GOA,6,Western Gulf of Alaska,7,Western Gulf of Alaska,Shumagin Slope,25,1,21720,Pacific cod,2.29149193827336,0.0503627181074326,26265.0805964893,6616525.17784702,57147.2082644383,31322940.9919798,54.4687154274927,1.83215579839892,2021-07-24T00:35:29Z,2023-09-12T19:26:17Z
2011,United States,GOA,3,Central Gulf of Alaska,3,Central Gulf of Alaska,Kodiak slope,35,1,21720,Pacific cod,2.2888689266696,0.87778565174088,24461.142219318,100253627.645274,68055.3741232161,776017441.877283,59.3507302981351,2.41339150556792,2021-07-24T00:35:29Z,2023-09-12T19:26:17Z
2011,United States,GOA,3,Central Gulf of Alaska,3,Central Gulf of Alaska,Chirikof slope,30,1,21720,Pacific cod,1.62804540487122,0.0679651063863481,14847.7740924256,5652956.94462067,32983.9390165419,27897032.7977774,58.4324138543306,2.29556127709537,2021-07-24T00:35:29Z,2023-09-12T19:26:17Z
2011,United States,GOA,4,Eastern Gulf of Alaska,4,East Yakutat/Southeast,Southeast slope,45,1,21720,Pacific cod,0.302571269827958,0.00653528505318823,1569.13460532779,175763.851250336,3843.08875519272,1054314.03626497,59.2906103574583,2.40555289479802,2021-07-24T00:35:29Z,2023-09-12T19:26:17Z
2012,United States,GOA,4,Eastern Gulf of Alaska,6,West Yakutat,W Yakutat slope,38,1,21720,Pacific cod,0.699231143682035,0.135109336758859,7476.17938824832,15445545.8940662,22546.2262989183,140472579.868533,63.2752696559119,2.96408913129193,2021-10-05T19:29:20Z,2023-09-12T19:26:17Z
2012,United States,GOA,6,Western Gulf of Alaska,7,Western Gulf of Alaska,Shumagin Slope,25,1,21720,Pacific cod,2.37553878163523,0.134786794752084,27228.4255151031,17707944.5794815,66743.5018527664,106399864.412876,60.8799646381601,2.61874312856957,2021-10-05T19:29:20Z,2023-09-12T19:26:17Z
2012,United States,GOA,4,Eastern Gulf of Alaska,4,East Yakutat/Southeast,Dixon Entrance,55,1,21720,Pacific cod,1.72148769297377,0.471580869388481,4367.41427707445,3035268.48872507,13091.3202174794,27271889.3507956,63.991444593867,3.07313365818489,2021-10-05T19:29:20Z,2023-09-12T19:26:17Z
2012,United States,GOA,4,Eastern Gulf of Alaska,4,East Yakutat/Southeast,Southeast slope,45,1,21720,Pacific cod,0.562692976278069,0.0251813892754537,2918.12577497806,677243.29128206,9110.58119999538,6601290.8021883,64.4770564216739,3.14862401517989,2021-10-05T19:29:20Z,2023-09-12T19:26:17Z
2012,United States,GOA,4,Eastern Gulf of Alaska,4,East Yakutat/Southeast,Spencer Gully,46,1,21720,Pacific cod,0,0,0,0,NA,NA,NA,NA,2021-10-05T19:29:20Z,2023-09-12T19:26:17Z
2012,United States,GOA,4,Eastern Gulf of Alaska,4,East Yakutat/Southeast,Ommaney Trench,47,1,21720,Pacific cod,0.669300335600811,0.117326768762307,1056.15592957808,292153.509666721,2780.68652168672,2025158.8221393,61.2897562066652,2.67574820830036,2021-10-05T19:29:20Z,2023-09-12T19:26:17Z
2012,United States,GOA,3,Central Gulf of Alaska,3,Central Gulf of Alaska,Chirikof slope,30,1,21720,Pacific cod,1.35493609134876,0.237262829585846,12357.0171531007,19734193.4931049,36924.0575833922,176202035.954228,61.1926129807111,2.66215837600175,2021-10-05T19:29:20Z,2023-09-12T19:26:17Z
2012,United States,GOA,4,Eastern Gulf of Alaska,4,East Yakutat/Southeast,East Yakutat slope,39,1,21720,Pacific cod,0.0176112107576282,1.30216999106134e-4,67.8383838383838,1932.14733190491,281.766315944711,33332.4626536872,68,3.73494072522266,2021-10-05T19:29:20Z,2023-09-12T19:26:17Z
2012,United States,GOA,3,Central Gulf of Alaska,3,Central Gulf of Alaska,Kodiak slope,35,1,21720,Pacific cod,0.776342907538482,0.28332667316732,8296.77665286376,32359297.2126591,23926.6566389647,269118973.227599,62.0080399066959,2.77771826707348,2021-10-05T19:29:20Z,2023-09-12T19:26:17Z
2013,United States,GOA,3,Central Gulf of Alaska,3,Central Gulf of Alaska,Kodiak slope,35,1,21720,Pacific cod,0.312273356743226,0.0635953124044415,3337.26536351486,7263345.84888139,16468.0804210516,176864715.613133,64.0236128445544,3.07809538941266,2021-10-06T17:09:32Z,2023-09-12T19:26:16Z
2013,United States,GOA,4,Eastern Gulf of Alaska,4,East Yakutat/Southeast,Ommaney Trench,47,1,21720,Pacific cod,0.477059997889849,0.0540059577785146,752.800676670182,134479.371368955,2060.62594174719,1007613.53970333,61.6062862992521,2.72036043385906,2021-10-06T17:09:32Z,2023-09-12T19:26:17Z
2013,United States,GOA,4,Eastern Gulf of Alaska,4,East Yakutat/Southeast,Spencer Gully,46,1,21720,Pacific cod,0,0,0,0,NA,NA,NA,NA,2021-10-06T17:09:32Z,2023-09-12T19:26:17Z
2013,United States,GOA,4,Eastern Gulf of Alaska,4,East Yakutat/Southeast,Dixon Entrance,55,1,21720,Pacific cod,1.32964524888311,0.267718631368559,3373.30999641645,1723135.89966302,9267.87632187322,13006710.7753852,61.2264644120247,2.6668886076869,2021-10-06T17:09:32Z,2023-09-12T19:26:17Z
2013,United States,GOA,4,Eastern Gulf of Alaska,4,East Yakutat/Southeast,Southeast slope,45,1,21720,Pacific cod,0.140214113459737,0.00302926674040548,727.150392402195,81470.9051594421,2087.4561997268,671411.536225681,61.6590215077592,2.72784243654079,2021-10-06T17:09:32Z,2023-09-12T19:26:17Z
2013,United States,GOA,4,Eastern Gulf of Alaska,6,West Yakutat,W Yakutat slope,38,1,21720,Pacific cod,0.562871802041302,0.224657110878281,6018.22530742561,25682545.7051271,20520.6682330331,298596135.316043,66.6182785604426,3.49675285267737,2021-10-06T17:09:32Z,2023-09-12T19:26:17Z
2013,United States,GOA,3,Central Gulf of Alaska,3,Central Gulf of Alaska,Chirikof slope,30,1,21720,Pacific cod,0.912868278876947,0.0777641287308176,8325.35870335775,6467984.74870852,23849.5032896601,53078880.5973862,61.7512425324478,2.74096066619674,2021-10-06T17:09:32Z,2023-09-12T19:26:17Z
2013,United States,GOA,4,Eastern Gulf of Alaska,4,East Yakutat/Southeast,East Yakutat slope,39,1,21720,Pacific cod,0.00430752663359102,1.85547856990959e-5,16.5925925925926,275.314128943759,126.846680182983,16090.080273444,85,7.64477760031371,2021-10-06T17:09:32Z,2023-09-12T19:26:17Z
2013,United States,GOA,6,Western Gulf of Alaska,7,Western Gulf of Alaska,Shumagin Slope,25,1,21720,Pacific cod,2.64062351667163,0.21278303151775,26002.2197686655,20632168.1133154,71740.7619090982,157056526.425991,60.914535507817,2.62351959063893,2021-10-06T17:09:32Z,2023-09-12T19:26:17Z
2014,United States,GOA,4,Eastern Gulf of Alaska,4,East Yakutat/Southeast,Spencer Gully,46,1,21720,Pacific cod,0,0,0,0,NA,NA,NA,NA,2021-10-06T22:45:19Z,2023-09-12T19:26:16Z
2014,United States,GOA,6,Western Gulf of Alaska,7,Western Gulf of Alaska,Shumagin Slope,25,1,21720,Pacific cod,2.35395998425686,0.240047702617251,23179.4439649773,23275843.5683869,65250.946490311,184447610.568991,61.7524962190058,2.74113929884932,2021-10-06T22:45:19Z,2023-09-12T19:26:16Z
2014,United States,GOA,4,Eastern Gulf of Alaska,4,East Yakutat/Southeast,Southeast slope,45,1,21720,Pacific cod,0.463251023381975,0.0151504843869657,3672.6541133723,952256.182863085,9935.17451549903,6968587.27503277,61.8084734933768,2.74912344217567,2021-10-06T22:45:19Z,2023-09-12T19:26:16Z
2014,United States,GOA,4,Eastern Gulf of Alaska,6,West Yakutat,W Yakutat slope,38,1,21720,Pacific cod,0.981043589100195,0.182084208164173,10489.3180546593,20815659.8296677,25798.8381054023,125920363.31258,57.8093003245253,2.21790409601427,2021-10-06T22:45:19Z,2023-09-12T19:26:16Z
2014,United States,GOA,4,Eastern Gulf of Alaska,4,East Yakutat/Southeast,Ommaney Trench,47,1,21720,Pacific cod,0.383735348967949,0.0405633239570761,605.534380671423,101006.083972332,1176.34808286091,381190.105531294,55.6055552449116,1.95776007380397,2021-10-06T22:45:19Z,2023-09-12T19:26:16Z
2014,United States,GOA,3,Central Gulf of Alaska,3,Central Gulf of Alaska,Chirikof slope,30,1,21720,Pacific cod,1.48764119989703,0.200483242432833,13567.2877430609,16675073.3994054,33899.8830593174,104106556.726509,58.8835461245345,2.35293919574066,2021-10-06T22:45:19Z,2023-09-12T19:26:16Z
2014,United States,GOA,4,Eastern Gulf of Alaska,4,East Yakutat/Southeast,Dixon Entrance,55,1,21720,Pacific cod,3.17663192512031,1.74302987197374,8059.11519403023,11218783.4340457,20126.7274116918,69970885.017695,60.3562054743157,2.54710878695288,2021-10-06T22:45:19Z,2023-09-12T19:26:16Z
2014,United States,GOA,3,Central Gulf of Alaska,3,Central Gulf of Alaska,Kodiak slope,35,1,21720,Pacific cod,0.823680841731124,0.228860250153596,8802.67715558052,26138579.7958748,22627.3027099739,172710210.201912,60.666650759797,2.58940311592938,2021-10-06T22:45:19Z,2023-09-12T19:26:17Z
2014,United States,GOA,4,Eastern Gulf of Alaska,4,East Yakutat/Southeast,East Yakutat slope,39,1,21720,Pacific cod,0.334684854778313,0.036359499144391,1289.20606060606,539498.757792556,3512.88342642141,4005652.29604048,62.7497480812504,2.88578904918379,2021-10-06T22:45:19Z,2023-09-12T19:26:16Z
2015,United States,GOA,3,Central Gulf of Alaska,3,Central Gulf of Alaska,Chirikof slope,30,1,21720,Pacific cod,1.6060372976695,0.153195977377006,14647.0601547458,12741983.5007461,30188.060409345,54126074.2273759,55.73362308631,1.97227087185427,2021-07-24T00:15:41Z,2023-09-12T19:26:16Z
2015,United States,GOA,4,Eastern Gulf of Alaska,6,West Yakutat,W Yakutat slope,38,1,21720,Pacific cod,2.04516603124747,1.25017839070465,21866.915206098,142918973.422704,47237.0551442916,666930342.185573,56.8021648073794,2.09624187906038,2021-07-24T00:15:41Z,2023-09-12T19:26:16Z
2015,United States,GOA,3,Central Gulf of Alaska,3,Central Gulf of Alaska,Kodiak slope,35,1,21720,Pacific cod,1.92271514464951,0.203696538425679,20548.0567508694,23264582.732081,43501.5638711448,104270989.4204,55.140653327532704,1.90570172484561,2021-07-24T00:15:41Z,2023-09-12T19:26:16Z
2015,United States,GOA,4,Eastern Gulf of Alaska,4,East Yakutat/Southeast,Dixon Entrance,55,1,21720,Pacific cod,1.5081398021218,0.282214700088431,3826.15067798301,1816437.94699347,9321.32125855267,10780809.7083779,59.3231921551504,2.40979882410222,2021-07-24T00:15:41Z,2023-09-12T19:26:16Z
2015,United States,GOA,4,Eastern Gulf of Alaska,4,East Yakutat/Southeast,Ommaney Trench,47,1,21720,Pacific cod,1.20284444480426,0.265733013779253,1898.08853390112,661697.525883497,4408.49311275028,3569496.10786108,58.760708697946,2.33721924920033,2021-07-24T00:15:41Z,2023-09-12T19:26:16Z
2015,United States,GOA,4,Eastern Gulf of Alaska,4,East Yakutat/Southeast,Southeast slope,45,1,21720,Pacific cod,0.151433731929076,7.47582636786265e-4,1200.56662673371,46987.9490251323,2761.8530787222,248665.250398278,60.2729481922947,2.53584743043427,2021-07-24T00:15:41Z,2023-09-12T19:26:16Z
2015,United States,GOA,4,Eastern Gulf of Alaska,4,East Yakutat/Southeast,Spencer Gully,46,1,21720,Pacific cod,0.0960807253582919,0.00238793746741102,151.615384615385,5946.1648806007,366.137917531406,34676.8642068933,59.3333333333333,2.41112143396468,2021-07-24T00:15:41Z,2023-09-12T19:26:16Z
2015,United States,GOA,4,Eastern Gulf of Alaska,4,East Yakutat/Southeast,East Yakutat slope,39,1,21720,Pacific cod,0.76286491664453,0.124607741899584,2938.55565891473,1848917.7119628,1613.72864582919,557584.58338801,73.7568097838527,4.84813742184916,2021-07-24T00:15:41Z,2023-09-12T19:26:16Z
2015,United States,GOA,6,Western Gulf of Alaska,7,Western Gulf of Alaska,Shumagin Slope,25,1,21720,Pacific cod,1.867497641419,0.118783842935158,21405.2579659446,15605517.6733185,47076.4647458743,75482266.2658641,55.884691833553,1.98948278709921,2021-07-24T00:15:41Z,2023-09-12T19:26:16Z
2016,United States,GOA,4,Eastern Gulf of Alaska,6,West Yakutat,W Yakutat slope,38,1,21720,Pacific cod,0.850568016010815,0.10149972601567,9094.27322718763,11603333.3744226,22086.2489112328,68436958.287639,60.1113441882533,2.51408684257562,2021-07-24T00:11:05Z,2023-09-12T19:26:16Z
2016,United States,GOA,4,Eastern Gulf of Alaska,4,East Yakutat/Southeast,Dixon Entrance,55,1,21720,Pacific cod,1.17557669294263,0.160765732447247,2982.43806999544,1034747.57658576,8077.80651459126,7590640.82801198,63.1073950879547,2.93891969503261,2021-07-24T00:11:05Z,2023-09-12T19:26:16Z
2016,United States,GOA,4,Eastern Gulf of Alaska,4,East Yakutat/Southeast,Spencer Gully,46,1,21720,Pacific cod,0,0,0,0,NA,NA,NA,NA,2021-07-24T00:11:05Z,2023-09-12T19:26:16Z
2016,United States,GOA,4,Eastern Gulf of Alaska,4,East Yakutat/Southeast,Southeast slope,45,1,21720,Pacific cod,0.294338694511768,0.00970813460724294,1526.44046973803,261096.358175417,4699.96731497059,2475316.55381209,63.1536828698845,2.94584487113046,2021-07-24T00:11:05Z,2023-09-12T19:26:16Z
2016,United States,GOA,4,Eastern Gulf of Alaska,4,East Yakutat/Southeast,Ommaney Trench,47,1,21720,Pacific cod,0.56732035921393,0.0797395315438868,895.231526839581,198558.131664928,2164.78381050104,1161036.85069635,58.9333333333333,2.35933132089242,2021-07-24T00:11:05Z,2023-09-12T19:26:16Z
2016,United States,GOA,4,Eastern Gulf of Alaska,4,East Yakutat/Southeast,East Yakutat slope,39,1,21720,Pacific cod,3.6459770258238,0.471622130548061,14044.3035034733,6997883.89734761,60394.824921722,129409385.113542,70.4337313240578,4.18125004036687,2021-07-24T00:11:05Z,2023-09-12T19:26:16Z
2016,United States,GOA,3,Central Gulf of Alaska,3,Central Gulf of Alaska,Kodiak slope,35,1,21720,Pacific cod,1.6000209875874,1.42250982842861,17099.4242943465,162467648.426684,30858.6605374558,529124728.887679,55.6040875135858,1.95759419907952,2021-07-24T00:11:05Z,2023-09-12T19:26:16Z
2016,United States,GOA,6,Western Gulf of Alaska,7,Western Gulf of Alaska,Shumagin Slope,25,1,21720,Pacific cod,2.28003652010893,0.0871305870015449,26133.7785934885,11446993.8144826,73726.8411826866,91104176.6006165,59.4817400113648,2.43053381003538,2021-07-24T00:11:05Z,2023-09-12T19:26:16Z
2016,United States,GOA,3,Central Gulf of Alaska,3,Central Gulf of Alaska,Chirikof slope,30,1,21720,Pacific cod,1.32800666638661,0.171908280193013,12111.4207974459,14298368.0600857,27807.9347618897,75376116.3241236,57.2304833778494,2.14740570766628,2021-07-24T00:11:05Z,2023-09-12T19:26:16Z
2017,United States,GOA,3,Central Gulf of Alaska,3,Central Gulf of Alaska,Chirikof slope,30,1,21720,Pacific cod,0.454887566742525,0.00799124195317001,4148.57460869183,664666.754709743,10733.1724723447,4448999.56415096,59.5002869675265,2.43296738825068,2021-07-24T00:06:03Z,2023-09-12T19:26:16Z
2017,United States,GOA,4,Eastern Gulf of Alaska,4,East Yakutat/Southeast,East Yakutat slope,39,1,21720,Pacific cod,0.00430752663359102,1.85547856990959e-5,16.5925925925926,275.314128943759,92.3590764813307,8530.1990084843,77,5.56628362722306,2021-07-24T00:06:03Z,2023-09-12T19:26:16Z
2017,United States,GOA,4,Eastern Gulf of Alaska,6,West Yakutat,W Yakutat slope,38,1,21720,Pacific cod,0.195734186338538,0.0131139907242476,2092.78992033165,1499176.52210252,5672.49111078205,11014103.42882,61.2219470560858,2.66625704039378,2021-07-24T00:06:03Z,2023-09-12T19:26:16Z
2017,United States,GOA,3,Central Gulf of Alaska,3,Central Gulf of Alaska,Kodiak slope,35,1,21720,Pacific cod,0.641630648605367,0.0449196275450797,6857.10674164556,5130359.10867019,22515.2279196217,55311908.1092537,61.9016123291395,2.76244346747627,2021-07-24T00:06:03Z,2023-09-12T19:26:16Z
2017,United States,GOA,6,Western Gulf of Alaska,7,Western Gulf of Alaska,Shumagin Slope,25,1,21720,Pacific cod,1.85817180209219,0.0526378800198646,21298.3651955807,6915430.13458848,63246.9538849622,60982592.986895,60.594036863421,2.57946738285975,2021-07-24T00:06:03Z,2023-09-12T19:26:16Z
2017,United States,GOA,4,Eastern Gulf of Alaska,4,East Yakutat/Southeast,Dixon Entrance,55,1,21720,Pacific cod,1.16160528328066,0.206905278070025,2946.99260368304,1331718.71770629,8845.36487840789,11997366.2617174,66.6948637094085,3.50967315643974,2021-07-24T00:06:03Z,2023-09-12T19:26:16Z
2017,United States,GOA,4,Eastern Gulf of Alaska,4,East Yakutat/Southeast,Ommaney Trench,47,1,21720,Pacific cod,0.957220948083898,0.110960986026076,1749.79989309737,370785.455528959,3994.52254875446,1932304.97893945,59.908138828106,2.48690737583093,2021-07-24T00:06:03Z,2023-09-12T19:26:16Z
2017,United States,GOA,4,Eastern Gulf of Alaska,4,East Yakutat/Southeast,Spencer Gully,46,1,21720,Pacific cod,0,0,0,0,NA,NA,NA,NA,2021-07-24T00:06:03Z,2023-09-12T19:26:16Z
2017,United States,GOA,4,Eastern Gulf of Alaska,4,East Yakutat/Southeast,Southeast slope,45,1,21720,Pacific cod,0.089669899913459,0.00151106873119075,465.028100951198,40639.5830536077,1689.78370451572,536602.984767772,67.2049891247611,3.59657372883154,2021-07-24T00:06:03Z,2023-09-12T19:26:16Z
2018,United States,GOA,4,Eastern Gulf of Alaska,4,East Yakutat/Southeast,East Yakutat slope,39,1,21720,Pacific cod,0.28449474406875,0.0230733473380882,1095.87375415282,342360.112761208,4854.32486628379,6717687.29289869,71.6666666666667,4.42077419690042,2021-07-24T00:00:30Z,2023-09-12T19:26:16Z
2018,United States,GOA,4,Eastern Gulf of Alaska,4,East Yakutat/Southeast,Southeast slope,45,1,21720,Pacific cod,0.0259655180487878,3.57246161224291e-4,134.657176601013,9607.99117867816,478.703486786898,121424.624414738,66.7647203626351,3.52148695766495,2021-07-24T00:00:30Z,2023-09-12T19:26:16Z
2018,United States,GOA,4,Eastern Gulf of Alaska,4,East Yakutat/Southeast,Spencer Gully,46,1,21720,Pacific cod,0,0,0,0,NA,NA,NA,NA,2021-07-24T00:00:30Z,2023-09-12T19:26:16Z
2018,United States,GOA,3,Central Gulf of Alaska,3,Central Gulf of Alaska,Chirikof slope,30,1,21720,Pacific cod,0.506775002812853,0.0358274155890065,4621.78802565322,2979923.79516627,15246.6969132435,32429230.6961649,64.7953113350361,3.19878461728627,2021-07-24T00:00:30Z,2023-09-12T19:26:16Z
2018,United States,GOA,4,Eastern Gulf of Alaska,4,East Yakutat/Southeast,Dixon Entrance,55,1,21720,Pacific cod,1.10315034708112,0.174182181441692,2798.69243054481,1121100.79298368,8318.29450739154,9903823.64088486,63.977232575547,3.0709433070547,2021-07-24T00:00:30Z,2023-09-12T19:26:16Z
2018,United States,GOA,4,Eastern Gulf of Alaska,4,East Yakutat/Southeast,Ommaney Trench,47,1,21720,Pacific cod,0.174413733068322,0.00776245455204182,318.828304048892,25938.8939318301,1088.68335934495,302441.152736303,64.8326996197719,3.20471330913446,2021-07-24T00:00:30Z,2023-09-12T19:26:16Z
2018,United States,GOA,4,Eastern Gulf of Alaska,6,West Yakutat,W Yakutat slope,38,1,21720,Pacific cod,0.168598745935718,0.00409400078980519,1802.6577915447,468021.519505632,6837.04480907021,6732495.85412266,67.8024650775145,3.70022477510823,2021-07-24T00:00:30Z,2023-09-12T19:26:16Z
2018,United States,GOA,3,Central Gulf of Alaska,3,Central Gulf of Alaska,Kodiak slope,35,1,21720,Pacific cod,0.366185405212738,0.0154737190985222,3913.42342550853,1767283.92599513,9963.32665032566,11455165.9398646,61.1050249215422,2.64994606710184,2021-07-24T00:00:30Z,2023-09-12T19:26:16Z
2018,United States,GOA,6,Western Gulf of Alaska,7,Western Gulf of Alaska,Shumagin Slope,25,1,21720,Pacific cod,0.800111129790841,0.0123978968007049,9170.87376966262,1628803.99265238,30945.9528472034,18546207.4228325,63.1711434325919,2.94846008453745,2021-07-24T00:00:30Z,2023-09-12T19:26:16Z
2019,United States,GOA,4,Eastern Gulf of Alaska,4,East Yakutat/Southeast,East Yakutat slope,39,1,21720,Pacific cod,0.163606112098041,0.00829072004630361,630.210743801653,123016.908137929,3359.98601437243,3496778.64578085,76,5.33754728256145,2021-07-23T23:55:37Z,2023-09-12T19:26:16Z
2019,United States,GOA,3,Central Gulf of Alaska,3,Central Gulf of Alaska,Kodiak slope,35,1,21720,Pacific cod,0.40940152938177,0.00958936770632717,4375.27414450297,1095220.56720464,14501.9004730356,12032084.9944339,59.7632077097542,2.46764636541529,2021-07-23T23:55:37Z,2023-09-12T19:26:16Z
2019,United States,GOA,3,Central Gulf of Alaska,3,Central Gulf of Alaska,Chirikof slope,30,1,21720,Pacific cod,0.188684606699639,0.00529899160789807,1720.80361310071,440740.447591957,7166.3641208765,7643953.41078629,67.0882577491182,3.57655915622346,2021-07-23T23:55:37Z,2023-09-12T19:26:16Z
2019,United States,GOA,4,Eastern Gulf of Alaska,4,East Yakutat/Southeast,Spencer Gully,46,1,21720,Pacific cod,0,0,0,0,NA,NA,NA,NA,2021-07-23T23:55:37Z,2023-09-12T19:26:16Z
2019,United States,GOA,4,Eastern Gulf of Alaska,6,West Yakutat,W Yakutat slope,38,1,21720,Pacific cod,0.386600377030281,0.041711052037106,4133.53123120776,4768360.08512685,10225.0883645239,29178350.5068937,58.6818446729206,2.32716494100714,2021-07-23T23:55:37Z,2023-09-12T19:26:16Z
2019,United States,GOA,4,Eastern Gulf of Alaska,4,East Yakutat/Southeast,Southeast slope,45,1,21720,Pacific cod,0.0216682608113303,6.3110204252403e-5,171.785971712226,3966.67728015387,481.557355286517,31170.7691163031,61.7493122805448,2.74068564819424,2021-07-23T23:55:37Z,2023-09-12T19:26:16Z
2019,United States,GOA,4,Eastern Gulf of Alaska,4,East Yakutat/Southeast,Dixon Entrance,55,1,21720,Pacific cod,0.764554486818706,0.11927032924357,1939.67473305906,767667.849763108,4989.30602593874,5079205.92960662,58.9596058384372,2.36270923317785,2021-07-23T23:55:37Z,2023-09-12T19:26:16Z
2019,United States,GOA,4,Eastern Gulf of Alaska,4,East Yakutat/Southeast,Ommaney Trench,47,1,21720,Pacific cod,0.0746045533724175,0.0017278348313508,117.725985221675,4302.45386818933,461.643052349971,66158.2734694009,68.8,3.87783200553997,2021-07-23T23:55:37Z,2023-09-12T19:26:16Z
2019,United States,GOA,6,Western Gulf of Alaska,7,Western Gulf of Alaska,Shumagin Slope,25,1,21720,Pacific cod,0.160855860225956,0.00345817298366033,1843.72986990991,454325.927503149,8101.24028427105,8771542.37498265,65.2012457819711,3.26355940960404,2021-07-23T23:55:37Z,2023-09-12T19:26:16Z
2020,United States,GOA,4,Eastern Gulf of Alaska,4,East Yakutat/Southeast,Southeast slope,45,1,21720,Pacific cod,0.141285388444398,0.00374953241313188,732.706024472647,100842.159440087,2236.70754033683,939725.508851967,62.9383646516545,2.91372602032179,2021-09-30T20:50:44Z,2023-09-12T19:26:16Z
2020,United States,GOA,4,Eastern Gulf of Alaska,4,East Yakutat/Southeast,East Yakutat slope,39,1,21720,Pacific cod,0.0987954643543767,0.00976054377699693,359.714285714286,129394.367346939,1059.86429821251,1123312.3306255,63,2.92289535947745,2021-09-30T20:50:44Z,2023-09-12T19:26:16Z
2020,United States,GOA,4,Eastern Gulf of Alaska,4,East Yakutat/Southeast,Spencer Gully,46,1,21720,Pacific cod,0,0,0,0,NA,NA,NA,NA,2021-09-30T20:50:44Z,2023-09-12T19:26:16Z
2020,United States,GOA,3,Central Gulf of Alaska,3,Central Gulf of Alaska,Kodiak slope,35,1,21720,Pacific cod,0.258572940491834,1.83506118610735e-4,2763.36901503623,20958.5951300796,8946.1664424985,219663.727411727,63.7932043822912,3.04267793218059,2021-09-30T20:50:44Z,2023-09-12T19:26:16Z
2020,United States,GOA,6,Western Gulf of Alaska,7,Western Gulf of Alaska,Shumagin Slope,25,1,21720,Pacific cod,0.367568942324111,0.00313153704814838,4213.07521691896,411413.33317704,19184.0921246711,8530263.35607193,66.4517067687161,3.46876448004331,2021-09-30T20:50:44Z,2023-09-12T19:26:16Z
2020,United States,GOA,4,Eastern Gulf of Alaska,4,East Yakutat/Southeast,Ommaney Trench,47,1,21720,Pacific cod,0.306371212020846,0.0266269929112827,483.453772568895,66303.4490164985,1215.83308694179,419347.568307606,59.3809523809524,2.41733858154408,2021-09-30T20:50:44Z,2023-09-12T19:26:16Z
2020,United States,GOA,3,Central Gulf of Alaska,3,Central Gulf of Alaska,Chirikof slope,30,1,21720,Pacific cod,0.314955285342204,0.0419542128659565,2872.3922023209,3489516.48259822,12554.8849886474,66665824.2641263,67.9391814987192,3.72422833766055,2021-09-30T20:50:44Z,2023-09-12T19:26:16Z
2020,United States,GOA,4,Eastern Gulf of Alaska,6,West Yakutat,W Yakutat slope,38,1,21720,Pacific cod,0.58423609573597,0.114482123356932,6246.65233560899,13087466.2904723,15876.1338822713,84537696.5888533,59.9096729321279,2.48711180643536,2021-09-30T20:50:44Z,2023-09-12T19:26:16Z
2020,United States,GOA,4,Eastern Gulf of Alaska,4,East Yakutat/Southeast,Dixon Entrance,55,1,21720,Pacific cod,0.704515725939646,0.104871401088244,1787.35639670888,674991.034950937,4942.82302818264,5162092.82179503,64.9561368364822,3.22434056847504,2021-09-30T20:50:44Z,2023-09-12T19:26:17Z
2021,United States,GOA,4,Eastern Gulf of Alaska,4,East Yakutat/Southeast,Dixon Entrance,55,1,21720,Pacific cod,0.493783094749915,0.0315450139647228,1252.72771138054,203035.349987109,3324.84420960701,1430213.55801208,60.7472578250462,2.60046337484853,2021-09-01T17:37:13Z,2023-09-12T19:26:16Z
2021,United States,GOA,3,Central Gulf of Alaska,3,Central Gulf of Alaska,Kodiak slope,35,1,21720,Pacific cod,0.2953769992937,0.0182894379350651,3156.69399145177,2088872.71846708,12157.9420091647,30986116.241611,66.6101902646139,3.49539023090215,2021-09-01T17:37:13Z,2023-09-12T19:26:16Z
2021,United States,GOA,3,Central Gulf of Alaska,3,Central Gulf of Alaska,Chirikof slope,30,1,21720,Pacific cod,0.250890892245437,0.00722188174519045,2288.12493727839,600675.681027169,7041.50159067813,5688675.28142083,63.5460949130738,3.00500616529731,2021-09-01T17:37:13Z,2023-09-12T19:26:16Z
2021,United States,GOA,6,Western Gulf of Alaska,7,Western Gulf of Alaska,Shumagin Slope,25,1,21720,Pacific cod,0.829065669191142,0.0795287457657372,9502.75070026887,10448283.3432284,32831.4028263076,124716854.580409,62.2335991613695,2.81028322980173,2021-09-01T17:37:13Z,2023-09-12T19:26:16Z
2021,United States,GOA,4,Eastern Gulf of Alaska,6,West Yakutat,W Yakutat slope,38,1,21720,Pacific cod,0.845550693629203,0.0806686884735237,9040.62801628344,9221952.82666313,26410.2064638115,78699013.5204318,62.9160684596394,2.91041395439934,2021-09-01T17:37:13Z,2023-09-12T19:26:16Z
2021,United States,GOA,4,Eastern Gulf of Alaska,4,East Yakutat/Southeast,Southeast slope,45,1,21720,Pacific cod,0.324734495144954,0.0127203021054779,1684.07309182173,342107.386124777,4981.45202116701,2993315.40519697,62.4568708761975,2.84277584622777,2021-09-01T17:37:13Z,2023-09-12T19:26:16Z
2021,United States,GOA,4,Eastern Gulf of Alaska,4,East Yakutat/Southeast,Spencer Gully,46,1,21720,Pacific cod,0.0645034358324696,6.22561881712783e-4,117.912280701754,2080.34282294133,129.097347324311,2493.74169410981,67.5,3.64749927973203,2021-09-01T17:37:13Z,2023-09-12T19:26:16Z
2021,United States,GOA,4,Eastern Gulf of Alaska,4,East Yakutat/Southeast,Ommaney Trench,47,1,21720,Pacific cod,0.627020080530489,0.0502788977530024,1146.19270720973,168011.160269069,2417.66725356611,747508.104417756,57.1244353441487,2.13465879969366,2021-09-01T17:37:13Z,2023-09-12T19:26:16Z
2021,United States,GOA,4,Eastern Gulf of Alaska,4,East Yakutat/Southeast,East Yakutat slope,39,1,21720,Pacific cod,0.685532052098042,0.118635977896582,2640.66946468166,1760309.25097561,9750.80584181622,24001694.4091044,67.8967183636772,3.71676156194167,2021-09-01T17:37:13Z,2023-09-12T19:26:16Z
2022,United States,GOA,4,Eastern Gulf of Alaska,4,East Yakutat/Southeast,East Yakutat slope,39,1,21720,Pacific cod,0.247688014308368,0.0166103960608005,901.832060096766,220202.043940902,4676.57305584736,5921414.34280736,75.045756670841,5.12539116796104,2022-09-12T22:26:14Z,2023-09-12T19:26:17Z
2022,United States,GOA,6,Western Gulf of Alaska,7,Western Gulf of Alaska,Shumagin Slope,25,1,21720,Pacific cod,0.715859223710649,0.0504997074353719,8205.17842217146,6634522.48560696,26909.3032668167,71357317.9526382,65.1633288229094,3.25747112339993,2022-09-12T22:26:14Z,2023-09-12T19:26:17Z
2022,United States,GOA,4,Eastern Gulf of Alaska,6,West Yakutat,W Yakutat slope,38,1,21720,Pacific cod,0.557264134249065,0.0447076129480477,5958.26812339101,5110923.52437251,20398.8770769593,59906206.4843627,65.8143417492072,3.36309429139267,2022-09-12T22:26:14Z,2023-09-12T19:26:17Z
2022,United States,GOA,4,Eastern Gulf of Alaska,4,East Yakutat/Southeast,Ommaney Trench,47,1,21720,Pacific cod,0.373719796393965,0.0393623724557776,589.729838709677,98015.6138541725,1496.09916630392,630826.343264266,59.5189249913585,2.43541460501522,2022-09-12T22:26:14Z,2023-09-12T19:26:17Z
2022,United States,GOA,4,Eastern Gulf of Alaska,4,East Yakutat/Southeast,Dixon Entrance,55,1,21720,Pacific cod,1.28843990224815,0.246053526826236,3268.77203200356,1583691.29240506,4990.08184334241,3690766.74868862,62.825,2.89691278358743,2022-09-12T22:26:14Z,2023-09-12T19:26:17Z
2022,United States,GOA,4,Eastern Gulf of Alaska,4,East Yakutat/Southeast,Southeast slope,45,1,21720,Pacific cod,0.108223671303874,0.00111772457774513,561.247959381888,30060.750957726,1963.34533209571,367860.929703574,66.0848526110852,3.40766807537555,2022-09-12T22:26:14Z,2023-09-12T19:26:17Z
2022,United States,GOA,4,Eastern Gulf of Alaska,4,East Yakutat/Southeast,Spencer Gully,46,1,21720,Pacific cod,0.0335165321017297,3.3282510382917e-4,52.8890876565295,828.762465843356,237.319537346732,16686.4867921407,72,4.48711724596054,2022-09-12T22:26:14Z,2023-09-12T19:26:17Z
2022,United States,GOA,3,Central Gulf of Alaska,3,Central Gulf of Alaska,Kodiak slope,35,1,21720,Pacific cod,0.142740320204681,1.87882700591868e-4,1525.46580202743,21458.4531756347,6048.38835618672,337343.85072571,68.2760206753013,3.78382489280052,2022-09-12T22:26:14Z,2023-09-12T19:26:17Z
2022,United States,GOA,3,Central Gulf of Alaska,3,Central Gulf of Alaska,Chirikof slope,30,1,21720,Pacific cod,0.255412894366251,9.34830233297218e-4,2329.36559662021,77753.9437563561,6895.58215513169,681379.37957737,63.7516282202243,3.03631703754382,2022-09-12T22:26:14Z,2023-09-12T19:26:17Z
2023,United States,GOA,6,Western Gulf of Alaska,7,Western Gulf of Alaska,Shumagin Slope,25,1,21720,Pacific cod,0.454480932444837,0.013368981031183,5209.26044768272,1756382.55676131,20206.7615815308,26427763.2172499,64.6878181428608,3.18178140083228,2023-09-08T23:45:41Z,2023-09-12T19:26:17Z
2023,United States,GOA,3,Central Gulf of Alaska,3,Central Gulf of Alaska,Chirikof slope,30,1,21720,Pacific cod,0.38219687088016,0.0210843348260822,3485.63546242706,1753676.89855849,11536.3268190529,19209707.4984649,60.7555162523887,2.60159836393864,2023-09-08T23:45:41Z,2023-09-12T19:26:17Z
2023,United States,GOA,4,Eastern Gulf of Alaska,6,West Yakutat,W Yakutat slope,38,1,21720,Pacific cod,1.00196213101465,0.23626198902052,10712.9791048086,27009202.1912063,36523.13178941,313925981.747534,64.7785441339221,3.19612828234117,2023-09-08T23:45:41Z,2023-09-12T19:26:17Z
2023,United States,GOA,3,Central Gulf of Alaska,3,Central Gulf of Alaska,Kodiak slope,35,1,21720,Pacific cod,0.49483893361927,0.0731895478338349,5288.34368358914,8359122.36832197,24016.0348823058,172394716.208721,72.0149480750591,4.49010830408389,2023-09-08T23:45:41Z,2023-09-12T19:26:17Z
2023,United States,GOA,4,Eastern Gulf of Alaska,4,East Yakutat/Southeast,Dixon Entrance,55,1,21720,Pacific cod,0.971510397005225,0.167119862843534,2464.72187720226,1075645.10449038,7405.82765416124,9711367.01075328,64.901699224407,3.21567449067672,2023-09-08T23:45:41Z,2023-09-12T19:26:17Z
2023,United States,GOA,4,Eastern Gulf of Alaska,4,East Yakutat/Southeast,East Yakutat slope,39,1,21720,Pacific cod,0.535461456610643,0.0864317286370979,2062.5975308642,1282465.69207131,13178.6584969908,52355122.1373217,79.4959209842698,6.16647616131724,2023-09-08T23:45:41Z,2023-09-12T19:26:17Z
2023,United States,GOA,4,Eastern Gulf of Alaska,4,East Yakutat/Southeast,Southeast slope,45,1,21720,Pacific cod,0.19639504302887,0.0130507408353159,1018.50469314772,350994.402266524,3911.73996429174,5177428.08654879,67.7695559674025,3.69446280697992,2023-09-08T23:45:41Z,2023-09-12T19:26:17Z
2023,United States,GOA,4,Eastern Gulf of Alaska,4,East Yakutat/Southeast,Spencer Gully,46,1,21720,Pacific cod,0,0,0,0,NA,NA,NA,NA,2023-09-08T23:45:41Z,2023-09-12T19:26:17Z
2023,United States,GOA,4,Eastern Gulf of Alaska,4,East Yakutat/Southeast,Ommaney Trench,47,1,21720,Pacific cod,0.306282854196534,0.0153440177775421,559.885057471264,51273.3243011503,1332.82351844491,290562.134286154,58.8599779492834,2.3499174657897,2023-09-08T23:45:41Z,2023-09-12T19:26:17Z
