YEAR,INDEX,TEMP,MODEL,SERIES,USED
2020,4,1.65103531,HadGEM2_ES_2.6,2.6,Y
2021,4,1.03799343,HadGEM2_ES_2.6,2.6,Y
2022,4,1.46732998,HadGEM2_ES_2.6,2.6,Y
2023,4,2.0215435,HadGEM2_ES_2.6,2.6,Y
2024,4,1.91863441,HadGEM2_ES_2.6,2.6,Y
2025,4,1.6062212,HadGEM2_ES_2.6,2.6,Y
2026,4,1.4270668,HadGEM2_ES_2.6,2.6,Y
2027,4,1.09011269,HadGEM2_ES_2.6,2.6,Y
2028,4,1.27981377,HadGEM2_ES_2.6,2.6,Y
2029,4,1.93821239,HadGEM2_ES_2.6,2.6,Y
2030,4,1.38341904,HadGEM2_ES_2.6,2.6,Y
2031,4,-0.58560085,HadGEM2_ES_2.6,2.6,Y
2032,4,0.45056152,HadGEM2_ES_2.6,2.6,Y
2033,4,0.69234276,HadGEM2_ES_2.6,2.6,Y
2034,4,0.01681519,HadGEM2_ES_2.6,2.6,Y
2035,4,0.48713779,HadGEM2_ES_2.6,2.6,Y
2036,4,0.53769588,HadGEM2_ES_2.6,2.6,Y
2037,4,1.9795866,HadGEM2_ES_2.6,2.6,Y
2038,4,0.6675272,HadGEM2_ES_2.6,2.6,Y
2039,4,1.61676121,HadGEM2_ES_2.6,2.6,Y
2040,4,2.04766083,HadGEM2_ES_2.6,2.6,Y
2041,4,1.82061958,HadGEM2_ES_2.6,2.6,Y
2042,4,1.23211575,HadGEM2_ES_2.6,2.6,Y
2043,4,1.07038593,HadGEM2_ES_2.6,2.6,Y
2044,4,1.29245758,HadGEM2_ES_2.6,2.6,Y
2045,4,0.52830219,HadGEM2_ES_2.6,2.6,Y
2046,4,2.69262505,HadGEM2_ES_2.6,2.6,Y
2047,4,1.19053459,HadGEM2_ES_2.6,2.6,Y
2048,4,1.21706295,HadGEM2_ES_2.6,2.6,Y
2049,4,1.43446159,HadGEM2_ES_2.6,2.6,Y
2050,4,2.17103577,HadGEM2_ES_2.6,2.6,Y
2051,4,1.73320484,HadGEM2_ES_2.6,2.6,Y
2052,4,0.62994671,HadGEM2_ES_2.6,2.6,Y
2053,4,1.3565197,HadGEM2_ES_2.6,2.6,Y
2054,4,1.81293392,HadGEM2_ES_2.6,2.6,Y
2055,4,1.93698788,HadGEM2_ES_2.6,2.6,Y
2056,4,1.3369875,HadGEM2_ES_2.6,2.6,Y
2057,4,2.87499809,HadGEM2_ES_2.6,2.6,Y
2058,4,2.90978527,HadGEM2_ES_2.6,2.6,Y
2059,4,1.74033928,HadGEM2_ES_2.6,2.6,Y
2060,4,1.64415646,HadGEM2_ES_2.6,2.6,Y
2061,4,1.44387341,HadGEM2_ES_2.6,2.6,Y
2062,4,0.38566303,HadGEM2_ES_2.6,2.6,Y
2063,4,0.98534489,HadGEM2_ES_2.6,2.6,Y
2064,4,1.28388786,HadGEM2_ES_2.6,2.6,Y
2065,4,1.02622032,HadGEM2_ES_2.6,2.6,Y
2066,4,1.5772295,HadGEM2_ES_2.6,2.6,Y
2067,4,1.12709045,HadGEM2_ES_2.6,2.6,Y
2068,4,1.90333748,HadGEM2_ES_2.6,2.6,Y
2069,4,-0.12553024,HadGEM2_ES_2.6,2.6,Y
2070,4,1.61567211,HadGEM2_ES_2.6,2.6,Y
2071,4,2.18655777,HadGEM2_ES_2.6,2.6,Y
2072,4,1.53885841,HadGEM2_ES_2.6,2.6,Y
2073,4,2.15129375,HadGEM2_ES_2.6,2.6,Y
2074,4,1.14749908,HadGEM2_ES_2.6,2.6,Y
2075,4,1.03760242,HadGEM2_ES_2.6,2.6,Y
2076,4,1.09228516,HadGEM2_ES_2.6,2.6,Y
2077,4,0.73960495,HadGEM2_ES_2.6,2.6,Y
2078,4,1.19966793,HadGEM2_ES_2.6,2.6,Y
2079,4,0.50372219,HadGEM2_ES_2.6,2.6,Y
2080,4,0.94816589,HadGEM2_ES_2.6,2.6,Y
2081,4,1.91783047,HadGEM2_ES_2.6,2.6,Y
2082,4,1.12716961,HadGEM2_ES_2.6,2.6,Y
2083,4,1.58610535,HadGEM2_ES_2.6,2.6,Y
2084,4,0.9876461,HadGEM2_ES_2.6,2.6,Y
2085,4,1.34780121,HadGEM2_ES_2.6,2.6,Y
2086,4,1.47246742,HadGEM2_ES_2.6,2.6,Y
2087,4,1.28218746,HadGEM2_ES_2.6,2.6,Y
2088,4,0.92890167,HadGEM2_ES_2.6,2.6,Y
2089,4,1.82691002,HadGEM2_ES_2.6,2.6,Y
2090,4,2.3968544,HadGEM2_ES_2.6,2.6,Y
2091,4,2.715271,HadGEM2_ES_2.6,2.6,Y
2092,4,1.1858387,HadGEM2_ES_2.6,2.6,Y
2093,4,1.82698154,HadGEM2_ES_2.6,2.6,Y
2094,4,3.41597271,HadGEM2_ES_2.6,2.6,Y
2095,4,1.9386301,HadGEM2_ES_2.6,2.6,Y
2096,4,1.6717577,HadGEM2_ES_2.6,2.6,Y
2097,4,1.60743618,HadGEM2_ES_2.6,2.6,Y
2098,4,2.27233601,HadGEM2_ES_2.6,2.6,Y
2099,4,1.80054951,HadGEM2_ES_2.6,2.6,Y
2020,4,0.98738,MIROC_ESM_2.6,2.6,Y
2021,4,2.3163681,MIROC_ESM_2.6,2.6,Y
2022,4,-0.1255398,MIROC_ESM_2.6,2.6,Y
2023,4,1.4535551,MIROC_ESM_2.6,2.6,Y
2024,4,1.7615738,MIROC_ESM_2.6,2.6,Y
2025,4,0.9914827,MIROC_ESM_2.6,2.6,Y
2026,4,2.3673563,MIROC_ESM_2.6,2.6,Y
2027,4,0.3672104,MIROC_ESM_2.6,2.6,Y
2028,4,1.4961224,MIROC_ESM_2.6,2.6,Y
2029,4,1.7705164,MIROC_ESM_2.6,2.6,Y
2030,4,1.5819836,MIROC_ESM_2.6,2.6,Y
2031,4,1.8205881,MIROC_ESM_2.6,2.6,Y
2032,4,0.7471476,MIROC_ESM_2.6,2.6,Y
2033,4,2.8073997,MIROC_ESM_2.6,2.6,Y
2034,4,1.7005615,MIROC_ESM_2.6,2.6,Y
2035,4,2.6556082,MIROC_ESM_2.6,2.6,Y
2036,4,1.6944656,MIROC_ESM_2.6,2.6,Y
2037,4,1.0721722,MIROC_ESM_2.6,2.6,Y
2038,4,1.3290768,MIROC_ESM_2.6,2.6,Y
2039,4,0.8432074,MIROC_ESM_2.6,2.6,Y
2040,4,2.4602203,MIROC_ESM_2.6,2.6,Y
2041,4,1.0656786,MIROC_ESM_2.6,2.6,Y
2042,4,1.442976,MIROC_ESM_2.6,2.6,Y
2043,4,3.7730637,MIROC_ESM_2.6,2.6,Y
2044,4,2.4180164,MIROC_ESM_2.6,2.6,Y
2045,4,1.9439077,MIROC_ESM_2.6,2.6,Y
2046,4,2.1926079,MIROC_ESM_2.6,2.6,Y
2047,4,2.3568115,MIROC_ESM_2.6,2.6,Y
2048,4,1.4137955,MIROC_ESM_2.6,2.6,Y
2049,4,2.3251371,MIROC_ESM_2.6,2.6,Y
2050,4,2.034791,MIROC_ESM_2.6,2.6,Y
2051,4,2.0225983,MIROC_ESM_2.6,2.6,Y
2052,4,1.837471,MIROC_ESM_2.6,2.6,Y
2053,4,0.8536854,MIROC_ESM_2.6,2.6,Y
2054,4,1.2425861,MIROC_ESM_2.6,2.6,Y
2055,4,3.1880569,MIROC_ESM_2.6,2.6,Y
2056,4,0.7870455,MIROC_ESM_2.6,2.6,Y
2057,4,2.783226,MIROC_ESM_2.6,2.6,Y
2058,4,1.7055101,MIROC_ESM_2.6,2.6,Y
2059,4,2.7266264,MIROC_ESM_2.6,2.6,Y
2060,4,1.4096994,MIROC_ESM_2.6,2.6,Y
2061,4,1.1763468,MIROC_ESM_2.6,2.6,Y
2062,4,2.469346,MIROC_ESM_2.6,2.6,Y
2063,4,1.5426903,MIROC_ESM_2.6,2.6,Y
2064,4,2.2288313,MIROC_ESM_2.6,2.6,Y
2065,4,1.1106567,MIROC_ESM_2.6,2.6,Y
2066,4,1.5422277,MIROC_ESM_2.6,2.6,Y
2067,4,1.8900528,MIROC_ESM_2.6,2.6,Y
2068,4,2.2931519,MIROC_ESM_2.6,2.6,Y
2069,4,3.1393404,MIROC_ESM_2.6,2.6,Y
2070,4,1.0320597,MIROC_ESM_2.6,2.6,Y
2071,4,3.3744507,MIROC_ESM_2.6,2.6,Y
2072,4,1.5688772,MIROC_ESM_2.6,2.6,Y
2073,4,0.7240667,MIROC_ESM_2.6,2.6,Y
2074,4,2.0804634,MIROC_ESM_2.6,2.6,Y
2075,4,3.2756224,MIROC_ESM_2.6,2.6,Y
2076,4,2.8469152,MIROC_ESM_2.6,2.6,Y
2077,4,2.8614206,MIROC_ESM_2.6,2.6,Y
2078,4,2.1618958,MIROC_ESM_2.6,2.6,Y
2079,4,1.8769388,MIROC_ESM_2.6,2.6,Y
2080,4,2.2087545,MIROC_ESM_2.6,2.6,Y
2081,4,2.1253729,MIROC_ESM_2.6,2.6,Y
2082,4,2.0238657,MIROC_ESM_2.6,2.6,Y
2083,4,1.4646912,MIROC_ESM_2.6,2.6,Y
2084,4,2.2276573,MIROC_ESM_2.6,2.6,Y
2085,4,2.8481188,MIROC_ESM_2.6,2.6,Y
2086,4,0.9720802,MIROC_ESM_2.6,2.6,Y
2087,4,2.0019732,MIROC_ESM_2.6,2.6,Y
2088,4,2.9982748,MIROC_ESM_2.6,2.6,Y
2089,4,3.630476,MIROC_ESM_2.6,2.6,Y
2090,4,2.1872864,MIROC_ESM_2.6,2.6,Y
2091,4,2.9485989,MIROC_ESM_2.6,2.6,Y
2092,4,2.7268639,MIROC_ESM_2.6,2.6,Y
2093,4,2.1784182,MIROC_ESM_2.6,2.6,Y
2094,4,2.2437897,MIROC_ESM_2.6,2.6,Y
2095,4,2.3372002,MIROC_ESM_2.6,2.6,Y
2096,4,2.1202803,MIROC_ESM_2.6,2.6,Y
2097,4,1.9608355,MIROC_ESM_2.6,2.6,Y
2098,4,2.8752136,MIROC_ESM_2.6,2.6,Y
2099,4,2.9934425,MIROC_ESM_2.6,2.6,Y
2020,4,0.477888107,MIROC5_2.6,2.6,Y
2021,4,0.416230202,MIROC5_2.6,2.6,Y
2022,4,0.523109436,MIROC5_2.6,2.6,Y
2023,4,0.694888115,MIROC5_2.6,2.6,Y
2024,4,-0.362890244,MIROC5_2.6,2.6,Y
2025,4,-1.019429207,MIROC5_2.6,2.6,Y
2026,4,0.700613976,MIROC5_2.6,2.6,Y
2027,4,1.067684174,MIROC5_2.6,2.6,Y
2028,4,2.067918777,MIROC5_2.6,2.6,Y
2029,4,1.446519852,MIROC5_2.6,2.6,Y
2030,4,-0.750627518,MIROC5_2.6,2.6,Y
2031,4,-1.329679489,MIROC5_2.6,2.6,Y
2032,4,-0.16744709,MIROC5_2.6,2.6,Y
2033,4,0.260371208,MIROC5_2.6,2.6,Y
2034,4,0.329849243,MIROC5_2.6,2.6,Y
2035,4,0.855363846,MIROC5_2.6,2.6,Y
2036,4,1.010613441,MIROC5_2.6,2.6,Y
2037,4,0.832838058,MIROC5_2.6,2.6,Y
2038,4,0.980314255,MIROC5_2.6,2.6,Y
2039,4,0.166139603,MIROC5_2.6,2.6,Y
2040,4,0.617706299,MIROC5_2.6,2.6,Y
2041,4,2.271046638,MIROC5_2.6,2.6,Y
2042,4,0.951488495,MIROC5_2.6,2.6,Y
2043,4,-0.086129189,MIROC5_2.6,2.6,Y
2044,4,-0.146306992,MIROC5_2.6,2.6,Y
2045,4,1.401037216,MIROC5_2.6,2.6,Y
2046,4,1.180422783,MIROC5_2.6,2.6,Y
2047,4,1.943623543,MIROC5_2.6,2.6,Y
2048,4,1.578954697,MIROC5_2.6,2.6,Y
2049,4,-0.375448227,MIROC5_2.6,2.6,Y
2050,4,0.184837341,MIROC5_2.6,2.6,Y
2051,4,-0.098474503,MIROC5_2.6,2.6,Y
2052,4,2.275963783,MIROC5_2.6,2.6,Y
2053,4,2.632050514,MIROC5_2.6,2.6,Y
2054,4,2.077170372,MIROC5_2.6,2.6,Y
2055,4,1.511644363,MIROC5_2.6,2.6,Y
2056,4,1.580287933,MIROC5_2.6,2.6,Y
2057,4,1.128619194,MIROC5_2.6,2.6,Y
2058,4,0.615931511,MIROC5_2.6,2.6,Y
2059,4,1.241036415,MIROC5_2.6,2.6,Y
2060,4,0.880722046,MIROC5_2.6,2.6,Y
2061,4,0.406716347,MIROC5_2.6,2.6,Y
2062,4,0.335541725,MIROC5_2.6,2.6,Y
2063,4,0.278059959,MIROC5_2.6,2.6,Y
2064,4,-0.402781487,MIROC5_2.6,2.6,Y
2065,4,0.630315781,MIROC5_2.6,2.6,Y
2066,4,1.333843231,MIROC5_2.6,2.6,Y
2067,4,1.042725563,MIROC5_2.6,2.6,Y
2068,4,-0.00227356,MIROC5_2.6,2.6,Y
2069,4,0.132130623,MIROC5_2.6,2.6,Y
2070,4,0.824018478,MIROC5_2.6,2.6,Y
2071,4,0.92419529,MIROC5_2.6,2.6,Y
2072,4,1.069752693,MIROC5_2.6,2.6,Y
2073,4,0.950169563,MIROC5_2.6,2.6,Y
2074,4,2.029918671,MIROC5_2.6,2.6,Y
2075,4,1.20111084,MIROC5_2.6,2.6,Y
2076,4,2.397191048,MIROC5_2.6,2.6,Y
2077,4,0.809604645,MIROC5_2.6,2.6,Y
2078,4,0.399927139,MIROC5_2.6,2.6,Y
2079,4,0.965869904,MIROC5_2.6,2.6,Y
2080,4,0.901170731,MIROC5_2.6,2.6,Y
2081,4,0.907588005,MIROC5_2.6,2.6,Y
2082,4,1.278401375,MIROC5_2.6,2.6,Y
2083,4,1.800461769,MIROC5_2.6,2.6,Y
2084,4,1.645814896,MIROC5_2.6,2.6,Y
2085,4,0.965488434,MIROC5_2.6,2.6,Y
2086,4,1.406543732,MIROC5_2.6,2.6,Y
2087,4,0.986077309,MIROC5_2.6,2.6,Y
2088,4,1.475142479,MIROC5_2.6,2.6,Y
2089,4,1.837475777,MIROC5_2.6,2.6,Y
2090,4,0.851818085,MIROC5_2.6,2.6,Y
2091,4,0.008385658,MIROC5_2.6,2.6,Y
2092,4,1.846436501,MIROC5_2.6,2.6,Y
2093,4,1.332098007,MIROC5_2.6,2.6,Y
2094,4,0.929558754,MIROC5_2.6,2.6,Y
2095,4,1.416217804,MIROC5_2.6,2.6,Y
2096,4,0.824025154,MIROC5_2.6,2.6,Y
2097,4,0.89187336,MIROC5_2.6,2.6,Y
2098,4,1.574755669,MIROC5_2.6,2.6,Y
2099,4,1.262797356,MIROC5_2.6,2.6,Y
2020,4,0.418296814,MPI_ESM_LR_2.6,2.6,Y
2021,4,1.266372681,MPI_ESM_LR_2.6,2.6,Y
2022,4,0.968559265,MPI_ESM_LR_2.6,2.6,Y
2023,4,0.161225319,MPI_ESM_LR_2.6,2.6,Y
2024,4,0.25435257,MPI_ESM_LR_2.6,2.6,Y
2025,4,0.521951675,MPI_ESM_LR_2.6,2.6,Y
2026,4,1.031925201,MPI_ESM_LR_2.6,2.6,Y
2027,4,1.001554489,MPI_ESM_LR_2.6,2.6,Y
2028,4,1.812458992,MPI_ESM_LR_2.6,2.6,Y
2029,4,0.571559906,MPI_ESM_LR_2.6,2.6,Y
2030,4,1.509221077,MPI_ESM_LR_2.6,2.6,Y
2031,4,1.585068703,MPI_ESM_LR_2.6,2.6,Y
2032,4,1.018618584,MPI_ESM_LR_2.6,2.6,Y
2033,4,0.755544662,MPI_ESM_LR_2.6,2.6,Y
2034,4,0.4611063,MPI_ESM_LR_2.6,2.6,Y
2035,4,1.525426865,MPI_ESM_LR_2.6,2.6,Y
2036,4,0.656493187,MPI_ESM_LR_2.6,2.6,Y
2037,4,1.480135918,MPI_ESM_LR_2.6,2.6,Y
2038,4,2.533473015,MPI_ESM_LR_2.6,2.6,Y
2039,4,1.424681664,MPI_ESM_LR_2.6,2.6,Y
2040,4,0.449163437,MPI_ESM_LR_2.6,2.6,Y
2041,4,0.392146111,MPI_ESM_LR_2.6,2.6,Y
2042,4,0.570242882,MPI_ESM_LR_2.6,2.6,Y
2043,4,2.043426514,MPI_ESM_LR_2.6,2.6,Y
2044,4,3.565607071,MPI_ESM_LR_2.6,2.6,Y
2045,4,1.292780876,MPI_ESM_LR_2.6,2.6,Y
2046,4,2.545021057,MPI_ESM_LR_2.6,2.6,Y
2047,4,1.466663361,MPI_ESM_LR_2.6,2.6,Y
2048,4,0.622513771,MPI_ESM_LR_2.6,2.6,Y
2049,4,1.128325462,MPI_ESM_LR_2.6,2.6,Y
2050,4,0.771497726,MPI_ESM_LR_2.6,2.6,Y
2051,4,1.183962822,MPI_ESM_LR_2.6,2.6,Y
2052,4,2.307310104,MPI_ESM_LR_2.6,2.6,Y
2053,4,2.056656837,MPI_ESM_LR_2.6,2.6,Y
2054,4,0.954576492,MPI_ESM_LR_2.6,2.6,Y
2055,4,0.992098808,MPI_ESM_LR_2.6,2.6,Y
2056,4,1.474211693,MPI_ESM_LR_2.6,2.6,Y
2057,4,0.321047783,MPI_ESM_LR_2.6,2.6,Y
2058,4,-0.625555038,MPI_ESM_LR_2.6,2.6,Y
2059,4,0.140205383,MPI_ESM_LR_2.6,2.6,Y
2060,4,1.229841232,MPI_ESM_LR_2.6,2.6,Y
2061,4,2.043290138,MPI_ESM_LR_2.6,2.6,Y
2062,4,1.991785049,MPI_ESM_LR_2.6,2.6,Y
2063,4,3.329586983,MPI_ESM_LR_2.6,2.6,Y
2064,4,1.999196053,MPI_ESM_LR_2.6,2.6,Y
2065,4,1.4061203,MPI_ESM_LR_2.6,2.6,Y
2066,4,1.367308617,MPI_ESM_LR_2.6,2.6,Y
2067,4,4.36911869,MPI_ESM_LR_2.6,2.6,Y
2068,4,2.074669838,MPI_ESM_LR_2.6,2.6,Y
2069,4,0.728962898,MPI_ESM_LR_2.6,2.6,Y
2070,4,0.608913422,MPI_ESM_LR_2.6,2.6,Y
2071,4,0.828826904,MPI_ESM_LR_2.6,2.6,Y
2072,4,1.090138435,MPI_ESM_LR_2.6,2.6,Y
2073,4,1.23591423,MPI_ESM_LR_2.6,2.6,Y
2074,4,1.306079865,MPI_ESM_LR_2.6,2.6,Y
2075,4,1.195361137,MPI_ESM_LR_2.6,2.6,Y
2076,4,0.902536392,MPI_ESM_LR_2.6,2.6,Y
2077,4,1.648077965,MPI_ESM_LR_2.6,2.6,Y
2078,4,0.997493744,MPI_ESM_LR_2.6,2.6,Y
2079,4,1.438209534,MPI_ESM_LR_2.6,2.6,Y
2080,4,1.69652462,MPI_ESM_LR_2.6,2.6,Y
2081,4,1.692734718,MPI_ESM_LR_2.6,2.6,Y
2082,4,0.622704506,MPI_ESM_LR_2.6,2.6,Y
2083,4,0.955866814,MPI_ESM_LR_2.6,2.6,Y
2084,4,1.058022499,MPI_ESM_LR_2.6,2.6,Y
2085,4,1.896284103,MPI_ESM_LR_2.6,2.6,Y
2086,4,2.372076035,MPI_ESM_LR_2.6,2.6,Y
2087,4,1.359054565,MPI_ESM_LR_2.6,2.6,Y
2088,4,0.995393753,MPI_ESM_LR_2.6,2.6,Y
2089,4,0.895380974,MPI_ESM_LR_2.6,2.6,Y
2090,4,0.481829643,MPI_ESM_LR_2.6,2.6,Y
2091,4,2.33659935,MPI_ESM_LR_2.6,2.6,Y
2092,4,2.110283852,MPI_ESM_LR_2.6,2.6,Y
2093,4,0.330627441,MPI_ESM_LR_2.6,2.6,Y
2094,4,0.757478714,MPI_ESM_LR_2.6,2.6,Y
2095,4,1.097392082,MPI_ESM_LR_2.6,2.6,Y
2096,4,-0.208077431,MPI_ESM_LR_2.6,2.6,Y
2097,4,1.514740944,MPI_ESM_LR_2.6,2.6,Y
2098,4,1.542293549,MPI_ESM_LR_2.6,2.6,Y
2099,4,0.590466499,MPI_ESM_LR_2.6,2.6,Y
2020,4,0.12279415,MPI_ESM_MR_2.6,2.6,Y
2021,4,1.49715233,MPI_ESM_MR_2.6,2.6,Y
2022,4,0.71812153,MPI_ESM_MR_2.6,2.6,Y
2023,4,1.25418758,MPI_ESM_MR_2.6,2.6,Y
2024,4,0.74862289,MPI_ESM_MR_2.6,2.6,Y
2025,4,0.88107395,MPI_ESM_MR_2.6,2.6,Y
2026,4,0.73797989,MPI_ESM_MR_2.6,2.6,Y
2027,4,1.65388775,MPI_ESM_MR_2.6,2.6,Y
2028,4,0.37454605,MPI_ESM_MR_2.6,2.6,Y
2029,4,0.23349667,MPI_ESM_MR_2.6,2.6,Y
2030,4,0.48443127,MPI_ESM_MR_2.6,2.6,Y
2031,4,0.89084721,MPI_ESM_MR_2.6,2.6,Y
2032,4,0.77763462,MPI_ESM_MR_2.6,2.6,Y
2033,4,0.65813351,MPI_ESM_MR_2.6,2.6,Y
2034,4,0.43169498,MPI_ESM_MR_2.6,2.6,Y
2035,4,-0.09031391,MPI_ESM_MR_2.6,2.6,Y
2036,4,1.94054413,MPI_ESM_MR_2.6,2.6,Y
2037,4,1.23950863,MPI_ESM_MR_2.6,2.6,Y
2038,4,1.85298443,MPI_ESM_MR_2.6,2.6,Y
2039,4,2.10433578,MPI_ESM_MR_2.6,2.6,Y
2040,4,0.7240591,MPI_ESM_MR_2.6,2.6,Y
2041,4,0.35708618,MPI_ESM_MR_2.6,2.6,Y
2042,4,0.81450939,MPI_ESM_MR_2.6,2.6,Y
2043,4,3.26136208,MPI_ESM_MR_2.6,2.6,Y
2044,4,1.91362286,MPI_ESM_MR_2.6,2.6,Y
2045,4,2.75592041,MPI_ESM_MR_2.6,2.6,Y
2046,4,2.71441746,MPI_ESM_MR_2.6,2.6,Y
2047,4,1.49324512,MPI_ESM_MR_2.6,2.6,Y
2048,4,0.73947811,MPI_ESM_MR_2.6,2.6,Y
2049,4,1.55827713,MPI_ESM_MR_2.6,2.6,Y
2050,4,0.01716232,MPI_ESM_MR_2.6,2.6,Y
2051,4,0.94678116,MPI_ESM_MR_2.6,2.6,Y
2052,4,1.24381638,MPI_ESM_MR_2.6,2.6,Y
2053,4,0.87560463,MPI_ESM_MR_2.6,2.6,Y
2054,4,0.59269905,MPI_ESM_MR_2.6,2.6,Y
2055,4,1.45196819,MPI_ESM_MR_2.6,2.6,Y
2056,4,0.87111759,MPI_ESM_MR_2.6,2.6,Y
2057,4,1.22348881,MPI_ESM_MR_2.6,2.6,Y
2058,4,2.32748032,MPI_ESM_MR_2.6,2.6,Y
2059,4,1.64856052,MPI_ESM_MR_2.6,2.6,Y
2060,4,1.8365078,MPI_ESM_MR_2.6,2.6,Y
2061,4,1.57001305,MPI_ESM_MR_2.6,2.6,Y
2062,4,1.07224178,MPI_ESM_MR_2.6,2.6,Y
2063,4,0.85311127,MPI_ESM_MR_2.6,2.6,Y
2064,4,0.25980091,MPI_ESM_MR_2.6,2.6,Y
2065,4,1.94287395,MPI_ESM_MR_2.6,2.6,Y
2066,4,1.02280235,MPI_ESM_MR_2.6,2.6,Y
2067,4,0.27509499,MPI_ESM_MR_2.6,2.6,Y
2068,4,0.71910381,MPI_ESM_MR_2.6,2.6,Y
2069,4,0.89776707,MPI_ESM_MR_2.6,2.6,Y
2070,4,1.03435802,MPI_ESM_MR_2.6,2.6,Y
2071,4,1.02123642,MPI_ESM_MR_2.6,2.6,Y
2072,4,0.09379101,MPI_ESM_MR_2.6,2.6,Y
2073,4,-0.21476841,MPI_ESM_MR_2.6,2.6,Y
2074,4,1.6196537,MPI_ESM_MR_2.6,2.6,Y
2075,4,1.99726868,MPI_ESM_MR_2.6,2.6,Y
2076,4,2.55902672,MPI_ESM_MR_2.6,2.6,Y
2077,4,2.51447296,MPI_ESM_MR_2.6,2.6,Y
2078,4,2.65775299,MPI_ESM_MR_2.6,2.6,Y
2079,4,2.73816681,MPI_ESM_MR_2.6,2.6,Y
2080,4,2.22126198,MPI_ESM_MR_2.6,2.6,Y
2081,4,1.52102375,MPI_ESM_MR_2.6,2.6,Y
2082,4,1.85261345,MPI_ESM_MR_2.6,2.6,Y
2083,4,0.87464428,MPI_ESM_MR_2.6,2.6,Y
2084,4,2.47425556,MPI_ESM_MR_2.6,2.6,Y
2085,4,1.18024445,MPI_ESM_MR_2.6,2.6,Y
2086,4,1.21632576,MPI_ESM_MR_2.6,2.6,Y
2087,4,1.83437443,MPI_ESM_MR_2.6,2.6,Y
2088,4,2.89737225,MPI_ESM_MR_2.6,2.6,Y
2089,4,1.78919601,MPI_ESM_MR_2.6,2.6,Y
2090,4,2.19265461,MPI_ESM_MR_2.6,2.6,Y
2091,4,1.65074825,MPI_ESM_MR_2.6,2.6,Y
2092,4,0.84493351,MPI_ESM_MR_2.6,2.6,Y
2093,4,2.53236103,MPI_ESM_MR_2.6,2.6,Y
2094,4,1.89564991,MPI_ESM_MR_2.6,2.6,Y
2095,4,1.09537888,MPI_ESM_MR_2.6,2.6,Y
2096,4,0.9286356,MPI_ESM_MR_2.6,2.6,Y
2097,4,0.21365833,MPI_ESM_MR_2.6,2.6,Y
2098,4,1.28324413,MPI_ESM_MR_2.6,2.6,Y
2099,4,1.10571098,MPI_ESM_MR_2.6,2.6,Y
2020,4,0.64955044,MIROC_ESM_4.5,4.5,Y
2021,4,0.20833015,MIROC_ESM_4.5,4.5,Y
2022,4,1.37584782,MIROC_ESM_4.5,4.5,Y
2023,4,1.71265697,MIROC_ESM_4.5,4.5,Y
2024,4,2.84980679,MIROC_ESM_4.5,4.5,Y
2025,4,1.16032505,MIROC_ESM_4.5,4.5,Y
2026,4,1.383708,MIROC_ESM_4.5,4.5,Y
2027,4,1.83021736,MIROC_ESM_4.5,4.5,Y
2028,4,1.35995007,MIROC_ESM_4.5,4.5,Y
2029,4,3.01293278,MIROC_ESM_4.5,4.5,Y
2030,4,1.89468956,MIROC_ESM_4.5,4.5,Y
2031,4,1.10267258,MIROC_ESM_4.5,4.5,Y
2032,4,2.43224812,MIROC_ESM_4.5,4.5,Y
2033,4,1.17836761,MIROC_ESM_4.5,4.5,Y
2034,4,2.95142555,MIROC_ESM_4.5,4.5,Y
2035,4,2.37924194,MIROC_ESM_4.5,4.5,Y
2036,4,1.90544033,MIROC_ESM_4.5,4.5,Y
2037,4,2.5834341,MIROC_ESM_4.5,4.5,Y
2038,4,0.75929928,MIROC_ESM_4.5,4.5,Y
2039,4,2.03725815,MIROC_ESM_4.5,4.5,Y
2040,4,2.19691467,MIROC_ESM_4.5,4.5,Y
2041,4,1.08137417,MIROC_ESM_4.5,4.5,Y
2042,4,2.16866398,MIROC_ESM_4.5,4.5,Y
2043,4,2.38148403,MIROC_ESM_4.5,4.5,Y
2044,4,3.64839554,MIROC_ESM_4.5,4.5,Y
2045,4,4.07562447,MIROC_ESM_4.5,4.5,Y
2046,4,1.10108852,MIROC_ESM_4.5,4.5,Y
2047,4,2.40767288,MIROC_ESM_4.5,4.5,Y
2048,4,3.0693655,MIROC_ESM_4.5,4.5,Y
2049,4,2.36841583,MIROC_ESM_4.5,4.5,Y
2050,4,1.72143745,MIROC_ESM_4.5,4.5,Y
2051,4,2.74267292,MIROC_ESM_4.5,4.5,Y
2052,4,1.0382061,MIROC_ESM_4.5,4.5,Y
2053,4,0.68558788,MIROC_ESM_4.5,4.5,Y
2054,4,1.78914928,MIROC_ESM_4.5,4.5,Y
2055,4,1.02834415,MIROC_ESM_4.5,4.5,Y
2056,4,1.16866207,MIROC_ESM_4.5,4.5,Y
2057,4,3.33725929,MIROC_ESM_4.5,4.5,Y
2058,4,3.07365417,MIROC_ESM_4.5,4.5,Y
2059,4,1.36905956,MIROC_ESM_4.5,4.5,Y
2060,4,2.41315269,MIROC_ESM_4.5,4.5,Y
2061,4,2.02489471,MIROC_ESM_4.5,4.5,Y
2062,4,2.81458092,MIROC_ESM_4.5,4.5,Y
2063,4,2.19186783,MIROC_ESM_4.5,4.5,Y
2064,4,3.02860641,MIROC_ESM_4.5,4.5,Y
2065,4,2.18136406,MIROC_ESM_4.5,4.5,Y
2066,4,1.72153282,MIROC_ESM_4.5,4.5,Y
2067,4,2.75171947,MIROC_ESM_4.5,4.5,Y
2068,4,2.83347702,MIROC_ESM_4.5,4.5,Y
2069,4,3.30461884,MIROC_ESM_4.5,4.5,Y
2070,4,3.50930786,MIROC_ESM_4.5,4.5,Y
2071,4,1.90882683,MIROC_ESM_4.5,4.5,Y
2072,4,2.54557991,MIROC_ESM_4.5,4.5,Y
2073,4,3.03212452,MIROC_ESM_4.5,4.5,Y
2074,4,2.13034248,MIROC_ESM_4.5,4.5,Y
2075,4,2.67206001,MIROC_ESM_4.5,4.5,Y
2076,4,3.93380547,MIROC_ESM_4.5,4.5,Y
2077,4,2.96562386,MIROC_ESM_4.5,4.5,Y
2078,4,2.86768627,MIROC_ESM_4.5,4.5,Y
2079,4,1.04609776,MIROC_ESM_4.5,4.5,Y
2080,4,1.96529961,MIROC_ESM_4.5,4.5,Y
2081,4,3.02373314,MIROC_ESM_4.5,4.5,Y
2082,4,2.47855186,MIROC_ESM_4.5,4.5,Y
2083,4,2.0046339,MIROC_ESM_4.5,4.5,Y
2084,4,2.1766758,MIROC_ESM_4.5,4.5,Y
2085,4,1.94440174,MIROC_ESM_4.5,4.5,Y
2086,4,1.48660374,MIROC_ESM_4.5,4.5,Y
2087,4,3.85805321,MIROC_ESM_4.5,4.5,Y
2088,4,1.34248161,MIROC_ESM_4.5,4.5,Y
2089,4,2.91160679,MIROC_ESM_4.5,4.5,Y
2090,4,3.40130901,MIROC_ESM_4.5,4.5,Y
2091,4,2.83106422,MIROC_ESM_4.5,4.5,Y
2092,4,2.82178879,MIROC_ESM_4.5,4.5,Y
2093,4,3.74385643,MIROC_ESM_4.5,4.5,Y
2094,4,2.28267479,MIROC_ESM_4.5,4.5,Y
2095,4,2.75256252,MIROC_ESM_4.5,4.5,Y
2096,4,2.75295067,MIROC_ESM_4.5,4.5,Y
2097,4,3.28289032,MIROC_ESM_4.5,4.5,Y
2098,4,5.17848492,MIROC_ESM_4.5,4.5,Y
2099,4,4.36563396,MIROC_ESM_4.5,4.5,Y
2020,4,0.39338398,CESM1_CAM5_4.5,4.5,N
2021,4,0.23348427,CESM1_CAM5_4.5,4.5,N
2022,4,-0.20584774,CESM1_CAM5_4.5,4.5,N
2023,4,-1.0488224,CESM1_CAM5_4.5,4.5,N
2024,4,0.83394909,CESM1_CAM5_4.5,4.5,N
2025,4,0.7793951,CESM1_CAM5_4.5,4.5,N
2026,4,-0.84821796,CESM1_CAM5_4.5,4.5,N
2027,4,-0.30541992,CESM1_CAM5_4.5,4.5,N
2028,4,0.09322166,CESM1_CAM5_4.5,4.5,N
2029,4,1.01175499,CESM1_CAM5_4.5,4.5,N
2030,4,0.64132881,CESM1_CAM5_4.5,4.5,N
2031,4,0.79424763,CESM1_CAM5_4.5,4.5,N
2032,4,0.50083542,CESM1_CAM5_4.5,4.5,N
2033,4,1.42321205,CESM1_CAM5_4.5,4.5,N
2034,4,0.93833256,CESM1_CAM5_4.5,4.5,N
2035,4,0.82291794,CESM1_CAM5_4.5,4.5,N
2036,4,0.47120953,CESM1_CAM5_4.5,4.5,N
2037,4,1.00840092,CESM1_CAM5_4.5,4.5,N
2038,4,1.60694122,CESM1_CAM5_4.5,4.5,N
2039,4,0.1893158,CESM1_CAM5_4.5,4.5,N
2040,4,1.60499859,CESM1_CAM5_4.5,4.5,N
2041,4,0.34388542,CESM1_CAM5_4.5,4.5,N
2042,4,-0.83338261,CESM1_CAM5_4.5,4.5,N
2043,4,0.49472713,CESM1_CAM5_4.5,4.5,N
2044,4,1.42378616,CESM1_CAM5_4.5,4.5,N
2045,4,0.24551868,CESM1_CAM5_4.5,4.5,N
2046,4,0.88849449,CESM1_CAM5_4.5,4.5,N
2047,4,0.25739956,CESM1_CAM5_4.5,4.5,N
2048,4,0.28974724,CESM1_CAM5_4.5,4.5,N
2049,4,0.11102867,CESM1_CAM5_4.5,4.5,N
2050,4,2.48474026,CESM1_CAM5_4.5,4.5,N
2051,4,1.75274944,CESM1_CAM5_4.5,4.5,N
2052,4,1.64755821,CESM1_CAM5_4.5,4.5,N
2053,4,1.20185566,CESM1_CAM5_4.5,4.5,N
2054,4,3.18933487,CESM1_CAM5_4.5,4.5,N
2055,4,2.55010128,CESM1_CAM5_4.5,4.5,N
2056,4,1.71164131,CESM1_CAM5_4.5,4.5,N
2057,4,1.4003315,CESM1_CAM5_4.5,4.5,N
2058,4,2.02739525,CESM1_CAM5_4.5,4.5,N
2059,4,2.28510666,CESM1_CAM5_4.5,4.5,N
2060,4,2.13346863,CESM1_CAM5_4.5,4.5,N
2061,4,0.97025967,CESM1_CAM5_4.5,4.5,N
2062,4,0.45109367,CESM1_CAM5_4.5,4.5,N
2063,4,0.22953796,CESM1_CAM5_4.5,4.5,N
2064,4,2.59916401,CESM1_CAM5_4.5,4.5,N
2065,4,1.29334927,CESM1_CAM5_4.5,4.5,N
2066,4,2.37984562,CESM1_CAM5_4.5,4.5,N
2067,4,3.28460312,CESM1_CAM5_4.5,4.5,N
2068,4,2.88073349,CESM1_CAM5_4.5,4.5,N
2069,4,2.49640179,CESM1_CAM5_4.5,4.5,N
2070,4,1.98904228,CESM1_CAM5_4.5,4.5,N
2071,4,0.07256413,CESM1_CAM5_4.5,4.5,N
2072,4,1.74481869,CESM1_CAM5_4.5,4.5,N
2073,4,2.84679317,CESM1_CAM5_4.5,4.5,N
2074,4,1.69796467,CESM1_CAM5_4.5,4.5,N
2075,4,2.12521648,CESM1_CAM5_4.5,4.5,N
2076,4,2.6506958,CESM1_CAM5_4.5,4.5,N
2077,4,1.8376503,CESM1_CAM5_4.5,4.5,N
2078,4,0.87495232,CESM1_CAM5_4.5,4.5,N
2079,4,1.15520763,CESM1_CAM5_4.5,4.5,N
2080,4,1.00125408,CESM1_CAM5_4.5,4.5,N
2081,4,1.84784222,CESM1_CAM5_4.5,4.5,N
2082,4,2.87266731,CESM1_CAM5_4.5,4.5,N
2083,4,1.08835697,CESM1_CAM5_4.5,4.5,N
2084,4,1.43134212,CESM1_CAM5_4.5,4.5,N
2085,4,3.25314999,CESM1_CAM5_4.5,4.5,N
2086,4,2.68969154,CESM1_CAM5_4.5,4.5,N
2087,4,2.22269058,CESM1_CAM5_4.5,4.5,N
2088,4,2.91223049,CESM1_CAM5_4.5,4.5,N
2089,4,3.20608139,CESM1_CAM5_4.5,4.5,N
2090,4,3.31852818,CESM1_CAM5_4.5,4.5,N
2091,4,1.54707146,CESM1_CAM5_4.5,4.5,N
2092,4,1.70475674,CESM1_CAM5_4.5,4.5,N
2093,4,3.33093262,CESM1_CAM5_4.5,4.5,N
2094,4,1.5565443,CESM1_CAM5_4.5,4.5,N
2095,4,2.59423733,CESM1_CAM5_4.5,4.5,N
2096,4,2.79243279,CESM1_CAM5_4.5,4.5,N
2097,4,1.80031013,CESM1_CAM5_4.5,4.5,N
2098,4,1.99455738,CESM1_CAM5_4.5,4.5,N
2099,4,1.81457424,CESM1_CAM5_4.5,4.5,N
2020,4,0.369989395,MIROC5_4.5,4.5,Y
2021,4,1.466173172,MIROC5_4.5,4.5,Y
2022,4,0.696782112,MIROC5_4.5,4.5,Y
2023,4,-0.13862133,MIROC5_4.5,4.5,Y
2024,4,-0.404587746,MIROC5_4.5,4.5,Y
2025,4,-0.433215141,MIROC5_4.5,4.5,Y
2026,4,1.32908535,MIROC5_4.5,4.5,Y
2027,4,1.361051559,MIROC5_4.5,4.5,Y
2028,4,0.616074562,MIROC5_4.5,4.5,Y
2029,4,-0.164243698,MIROC5_4.5,4.5,Y
2030,4,0.277945518,MIROC5_4.5,4.5,Y
2031,4,1.11312294,MIROC5_4.5,4.5,Y
2032,4,0.856693268,MIROC5_4.5,4.5,Y
2033,4,1.684734344,MIROC5_4.5,4.5,Y
2034,4,0.655126572,MIROC5_4.5,4.5,Y
2035,4,-0.181689262,MIROC5_4.5,4.5,Y
2036,4,-0.014554024,MIROC5_4.5,4.5,Y
2037,4,1.589492798,MIROC5_4.5,4.5,Y
2038,4,0.746797562,MIROC5_4.5,4.5,Y
2039,4,1.535741806,MIROC5_4.5,4.5,Y
2040,4,-0.550837517,MIROC5_4.5,4.5,Y
2041,4,-0.296969414,MIROC5_4.5,4.5,Y
2042,4,0.711544991,MIROC5_4.5,4.5,Y
2043,4,0.912462234,MIROC5_4.5,4.5,Y
2044,4,1.155162811,MIROC5_4.5,4.5,Y
2045,4,-0.142058372,MIROC5_4.5,4.5,Y
2046,4,0.2970438,MIROC5_4.5,4.5,Y
2047,4,1.217267036,MIROC5_4.5,4.5,Y
2048,4,1.289658546,MIROC5_4.5,4.5,Y
2049,4,1.798735619,MIROC5_4.5,4.5,Y
2050,4,0.181290627,MIROC5_4.5,4.5,Y
2051,4,-0.013593674,MIROC5_4.5,4.5,Y
2052,4,0.753808022,MIROC5_4.5,4.5,Y
2053,4,0.840845108,MIROC5_4.5,4.5,Y
2054,4,2.007741928,MIROC5_4.5,4.5,Y
2055,4,1.337743759,MIROC5_4.5,4.5,Y
2056,4,0.875624657,MIROC5_4.5,4.5,Y
2057,4,-0.471047401,MIROC5_4.5,4.5,Y
2058,4,-0.099938393,MIROC5_4.5,4.5,Y
2059,4,0.385923386,MIROC5_4.5,4.5,Y
2060,4,2.332317352,MIROC5_4.5,4.5,Y
2061,4,1.114624977,MIROC5_4.5,4.5,Y
2062,4,-0.180678368,MIROC5_4.5,4.5,Y
2063,4,0.008090973,MIROC5_4.5,4.5,Y
2064,4,0.722073555,MIROC5_4.5,4.5,Y
2065,4,2.089447975,MIROC5_4.5,4.5,Y
2066,4,1.580958366,MIROC5_4.5,4.5,Y
2067,4,-0.01709938,MIROC5_4.5,4.5,Y
2068,4,0.480547905,MIROC5_4.5,4.5,Y
2069,4,0.676275253,MIROC5_4.5,4.5,Y
2070,4,2.125575066,MIROC5_4.5,4.5,Y
2071,4,2.694848061,MIROC5_4.5,4.5,Y
2072,4,1.364292145,MIROC5_4.5,4.5,Y
2073,4,1.337871552,MIROC5_4.5,4.5,Y
2074,4,0.157917976,MIROC5_4.5,4.5,Y
2075,4,0.072927475,MIROC5_4.5,4.5,Y
2076,4,1.442421913,MIROC5_4.5,4.5,Y
2077,4,0.497784615,MIROC5_4.5,4.5,Y
2078,4,2.163755417,MIROC5_4.5,4.5,Y
2079,4,1.527812958,MIROC5_4.5,4.5,Y
2080,4,1.890262604,MIROC5_4.5,4.5,Y
2081,4,0.249990463,MIROC5_4.5,4.5,Y
2082,4,0.464262009,MIROC5_4.5,4.5,Y
2083,4,0.392897606,MIROC5_4.5,4.5,Y
2084,4,2.820427895,MIROC5_4.5,4.5,Y
2085,4,1.256367683,MIROC5_4.5,4.5,Y
2086,4,1.076115608,MIROC5_4.5,4.5,Y
2087,4,0.551288605,MIROC5_4.5,4.5,Y
2088,4,0.925557137,MIROC5_4.5,4.5,Y
2089,4,2.89191246,MIROC5_4.5,4.5,Y
2090,4,2.173600197,MIROC5_4.5,4.5,Y
2091,4,0.474928856,MIROC5_4.5,4.5,Y
2092,4,1.121271133,MIROC5_4.5,4.5,Y
2093,4,1.182954788,MIROC5_4.5,4.5,Y
2094,4,1.740327835,MIROC5_4.5,4.5,Y
2095,4,2.399939537,MIROC5_4.5,4.5,Y
2096,4,2.08761692,MIROC5_4.5,4.5,Y
2097,4,2.222533226,MIROC5_4.5,4.5,Y
2098,4,1.615098,MIROC5_4.5,4.5,Y
2099,4,2.253930092,MIROC5_4.5,4.5,Y
2020,4,0.12211418,CMCC_CM_4.5,4.5,N
2021,4,0.44885445,CMCC_CM_4.5,4.5,N
2022,4,1.89101315,CMCC_CM_4.5,4.5,N
2023,4,0.93357468,CMCC_CM_4.5,4.5,N
2024,4,0.97504997,CMCC_CM_4.5,4.5,N
2025,4,0.10514641,CMCC_CM_4.5,4.5,N
2026,4,0.40969467,CMCC_CM_4.5,4.5,N
2027,4,-0.20785046,CMCC_CM_4.5,4.5,N
2028,4,0.68418694,CMCC_CM_4.5,4.5,N
2029,4,-0.440979,CMCC_CM_4.5,4.5,N
2030,4,0.12211418,CMCC_CM_4.5,4.5,N
2031,4,0.03511524,CMCC_CM_4.5,4.5,N
2032,4,-0.73348427,CMCC_CM_4.5,4.5,N
2033,4,-0.17065334,CMCC_CM_4.5,4.5,N
2034,4,0.45643425,CMCC_CM_4.5,4.5,N
2035,4,1.31487179,CMCC_CM_4.5,4.5,N
2036,4,0.41101646,CMCC_CM_4.5,4.5,N
2037,4,0.0825491,CMCC_CM_4.5,4.5,N
2038,4,0.75218296,CMCC_CM_4.5,4.5,N
2039,4,0.8912077,CMCC_CM_4.5,4.5,N
2040,4,0.93788052,CMCC_CM_4.5,4.5,N
2041,4,0.47335625,CMCC_CM_4.5,4.5,N
2042,4,1.26561642,CMCC_CM_4.5,4.5,N
2043,4,0.41500854,CMCC_CM_4.5,4.5,N
2044,4,1.31660461,CMCC_CM_4.5,4.5,N
2045,4,0.91445827,CMCC_CM_4.5,4.5,N
2046,4,0.42914867,CMCC_CM_4.5,4.5,N
2047,4,0.45740891,CMCC_CM_4.5,4.5,N
2048,4,1.89523029,CMCC_CM_4.5,4.5,N
2049,4,1.50621128,CMCC_CM_4.5,4.5,N
2050,4,-0.29118919,CMCC_CM_4.5,4.5,N
2051,4,-0.3720541,CMCC_CM_4.5,4.5,N
2052,4,0.8500042,CMCC_CM_4.5,4.5,N
2053,4,0.9169693,CMCC_CM_4.5,4.5,N
2054,4,1.0156002,CMCC_CM_4.5,4.5,N
2055,4,1.45978451,CMCC_CM_4.5,4.5,N
2056,4,-0.14537334,CMCC_CM_4.5,4.5,N
2057,4,0.98558617,CMCC_CM_4.5,4.5,N
2058,4,0.97644806,CMCC_CM_4.5,4.5,N
2059,4,2.1223793,CMCC_CM_4.5,4.5,N
2060,4,1.44189739,CMCC_CM_4.5,4.5,N
2061,4,1.09861183,CMCC_CM_4.5,4.5,N
2062,4,1.89014816,CMCC_CM_4.5,4.5,N
2063,4,1.43596554,CMCC_CM_4.5,4.5,N
2064,4,1.9498806,CMCC_CM_4.5,4.5,N
2065,4,0.65263176,CMCC_CM_4.5,4.5,N
2066,4,0.12980843,CMCC_CM_4.5,4.5,N
2067,4,0.8907547,CMCC_CM_4.5,4.5,N
2068,4,0.88444614,CMCC_CM_4.5,4.5,N
2069,4,1.58521366,CMCC_CM_4.5,4.5,N
2070,4,0.93571949,CMCC_CM_4.5,4.5,N
2071,4,2.23785114,CMCC_CM_4.5,4.5,N
2072,4,1.77420521,CMCC_CM_4.5,4.5,N
2073,4,1.65927696,CMCC_CM_4.5,4.5,N
2074,4,1.09827137,CMCC_CM_4.5,4.5,N
2075,4,1.22057629,CMCC_CM_4.5,4.5,N
2076,4,2.53412342,CMCC_CM_4.5,4.5,N
2077,4,1.66483688,CMCC_CM_4.5,4.5,N
2078,4,1.30675697,CMCC_CM_4.5,4.5,N
2079,4,1.73066139,CMCC_CM_4.5,4.5,N
2080,4,0.82602406,CMCC_CM_4.5,4.5,N
2081,4,0.73580265,CMCC_CM_4.5,4.5,N
2082,4,1.7047987,CMCC_CM_4.5,4.5,N
2083,4,0.94458294,CMCC_CM_4.5,4.5,N
2084,4,2.0157156,CMCC_CM_4.5,4.5,N
2085,4,1.56334782,CMCC_CM_4.5,4.5,N
2086,4,2.66238117,CMCC_CM_4.5,4.5,N
2087,4,2.10579109,CMCC_CM_4.5,4.5,N
2088,4,2.60845947,CMCC_CM_4.5,4.5,N
2089,4,2.63641644,CMCC_CM_4.5,4.5,N
2090,4,2.34961033,CMCC_CM_4.5,4.5,N
2091,4,2.11792755,CMCC_CM_4.5,4.5,N
2092,4,1.67750072,CMCC_CM_4.5,4.5,N
2093,4,1.29814434,CMCC_CM_4.5,4.5,N
2094,4,1.79405689,CMCC_CM_4.5,4.5,N
2095,4,1.81654263,CMCC_CM_4.5,4.5,N
2096,4,1.38746166,CMCC_CM_4.5,4.5,N
2097,4,1.19699955,CMCC_CM_4.5,4.5,N
2098,4,1.31616497,CMCC_CM_4.5,4.5,N
2099,4,1.23089981,CMCC_CM_4.5,4.5,N
2020,4,0.21264839,GFDL_ESM2G_4.5,4.5,N
2021,4,1.60171413,GFDL_ESM2G_4.5,4.5,N
2022,4,0.32901573,GFDL_ESM2G_4.5,4.5,N
2023,4,2.24241161,GFDL_ESM2G_4.5,4.5,N
2024,4,1.33397102,GFDL_ESM2G_4.5,4.5,N
2025,4,0.86524105,GFDL_ESM2G_4.5,4.5,N
2026,4,-0.90012646,GFDL_ESM2G_4.5,4.5,N
2027,4,0.86725616,GFDL_ESM2G_4.5,4.5,N
2028,4,0.11063862,GFDL_ESM2G_4.5,4.5,N
2029,4,1.65385723,GFDL_ESM2G_4.5,4.5,N
2030,4,1.48156166,GFDL_ESM2G_4.5,4.5,N
2031,4,1.3930521,GFDL_ESM2G_4.5,4.5,N
2032,4,1.39155197,GFDL_ESM2G_4.5,4.5,N
2033,4,-0.13617897,GFDL_ESM2G_4.5,4.5,N
2034,4,-1.07089233,GFDL_ESM2G_4.5,4.5,N
2035,4,1.81685066,GFDL_ESM2G_4.5,4.5,N
2036,4,1.74292278,GFDL_ESM2G_4.5,4.5,N
2037,4,0.59649086,GFDL_ESM2G_4.5,4.5,N
2038,4,0.84331322,GFDL_ESM2G_4.5,4.5,N
2039,4,0.15159798,GFDL_ESM2G_4.5,4.5,N
2040,4,1.04917145,GFDL_ESM2G_4.5,4.5,N
2041,4,1.16287899,GFDL_ESM2G_4.5,4.5,N
2042,4,0.91696358,GFDL_ESM2G_4.5,4.5,N
2043,4,-0.02788258,GFDL_ESM2G_4.5,4.5,N
2044,4,1.56061077,GFDL_ESM2G_4.5,4.5,N
2045,4,-0.09094429,GFDL_ESM2G_4.5,4.5,N
2046,4,0.84155178,GFDL_ESM2G_4.5,4.5,N
2047,4,2.83876896,GFDL_ESM2G_4.5,4.5,N
2048,4,1.21741581,GFDL_ESM2G_4.5,4.5,N
2049,4,0.97698975,GFDL_ESM2G_4.5,4.5,N
2050,4,1.43439484,GFDL_ESM2G_4.5,4.5,N
2051,4,2.05356979,GFDL_ESM2G_4.5,4.5,N
2052,4,1.56809425,GFDL_ESM2G_4.5,4.5,N
2053,4,2.22492981,GFDL_ESM2G_4.5,4.5,N
2054,4,1.85590076,GFDL_ESM2G_4.5,4.5,N
2055,4,1.7938385,GFDL_ESM2G_4.5,4.5,N
2056,4,1.71840286,GFDL_ESM2G_4.5,4.5,N
2057,4,1.09084702,GFDL_ESM2G_4.5,4.5,N
2058,4,2.0051136,GFDL_ESM2G_4.5,4.5,N
2059,4,1.67642498,GFDL_ESM2G_4.5,4.5,N
2060,4,1.67251968,GFDL_ESM2G_4.5,4.5,N
2061,4,1.58119011,GFDL_ESM2G_4.5,4.5,N
2062,4,0.48738003,GFDL_ESM2G_4.5,4.5,N
2063,4,0.19265175,GFDL_ESM2G_4.5,4.5,N
2064,4,3.8038044,GFDL_ESM2G_4.5,4.5,N
2065,4,2.15995216,GFDL_ESM2G_4.5,4.5,N
2066,4,2.92146683,GFDL_ESM2G_4.5,4.5,N
2067,4,3.82990456,GFDL_ESM2G_4.5,4.5,N
2068,4,2.56994915,GFDL_ESM2G_4.5,4.5,N
2069,4,1.33073425,GFDL_ESM2G_4.5,4.5,N
2070,4,1.16483402,GFDL_ESM2G_4.5,4.5,N
2071,4,0.27833557,GFDL_ESM2G_4.5,4.5,N
2072,4,2.32085609,GFDL_ESM2G_4.5,4.5,N
2073,4,2.04242611,GFDL_ESM2G_4.5,4.5,N
2074,4,1.64303589,GFDL_ESM2G_4.5,4.5,N
2075,4,2.74435043,GFDL_ESM2G_4.5,4.5,N
2076,4,0.92047787,GFDL_ESM2G_4.5,4.5,N
2077,4,4.18536758,GFDL_ESM2G_4.5,4.5,N
2078,4,3.30912399,GFDL_ESM2G_4.5,4.5,N
2079,4,1.88570404,GFDL_ESM2G_4.5,4.5,N
2080,4,1.72015762,GFDL_ESM2G_4.5,4.5,N
2081,4,-0.06451797,GFDL_ESM2G_4.5,4.5,N
2082,4,-0.22416401,GFDL_ESM2G_4.5,4.5,N
2083,4,1.41334629,GFDL_ESM2G_4.5,4.5,N
2084,4,1.1669035,GFDL_ESM2G_4.5,4.5,N
2085,4,1.0289278,GFDL_ESM2G_4.5,4.5,N
2086,4,1.62874985,GFDL_ESM2G_4.5,4.5,N
2087,4,1.40607166,GFDL_ESM2G_4.5,4.5,N
2088,4,1.61385822,GFDL_ESM2G_4.5,4.5,N
2089,4,2.86993694,GFDL_ESM2G_4.5,4.5,N
2090,4,4.22854328,GFDL_ESM2G_4.5,4.5,N
2091,4,0.75248337,GFDL_ESM2G_4.5,4.5,N
2092,4,1.02490807,GFDL_ESM2G_4.5,4.5,N
2093,4,1.90416241,GFDL_ESM2G_4.5,4.5,N
2094,4,3.24330521,GFDL_ESM2G_4.5,4.5,N
2095,4,2.68356228,GFDL_ESM2G_4.5,4.5,N
2096,4,1.59731102,GFDL_ESM2G_4.5,4.5,N
2097,4,1.53685856,GFDL_ESM2G_4.5,4.5,N
2098,4,2.30383205,GFDL_ESM2G_4.5,4.5,N
2099,4,3.26920128,GFDL_ESM2G_4.5,4.5,N
2020,4,1.0944586,HadGEM2_ES_4.5,4.5,Y
2021,4,0.9696817,HadGEM2_ES_4.5,4.5,Y
2022,4,1.1298876,HadGEM2_ES_4.5,4.5,Y
2023,4,1.6050367,HadGEM2_ES_4.5,4.5,Y
2024,4,0.7487926,HadGEM2_ES_4.5,4.5,Y
2025,4,0.7260199,HadGEM2_ES_4.5,4.5,Y
2026,4,0.8551931,HadGEM2_ES_4.5,4.5,Y
2027,4,1.2715893,HadGEM2_ES_4.5,4.5,Y
2028,4,0.6033659,HadGEM2_ES_4.5,4.5,Y
2029,4,0.9310255,HadGEM2_ES_4.5,4.5,Y
2030,4,0.5065594,HadGEM2_ES_4.5,4.5,Y
2031,4,1.5321207,HadGEM2_ES_4.5,4.5,Y
2032,4,1.8258171,HadGEM2_ES_4.5,4.5,Y
2033,4,1.0666523,HadGEM2_ES_4.5,4.5,Y
2034,4,1.9192524,HadGEM2_ES_4.5,4.5,Y
2035,4,1.0878325,HadGEM2_ES_4.5,4.5,Y
2036,4,0.5746288,HadGEM2_ES_4.5,4.5,Y
2037,4,1.4611578,HadGEM2_ES_4.5,4.5,Y
2038,4,0.9342175,HadGEM2_ES_4.5,4.5,Y
2039,4,0.8907585,HadGEM2_ES_4.5,4.5,Y
2040,4,0.1470203,HadGEM2_ES_4.5,4.5,Y
2041,4,1.5565882,HadGEM2_ES_4.5,4.5,Y
2042,4,-0.1209936,HadGEM2_ES_4.5,4.5,Y
2043,4,1.7107563,HadGEM2_ES_4.5,4.5,Y
2044,4,2.000948,HadGEM2_ES_4.5,4.5,Y
2045,4,2.1442661,HadGEM2_ES_4.5,4.5,Y
2046,4,2.4575863,HadGEM2_ES_4.5,4.5,Y
2047,4,2.6575155,HadGEM2_ES_4.5,4.5,Y
2048,4,2.5130281,HadGEM2_ES_4.5,4.5,Y
2049,4,1.9234619,HadGEM2_ES_4.5,4.5,Y
2050,4,2.0199442,HadGEM2_ES_4.5,4.5,Y
2051,4,0.9263124,HadGEM2_ES_4.5,4.5,Y
2052,4,2.0223436,HadGEM2_ES_4.5,4.5,Y
2053,4,1.7983952,HadGEM2_ES_4.5,4.5,Y
2054,4,1.7774115,HadGEM2_ES_4.5,4.5,Y
2055,4,2.3691702,HadGEM2_ES_4.5,4.5,Y
2056,4,2.1754093,HadGEM2_ES_4.5,4.5,Y
2057,4,1.9920893,HadGEM2_ES_4.5,4.5,Y
2058,4,2.9284754,HadGEM2_ES_4.5,4.5,Y
2059,4,2.2136106,HadGEM2_ES_4.5,4.5,Y
2060,4,1.2727079,HadGEM2_ES_4.5,4.5,Y
2061,4,2.6256866,HadGEM2_ES_4.5,4.5,Y
2062,4,2.7611332,HadGEM2_ES_4.5,4.5,Y
2063,4,2.0795498,HadGEM2_ES_4.5,4.5,Y
2064,4,2.5671329,HadGEM2_ES_4.5,4.5,Y
2065,4,2.2858448,HadGEM2_ES_4.5,4.5,Y
2066,4,3.1255217,HadGEM2_ES_4.5,4.5,Y
2067,4,2.4735022,HadGEM2_ES_4.5,4.5,Y
2068,4,3.092082,HadGEM2_ES_4.5,4.5,Y
2069,4,2.3451767,HadGEM2_ES_4.5,4.5,Y
2070,4,2.0945711,HadGEM2_ES_4.5,4.5,Y
2071,4,2.1210976,HadGEM2_ES_4.5,4.5,Y
2072,4,3.0582476,HadGEM2_ES_4.5,4.5,Y
2073,4,3.6347094,HadGEM2_ES_4.5,4.5,Y
2074,4,3.3982592,HadGEM2_ES_4.5,4.5,Y
2075,4,2.2787075,HadGEM2_ES_4.5,4.5,Y
2076,4,3.0232506,HadGEM2_ES_4.5,4.5,Y
2077,4,3.5444241,HadGEM2_ES_4.5,4.5,Y
2078,4,5.0730457,HadGEM2_ES_4.5,4.5,Y
2079,4,3.9165764,HadGEM2_ES_4.5,4.5,Y
2080,4,2.4068279,HadGEM2_ES_4.5,4.5,Y
2081,4,1.903059,HadGEM2_ES_4.5,4.5,Y
2082,4,2.5375223,HadGEM2_ES_4.5,4.5,Y
2083,4,2.7088203,HadGEM2_ES_4.5,4.5,Y
2084,4,3.9072981,HadGEM2_ES_4.5,4.5,Y
2085,4,3.0540218,HadGEM2_ES_4.5,4.5,Y
2086,4,2.3255968,HadGEM2_ES_4.5,4.5,Y
2087,4,2.6647482,HadGEM2_ES_4.5,4.5,Y
2088,4,2.923933,HadGEM2_ES_4.5,4.5,Y
2089,4,1.8710728,HadGEM2_ES_4.5,4.5,Y
2090,4,2.6033459,HadGEM2_ES_4.5,4.5,Y
2091,4,1.8239183,HadGEM2_ES_4.5,4.5,Y
2092,4,2.8006039,HadGEM2_ES_4.5,4.5,Y
2093,4,2.7360687,HadGEM2_ES_4.5,4.5,Y
2094,4,2.3465586,HadGEM2_ES_4.5,4.5,Y
2095,4,3.7917376,HadGEM2_ES_4.5,4.5,Y
2096,4,3.091835,HadGEM2_ES_4.5,4.5,Y
2097,4,2.9188128,HadGEM2_ES_4.5,4.5,Y
2098,4,3.077795,HadGEM2_ES_4.5,4.5,Y
2099,4,3.4646072,HadGEM2_ES_4.5,4.5,Y
2020,4,1.6647892,IPSL_CM5A_LR_4.5,4.5,N
2021,4,1.382876396,IPSL_CM5A_LR_4.5,4.5,N
2022,4,-1.580927849,IPSL_CM5A_LR_4.5,4.5,N
2023,4,0.712407112,IPSL_CM5A_LR_4.5,4.5,N
2024,4,0.568762779,IPSL_CM5A_LR_4.5,4.5,N
2025,4,2.065952301,IPSL_CM5A_LR_4.5,4.5,N
2026,4,2.43873024,IPSL_CM5A_LR_4.5,4.5,N
2027,4,0.686999321,IPSL_CM5A_LR_4.5,4.5,N
2028,4,1.276753426,IPSL_CM5A_LR_4.5,4.5,N
2029,4,0.628652573,IPSL_CM5A_LR_4.5,4.5,N
2030,4,1.772849083,IPSL_CM5A_LR_4.5,4.5,N
2031,4,0.917744637,IPSL_CM5A_LR_4.5,4.5,N
2032,4,1.855421066,IPSL_CM5A_LR_4.5,4.5,N
2033,4,0.55642128,IPSL_CM5A_LR_4.5,4.5,N
2034,4,0.785745621,IPSL_CM5A_LR_4.5,4.5,N
2035,4,1.621125221,IPSL_CM5A_LR_4.5,4.5,N
2036,4,0.792793274,IPSL_CM5A_LR_4.5,4.5,N
2037,4,0.899563789,IPSL_CM5A_LR_4.5,4.5,N
2038,4,0.414798737,IPSL_CM5A_LR_4.5,4.5,N
2039,4,0.008353233,IPSL_CM5A_LR_4.5,4.5,N
2040,4,1.064401627,IPSL_CM5A_LR_4.5,4.5,N
2041,4,1.007392883,IPSL_CM5A_LR_4.5,4.5,N
2042,4,1.455714226,IPSL_CM5A_LR_4.5,4.5,N
2043,4,2.007416725,IPSL_CM5A_LR_4.5,4.5,N
2044,4,1.180098534,IPSL_CM5A_LR_4.5,4.5,N
2045,4,2.86777401,IPSL_CM5A_LR_4.5,4.5,N
2046,4,0.270525932,IPSL_CM5A_LR_4.5,4.5,N
2047,4,3.512236595,IPSL_CM5A_LR_4.5,4.5,N
2048,4,2.272405624,IPSL_CM5A_LR_4.5,4.5,N
2049,4,2.463407516,IPSL_CM5A_LR_4.5,4.5,N
2050,4,2.721736908,IPSL_CM5A_LR_4.5,4.5,N
2051,4,1.163840294,IPSL_CM5A_LR_4.5,4.5,N
2052,4,2.777258873,IPSL_CM5A_LR_4.5,4.5,N
2053,4,3.695363045,IPSL_CM5A_LR_4.5,4.5,N
2054,4,0.18225956,IPSL_CM5A_LR_4.5,4.5,N
2055,4,2.12345314,IPSL_CM5A_LR_4.5,4.5,N
2056,4,2.127868652,IPSL_CM5A_LR_4.5,4.5,N
2057,4,-1.11493969,IPSL_CM5A_LR_4.5,4.5,N
2058,4,2.027468681,IPSL_CM5A_LR_4.5,4.5,N
2059,4,0.904675484,IPSL_CM5A_LR_4.5,4.5,N
2060,4,2.202604294,IPSL_CM5A_LR_4.5,4.5,N
2061,4,2.000626564,IPSL_CM5A_LR_4.5,4.5,N
2062,4,2.574558258,IPSL_CM5A_LR_4.5,4.5,N
2063,4,3.783600807,IPSL_CM5A_LR_4.5,4.5,N
2064,4,0.940266609,IPSL_CM5A_LR_4.5,4.5,N
2065,4,2.887015343,IPSL_CM5A_LR_4.5,4.5,N
2066,4,2.694314003,IPSL_CM5A_LR_4.5,4.5,N
2067,4,1.620094299,IPSL_CM5A_LR_4.5,4.5,N
2068,4,2.01573658,IPSL_CM5A_LR_4.5,4.5,N
2069,4,2.247084618,IPSL_CM5A_LR_4.5,4.5,N
2070,4,1.977433205,IPSL_CM5A_LR_4.5,4.5,N
2071,4,1.008176804,IPSL_CM5A_LR_4.5,4.5,N
2072,4,1.168787003,IPSL_CM5A_LR_4.5,4.5,N
2073,4,-0.074006081,IPSL_CM5A_LR_4.5,4.5,N
2074,4,2.335565567,IPSL_CM5A_LR_4.5,4.5,N
2075,4,2.347243309,IPSL_CM5A_LR_4.5,4.5,N
2076,4,3.989226341,IPSL_CM5A_LR_4.5,4.5,N
2077,4,3.557891846,IPSL_CM5A_LR_4.5,4.5,N
2078,4,3.168265343,IPSL_CM5A_LR_4.5,4.5,N
2079,4,3.474816322,IPSL_CM5A_LR_4.5,4.5,N
2080,4,3.021715164,IPSL_CM5A_LR_4.5,4.5,N
2081,4,3.198309898,IPSL_CM5A_LR_4.5,4.5,N
2082,4,2.48913765,IPSL_CM5A_LR_4.5,4.5,N
2083,4,3.504416466,IPSL_CM5A_LR_4.5,4.5,N
2084,4,1.050339699,IPSL_CM5A_LR_4.5,4.5,N
2085,4,1.344051361,IPSL_CM5A_LR_4.5,4.5,N
2086,4,1.897563934,IPSL_CM5A_LR_4.5,4.5,N
2087,4,2.071818352,IPSL_CM5A_LR_4.5,4.5,N
2088,4,1.708502769,IPSL_CM5A_LR_4.5,4.5,N
2089,4,2.002389908,IPSL_CM5A_LR_4.5,4.5,N
2090,4,1.662535667,IPSL_CM5A_LR_4.5,4.5,N
2091,4,1.540060997,IPSL_CM5A_LR_4.5,4.5,N
2092,4,3.835521698,IPSL_CM5A_LR_4.5,4.5,N
2093,4,1.62618351,IPSL_CM5A_LR_4.5,4.5,N
2094,4,1.44849968,IPSL_CM5A_LR_4.5,4.5,N
2095,4,1.250928879,IPSL_CM5A_LR_4.5,4.5,N
2096,4,1.660458565,IPSL_CM5A_LR_4.5,4.5,N
2097,4,3.790113449,IPSL_CM5A_LR_4.5,4.5,N
2098,4,2.044225693,IPSL_CM5A_LR_4.5,4.5,N
2099,4,3.895194054,IPSL_CM5A_LR_4.5,4.5,N
2020,4,1.92372608,IPSL_CM5A_MR_4.5,4.5,N
2021,4,0.56321335,IPSL_CM5A_MR_4.5,4.5,N
2022,4,0.32930183,IPSL_CM5A_MR_4.5,4.5,N
2023,4,1.06953144,IPSL_CM5A_MR_4.5,4.5,N
2024,4,2.01288128,IPSL_CM5A_MR_4.5,4.5,N
2025,4,1.16151333,IPSL_CM5A_MR_4.5,4.5,N
2026,4,0.47426891,IPSL_CM5A_MR_4.5,4.5,N
2027,4,0.3921175,IPSL_CM5A_MR_4.5,4.5,N
2028,4,1.45730019,IPSL_CM5A_MR_4.5,4.5,N
2029,4,0.5042944,IPSL_CM5A_MR_4.5,4.5,N
2030,4,1.49227715,IPSL_CM5A_MR_4.5,4.5,N
2031,4,1.8434267,IPSL_CM5A_MR_4.5,4.5,N
2032,4,-1.12997341,IPSL_CM5A_MR_4.5,4.5,N
2033,4,2.25211811,IPSL_CM5A_MR_4.5,4.5,N
2034,4,0.80598736,IPSL_CM5A_MR_4.5,4.5,N
2035,4,1.96304989,IPSL_CM5A_MR_4.5,4.5,N
2036,4,0.65894604,IPSL_CM5A_MR_4.5,4.5,N
2037,4,2.01182842,IPSL_CM5A_MR_4.5,4.5,N
2038,4,0.47346973,IPSL_CM5A_MR_4.5,4.5,N
2039,4,1.80308342,IPSL_CM5A_MR_4.5,4.5,N
2040,4,1.54901886,IPSL_CM5A_MR_4.5,4.5,N
2041,4,1.61783314,IPSL_CM5A_MR_4.5,4.5,N
2042,4,0.42742443,IPSL_CM5A_MR_4.5,4.5,N
2043,4,0.39220333,IPSL_CM5A_MR_4.5,4.5,N
2044,4,-0.05177021,IPSL_CM5A_MR_4.5,4.5,N
2045,4,2.16594124,IPSL_CM5A_MR_4.5,4.5,N
2046,4,1.76563549,IPSL_CM5A_MR_4.5,4.5,N
2047,4,1.08459091,IPSL_CM5A_MR_4.5,4.5,N
2048,4,0.0827446,IPSL_CM5A_MR_4.5,4.5,N
2049,4,1.24114704,IPSL_CM5A_MR_4.5,4.5,N
2050,4,2.93309784,IPSL_CM5A_MR_4.5,4.5,N
2051,4,1.96942425,IPSL_CM5A_MR_4.5,4.5,N
2052,4,2.13394833,IPSL_CM5A_MR_4.5,4.5,N
2053,4,0.95203972,IPSL_CM5A_MR_4.5,4.5,N
2054,4,0.1126318,IPSL_CM5A_MR_4.5,4.5,N
2055,4,1.03965378,IPSL_CM5A_MR_4.5,4.5,N
2056,4,1.02833748,IPSL_CM5A_MR_4.5,4.5,N
2057,4,1.742589,IPSL_CM5A_MR_4.5,4.5,N
2058,4,2.65159702,IPSL_CM5A_MR_4.5,4.5,N
2059,4,0.79358768,IPSL_CM5A_MR_4.5,4.5,N
2060,4,2.17260265,IPSL_CM5A_MR_4.5,4.5,N
2061,4,1.25538158,IPSL_CM5A_MR_4.5,4.5,N
2062,4,0.92140961,IPSL_CM5A_MR_4.5,4.5,N
2063,4,0.47128677,IPSL_CM5A_MR_4.5,4.5,N
2064,4,1.10277462,IPSL_CM5A_MR_4.5,4.5,N
2065,4,2.34671116,IPSL_CM5A_MR_4.5,4.5,N
2066,4,1.9401741,IPSL_CM5A_MR_4.5,4.5,N
2067,4,2.43199539,IPSL_CM5A_MR_4.5,4.5,N
2068,4,2.07095146,IPSL_CM5A_MR_4.5,4.5,N
2069,4,1.71481419,IPSL_CM5A_MR_4.5,4.5,N
2070,4,2.10020638,IPSL_CM5A_MR_4.5,4.5,N
2071,4,1.99179649,IPSL_CM5A_MR_4.5,4.5,N
2072,4,1.82804298,IPSL_CM5A_MR_4.5,4.5,N
2073,4,2.36996651,IPSL_CM5A_MR_4.5,4.5,N
2074,4,1.78833961,IPSL_CM5A_MR_4.5,4.5,N
2075,4,2.13949776,IPSL_CM5A_MR_4.5,4.5,N
2076,4,2.43755245,IPSL_CM5A_MR_4.5,4.5,N
2077,4,2.4576931,IPSL_CM5A_MR_4.5,4.5,N
2078,4,1.82058239,IPSL_CM5A_MR_4.5,4.5,N
2079,4,2.42297363,IPSL_CM5A_MR_4.5,4.5,N
2080,4,2.08646584,IPSL_CM5A_MR_4.5,4.5,N
2081,4,2.35839272,IPSL_CM5A_MR_4.5,4.5,N
2082,4,1.66190624,IPSL_CM5A_MR_4.5,4.5,N
2083,4,1.75675678,IPSL_CM5A_MR_4.5,4.5,N
2084,4,0.56071568,IPSL_CM5A_MR_4.5,4.5,N
2085,4,1.61972046,IPSL_CM5A_MR_4.5,4.5,N
2086,4,2.59108067,IPSL_CM5A_MR_4.5,4.5,N
2087,4,1.8117609,IPSL_CM5A_MR_4.5,4.5,N
2088,4,2.90699673,IPSL_CM5A_MR_4.5,4.5,N
2089,4,1.0481739,IPSL_CM5A_MR_4.5,4.5,N
2090,4,2.96856308,IPSL_CM5A_MR_4.5,4.5,N
2091,4,2.35372734,IPSL_CM5A_MR_4.5,4.5,N
2092,4,2.37048817,IPSL_CM5A_MR_4.5,4.5,N
2093,4,3.05060291,IPSL_CM5A_MR_4.5,4.5,N
2094,4,1.53148174,IPSL_CM5A_MR_4.5,4.5,N
2095,4,2.20608902,IPSL_CM5A_MR_4.5,4.5,N
2096,4,1.66985703,IPSL_CM5A_MR_4.5,4.5,N
2097,4,1.10775661,IPSL_CM5A_MR_4.5,4.5,N
2098,4,1.56247616,IPSL_CM5A_MR_4.5,4.5,N
2099,4,2.81527519,IPSL_CM5A_MR_4.5,4.5,N
2020,4,0.54209232,MPI_ESM_LR_4.5,4.5,Y
2021,4,1.66786289,MPI_ESM_LR_4.5,4.5,Y
2022,4,1.49655819,MPI_ESM_LR_4.5,4.5,Y
2023,4,-0.22593498,MPI_ESM_LR_4.5,4.5,Y
2024,4,0.70214558,MPI_ESM_LR_4.5,4.5,Y
2025,4,0.57996082,MPI_ESM_LR_4.5,4.5,Y
2026,4,1.33021545,MPI_ESM_LR_4.5,4.5,Y
2027,4,-0.02744007,MPI_ESM_LR_4.5,4.5,Y
2028,4,0.82020378,MPI_ESM_LR_4.5,4.5,Y
2029,4,0.44028759,MPI_ESM_LR_4.5,4.5,Y
2030,4,0.53969574,MPI_ESM_LR_4.5,4.5,Y
2031,4,1.56562233,MPI_ESM_LR_4.5,4.5,Y
2032,4,3.31037998,MPI_ESM_LR_4.5,4.5,Y
2033,4,2.42920208,MPI_ESM_LR_4.5,4.5,Y
2034,4,1.93187428,MPI_ESM_LR_4.5,4.5,Y
2035,4,0.51136494,MPI_ESM_LR_4.5,4.5,Y
2036,4,1.63127041,MPI_ESM_LR_4.5,4.5,Y
2037,4,1.22191429,MPI_ESM_LR_4.5,4.5,Y
2038,4,-0.50866508,MPI_ESM_LR_4.5,4.5,Y
2039,4,1.33015919,MPI_ESM_LR_4.5,4.5,Y
2040,4,0.77567005,MPI_ESM_LR_4.5,4.5,Y
2041,4,0.02717113,MPI_ESM_LR_4.5,4.5,Y
2042,4,1.49851513,MPI_ESM_LR_4.5,4.5,Y
2043,4,0.30451488,MPI_ESM_LR_4.5,4.5,Y
2044,4,2.74047375,MPI_ESM_LR_4.5,4.5,Y
2045,4,0.86782551,MPI_ESM_LR_4.5,4.5,Y
2046,4,0.78730679,MPI_ESM_LR_4.5,4.5,Y
2047,4,2.39547253,MPI_ESM_LR_4.5,4.5,Y
2048,4,0.63414574,MPI_ESM_LR_4.5,4.5,Y
2049,4,-0.0771637,MPI_ESM_LR_4.5,4.5,Y
2050,4,1.10813808,MPI_ESM_LR_4.5,4.5,Y
2051,4,2.31638527,MPI_ESM_LR_4.5,4.5,Y
2052,4,2.75329113,MPI_ESM_LR_4.5,4.5,Y
2053,4,1.72422028,MPI_ESM_LR_4.5,4.5,Y
2054,4,1.38578606,MPI_ESM_LR_4.5,4.5,Y
2055,4,1.47561646,MPI_ESM_LR_4.5,4.5,Y
2056,4,0.78849888,MPI_ESM_LR_4.5,4.5,Y
2057,4,0.63660526,MPI_ESM_LR_4.5,4.5,Y
2058,4,2.13481236,MPI_ESM_LR_4.5,4.5,Y
2059,4,2.11223602,MPI_ESM_LR_4.5,4.5,Y
2060,4,2.16666222,MPI_ESM_LR_4.5,4.5,Y
2061,4,1.5618372,MPI_ESM_LR_4.5,4.5,Y
2062,4,0.59799004,MPI_ESM_LR_4.5,4.5,Y
2063,4,2.68053436,MPI_ESM_LR_4.5,4.5,Y
2064,4,2.00261784,MPI_ESM_LR_4.5,4.5,Y
2065,4,2.0717144,MPI_ESM_LR_4.5,4.5,Y
2066,4,2.44136429,MPI_ESM_LR_4.5,4.5,Y
2067,4,0.8503437,MPI_ESM_LR_4.5,4.5,Y
2068,4,2.79750538,MPI_ESM_LR_4.5,4.5,Y
2069,4,2.14627934,MPI_ESM_LR_4.5,4.5,Y
2070,4,2.63195324,MPI_ESM_LR_4.5,4.5,Y
2071,4,0.80124855,MPI_ESM_LR_4.5,4.5,Y
2072,4,1.08142757,MPI_ESM_LR_4.5,4.5,Y
2073,4,0.16967678,MPI_ESM_LR_4.5,4.5,Y
2074,4,2.29705143,MPI_ESM_LR_4.5,4.5,Y
2075,4,-0.33767796,MPI_ESM_LR_4.5,4.5,Y
2076,4,0.86576843,MPI_ESM_LR_4.5,4.5,Y
2077,4,0.98577785,MPI_ESM_LR_4.5,4.5,Y
2078,4,1.46243286,MPI_ESM_LR_4.5,4.5,Y
2079,4,1.76926804,MPI_ESM_LR_4.5,4.5,Y
2080,4,2.85901642,MPI_ESM_LR_4.5,4.5,Y
2081,4,3.19061565,MPI_ESM_LR_4.5,4.5,Y
2082,4,2.96256256,MPI_ESM_LR_4.5,4.5,Y
2083,4,1.82085419,MPI_ESM_LR_4.5,4.5,Y
2084,4,0.61028385,MPI_ESM_LR_4.5,4.5,Y
2085,4,1.83280659,MPI_ESM_LR_4.5,4.5,Y
2086,4,1.5067625,MPI_ESM_LR_4.5,4.5,Y
2087,4,1.19713116,MPI_ESM_LR_4.5,4.5,Y
2088,4,1.28411961,MPI_ESM_LR_4.5,4.5,Y
2089,4,1.09958267,MPI_ESM_LR_4.5,4.5,Y
2090,4,1.01705456,MPI_ESM_LR_4.5,4.5,Y
2091,4,1.70742321,MPI_ESM_LR_4.5,4.5,Y
2092,4,2.01166725,MPI_ESM_LR_4.5,4.5,Y
2093,4,0.44326687,MPI_ESM_LR_4.5,4.5,Y
2094,4,0.81611061,MPI_ESM_LR_4.5,4.5,Y
2095,4,1.95981598,MPI_ESM_LR_4.5,4.5,Y
2096,4,1.74367809,MPI_ESM_LR_4.5,4.5,Y
2097,4,1.66227722,MPI_ESM_LR_4.5,4.5,Y
2098,4,1.33859921,MPI_ESM_LR_4.5,4.5,Y
2099,4,0.10590935,MPI_ESM_LR_4.5,4.5,Y
2020,4,0.81568909,MPI_ESM_MR_4.5,4.5,Y
2021,4,0.52005959,MPI_ESM_MR_4.5,4.5,Y
2022,4,0.77149391,MPI_ESM_MR_4.5,4.5,Y
2023,4,1.056283,MPI_ESM_MR_4.5,4.5,Y
2024,4,0.63633442,MPI_ESM_MR_4.5,4.5,Y
2025,4,1.00973225,MPI_ESM_MR_4.5,4.5,Y
2026,4,1.47775364,MPI_ESM_MR_4.5,4.5,Y
2027,4,1.12147236,MPI_ESM_MR_4.5,4.5,Y
2028,4,1.73259735,MPI_ESM_MR_4.5,4.5,Y
2029,4,-0.20135307,MPI_ESM_MR_4.5,4.5,Y
2030,4,1.92679214,MPI_ESM_MR_4.5,4.5,Y
2031,4,0.42267609,MPI_ESM_MR_4.5,4.5,Y
2032,4,0.63093758,MPI_ESM_MR_4.5,4.5,Y
2033,4,0.24633503,MPI_ESM_MR_4.5,4.5,Y
2034,4,0.59921837,MPI_ESM_MR_4.5,4.5,Y
2035,4,-1.15529585,MPI_ESM_MR_4.5,4.5,Y
2036,4,0.47768688,MPI_ESM_MR_4.5,4.5,Y
2037,4,-0.0400362,MPI_ESM_MR_4.5,4.5,Y
2038,4,0.66807079,MPI_ESM_MR_4.5,4.5,Y
2039,4,1.20513535,MPI_ESM_MR_4.5,4.5,Y
2040,4,1.13918304,MPI_ESM_MR_4.5,4.5,Y
2041,4,1.8703022,MPI_ESM_MR_4.5,4.5,Y
2042,4,2.26743221,MPI_ESM_MR_4.5,4.5,Y
2043,4,2.46768284,MPI_ESM_MR_4.5,4.5,Y
2044,4,0.32230663,MPI_ESM_MR_4.5,4.5,Y
2045,4,0.14622593,MPI_ESM_MR_4.5,4.5,Y
2046,4,1.00464058,MPI_ESM_MR_4.5,4.5,Y
2047,4,0.9420414,MPI_ESM_MR_4.5,4.5,Y
2048,4,1.90471268,MPI_ESM_MR_4.5,4.5,Y
2049,4,1.3401947,MPI_ESM_MR_4.5,4.5,Y
2050,4,1.93896675,MPI_ESM_MR_4.5,4.5,Y
2051,4,2.1588316,MPI_ESM_MR_4.5,4.5,Y
2052,4,1.70331955,MPI_ESM_MR_4.5,4.5,Y
2053,4,0.55052662,MPI_ESM_MR_4.5,4.5,Y
2054,4,1.22182941,MPI_ESM_MR_4.5,4.5,Y
2055,4,1.18430901,MPI_ESM_MR_4.5,4.5,Y
2056,4,1.97280407,MPI_ESM_MR_4.5,4.5,Y
2057,4,0.89746666,MPI_ESM_MR_4.5,4.5,Y
2058,4,1.31582642,MPI_ESM_MR_4.5,4.5,Y
2059,4,1.10096741,MPI_ESM_MR_4.5,4.5,Y
2060,4,1.87782764,MPI_ESM_MR_4.5,4.5,Y
2061,4,2.66957569,MPI_ESM_MR_4.5,4.5,Y
2062,4,1.91380978,MPI_ESM_MR_4.5,4.5,Y
2063,4,2.29203129,MPI_ESM_MR_4.5,4.5,Y
2064,4,0.72725677,MPI_ESM_MR_4.5,4.5,Y
2065,4,3.21412945,MPI_ESM_MR_4.5,4.5,Y
2066,4,1.83783817,MPI_ESM_MR_4.5,4.5,Y
2067,4,2.5865612,MPI_ESM_MR_4.5,4.5,Y
2068,4,1.77330494,MPI_ESM_MR_4.5,4.5,Y
2069,4,2.33689213,MPI_ESM_MR_4.5,4.5,Y
2070,4,1.22576618,MPI_ESM_MR_4.5,4.5,Y
2071,4,0.79517078,MPI_ESM_MR_4.5,4.5,Y
2072,4,0.28774834,MPI_ESM_MR_4.5,4.5,Y
2073,4,1.77419376,MPI_ESM_MR_4.5,4.5,Y
2074,4,1.397048,MPI_ESM_MR_4.5,4.5,Y
2075,4,1.18698692,MPI_ESM_MR_4.5,4.5,Y
2076,4,0.83797646,MPI_ESM_MR_4.5,4.5,Y
2077,4,2.1894207,MPI_ESM_MR_4.5,4.5,Y
2078,4,3.90874386,MPI_ESM_MR_4.5,4.5,Y
2079,4,0.08230591,MPI_ESM_MR_4.5,4.5,Y
2080,4,-0.04864216,MPI_ESM_MR_4.5,4.5,Y
2081,4,1.18598747,MPI_ESM_MR_4.5,4.5,Y
2082,4,1.76804256,MPI_ESM_MR_4.5,4.5,Y
2083,4,1.84531879,MPI_ESM_MR_4.5,4.5,Y
2084,4,2.00655746,MPI_ESM_MR_4.5,4.5,Y
2085,4,2.82361507,MPI_ESM_MR_4.5,4.5,Y
2086,4,1.6181221,MPI_ESM_MR_4.5,4.5,Y
2087,4,2.25366592,MPI_ESM_MR_4.5,4.5,Y
2088,4,1.4953537,MPI_ESM_MR_4.5,4.5,Y
2089,4,2.1418829,MPI_ESM_MR_4.5,4.5,Y
2090,4,2.02040291,MPI_ESM_MR_4.5,4.5,Y
2091,4,0.79510498,MPI_ESM_MR_4.5,4.5,Y
2092,4,2.39517212,MPI_ESM_MR_4.5,4.5,Y
2093,4,1.54547691,MPI_ESM_MR_4.5,4.5,Y
2094,4,1.36122608,MPI_ESM_MR_4.5,4.5,Y
2095,4,1.9969759,MPI_ESM_MR_4.5,4.5,Y
2096,4,2.5940752,MPI_ESM_MR_4.5,4.5,Y
2097,4,1.32257462,MPI_ESM_MR_4.5,4.5,Y
2098,4,3.53533936,MPI_ESM_MR_4.5,4.5,Y
2099,4,1.78947926,MPI_ESM_MR_4.5,4.5,Y
2020,4,0.11560154,NORESM1_ME_4.5,4.5,N
2021,4,-0.243041039,NORESM1_ME_4.5,4.5,N
2022,4,-0.001531601,NORESM1_ME_4.5,4.5,N
2023,4,0.164634705,NORESM1_ME_4.5,4.5,N
2024,4,1.61606884,NORESM1_ME_4.5,4.5,N
2025,4,1.106084824,NORESM1_ME_4.5,4.5,N
2026,4,-0.152442932,NORESM1_ME_4.5,4.5,N
2027,4,-0.094619751,NORESM1_ME_4.5,4.5,N
2028,4,2.090504646,NORESM1_ME_4.5,4.5,N
2029,4,0.934398651,NORESM1_ME_4.5,4.5,N
2030,4,1.186672211,NORESM1_ME_4.5,4.5,N
2031,4,0.259034157,NORESM1_ME_4.5,4.5,N
2032,4,-0.027047157,NORESM1_ME_4.5,4.5,N
2033,4,0.145880699,NORESM1_ME_4.5,4.5,N
2034,4,0.265148163,NORESM1_ME_4.5,4.5,N
2035,4,-0.357546806,NORESM1_ME_4.5,4.5,N
2036,4,1.448747635,NORESM1_ME_4.5,4.5,N
2037,4,0.524094582,NORESM1_ME_4.5,4.5,N
2038,4,1.411565781,NORESM1_ME_4.5,4.5,N
2039,4,1.116474152,NORESM1_ME_4.5,4.5,N
2040,4,1.55505085,NORESM1_ME_4.5,4.5,N
2041,4,1.049882889,NORESM1_ME_4.5,4.5,N
2042,4,-0.347578049,NORESM1_ME_4.5,4.5,N
2043,4,0.935061455,NORESM1_ME_4.5,4.5,N
2044,4,0.375053406,NORESM1_ME_4.5,4.5,N
2045,4,0.637266159,NORESM1_ME_4.5,4.5,N
2046,4,2.703751564,NORESM1_ME_4.5,4.5,N
2047,4,1.507909775,NORESM1_ME_4.5,4.5,N
2048,4,0.545262337,NORESM1_ME_4.5,4.5,N
2049,4,0.36457634,NORESM1_ME_4.5,4.5,N
2050,4,1.022075653,NORESM1_ME_4.5,4.5,N
2051,4,2.238073349,NORESM1_ME_4.5,4.5,N
2052,4,2.162672043,NORESM1_ME_4.5,4.5,N
2053,4,3.058558464,NORESM1_ME_4.5,4.5,N
2054,4,1.50679493,NORESM1_ME_4.5,4.5,N
2055,4,1.942669868,NORESM1_ME_4.5,4.5,N
2056,4,2.604453087,NORESM1_ME_4.5,4.5,N
2057,4,1.443898201,NORESM1_ME_4.5,4.5,N
2058,4,3.014450073,NORESM1_ME_4.5,4.5,N
2059,4,2.442481041,NORESM1_ME_4.5,4.5,N
2060,4,1.759483337,NORESM1_ME_4.5,4.5,N
2061,4,1.051992416,NORESM1_ME_4.5,4.5,N
2062,4,0.366769791,NORESM1_ME_4.5,4.5,N
2063,4,0.980042458,NORESM1_ME_4.5,4.5,N
2064,4,2.877073288,NORESM1_ME_4.5,4.5,N
2065,4,1.278282166,NORESM1_ME_4.5,4.5,N
2066,4,1.198600769,NORESM1_ME_4.5,4.5,N
2067,4,0.862737656,NORESM1_ME_4.5,4.5,N
2068,4,0.707425117,NORESM1_ME_4.5,4.5,N
2069,4,1.300494194,NORESM1_ME_4.5,4.5,N
2070,4,2.917750359,NORESM1_ME_4.5,4.5,N
2071,4,1.204792976,NORESM1_ME_4.5,4.5,N
2072,4,3.351415634,NORESM1_ME_4.5,4.5,N
2073,4,3.794338226,NORESM1_ME_4.5,4.5,N
2074,4,2.173921585,NORESM1_ME_4.5,4.5,N
2075,4,2.337889671,NORESM1_ME_4.5,4.5,N
2076,4,1.626047134,NORESM1_ME_4.5,4.5,N
2077,4,1.641123772,NORESM1_ME_4.5,4.5,N
2078,4,1.106502533,NORESM1_ME_4.5,4.5,N
2079,4,2.738603592,NORESM1_ME_4.5,4.5,N
2080,4,0.382948875,NORESM1_ME_4.5,4.5,N
2081,4,2.780302048,NORESM1_ME_4.5,4.5,N
2082,4,1.406849861,NORESM1_ME_4.5,4.5,N
2083,4,1.54886055,NORESM1_ME_4.5,4.5,N
2084,4,1.395350456,NORESM1_ME_4.5,4.5,N
2085,4,1.785993576,NORESM1_ME_4.5,4.5,N
2086,4,1.292019844,NORESM1_ME_4.5,4.5,N
2087,4,1.527146339,NORESM1_ME_4.5,4.5,N
2088,4,2.015933037,NORESM1_ME_4.5,4.5,N
2089,4,2.748389244,NORESM1_ME_4.5,4.5,N
2090,4,3.481306076,NORESM1_ME_4.5,4.5,N
2091,4,2.843255043,NORESM1_ME_4.5,4.5,N
2092,4,0.785268784,NORESM1_ME_4.5,4.5,N
2093,4,1.548927307,NORESM1_ME_4.5,4.5,N
2094,4,0.877017975,NORESM1_ME_4.5,4.5,N
2095,4,2.221392632,NORESM1_ME_4.5,4.5,N
2096,4,2.291871071,NORESM1_ME_4.5,4.5,N
2097,4,0.947368622,NORESM1_ME_4.5,4.5,N
2098,4,2.247247696,NORESM1_ME_4.5,4.5,N
2099,4,2.527210236,NORESM1_ME_4.5,4.5,N
